===== runner cache v1 =====
runner: scripts/actual_input_energy_and_original_mark_power_2026_09_25.py
runner_sha256: 30bcc516487bd268c089793b675cf4a39932e03f8fd2b3afc80183f711af5799
input_fingerprint_sha256: 54f912d616790c7c2956051ba6c2e70215fa1ae7cbebf9657de924dcc18e8336
timeout_sec: 120
exit_code: 0
elapsed_sec: 3.96
status: ok
----- stdout -----
                0,
                    0
                  ],
                  1
                ],
                [
                  [
                    0,
                    15,
                    15
                  ],
                  [
                    0,
                    15,
                    0
                  ],
                  1
                ],
                [
                  [
                    0,
                    15,
                    15
                  ],
                  [
                    1,
                    15,
                    15
                  ],
                  -1
                ],
                [
                  [
                    1,
                    15,
                    0
                  ],
                  [
                    1,
                    0,
                    0
                  ],
                  -1
                ],
                [
                  [
                    1,
                    15,
                    0
                  ],
                  [
                    1,
                    15,
                    15
                  ],
                  1
                ]
              ],
              "coefficient": "1/2",
              "length": 6
            },
            {
              "word": [
                [
                  [
                    0,
                    0,
                    0
                  ],
                  [
                    0,
                    15,
                    0
                  ],
                  -1
                ],
                [
                  [
                    0,
                    0,
                    0
                  ],
                  [
                    1,
                    0,
                    0
                  ],
                  1
                ],
                [
                  [
                    1,
                    0,
                    1
                  ],
                  [
                    1,
                    0,
                    0
                  ],
                  -1
                ],
                [
                  [
                    1,
                    0,
                    1
                  ],
                  [
                    1,
                    15,
                    1
                  ],
                  1
                ],
                [
                  [
                    1,
                    15,
                    0
                  ],
                  [
                    0,
                    15,
                    0
                  ],
                  1
                ],
                [
                  [
                    1,
                    15,
                    0
                  ],
                  [
                    1,
                    15,
                    1
                  ],
                  -1
                ]
              ],
              "coefficient": "1/2",
              "length": 6
            },
            {
              "word": [
                [
                  [
                    0,
                    0,
                    0
                  ],
                  [
                    0,
                    15,
                    0
                  ],
                  -1
                ],
                [
                  [
                    0,
                    0,
                    0
                  ],
                  [
                    1,
                    0,
                    0
                  ],
                  1
                ],
                [
                  [
                    1,
                    0,
                    15
                  ],
                  [
                    1,
                    0,
                    0
                  ],
                  -1
                ],
                [
                  [
                    1,
                    0,
                    15
                  ],
                  [
                    1,
                    15,
                    15
                  ],
                  1
                ],
                [
                  [
                    1,
                    15,
                    0
                  ],
                  [
                    0,
                    15,
                    0
                  ],
                  1
                ],
                [
                  [
                    1,
                    15,
                    0
                  ],
                  [
                    1,
                    15,
                    15
                  ],
                  -1
                ]
              ],
              "coefficient": "1/2",
              "length": 6
            },
            {
              "word": [
                [
                  [
                    0,
                    0,
                    0
                  ],
                  [
                    0,
                    15,
                    0
                  ],
                  -1
                ],
                [
                  [
                    0,
                    0,
                    0
                  ],
                  [
                    1,
                    0,
                    0
                  ],
                  1
                ],
                [
                  [
                    1,
                    1,
                    0
                  ],
                  [
                    0,
                    1,
                    0
                  ],
                  1
                ],
                [
                  [
                    1,
                    1,
                    0
                  ],
                  [
                    1,
                    0,
                    0
                  ],
                  -1
                ],
                [
                  [
                    15,
                    1,
                    0
                  ],
                  [
                    0,
                    1,
                    0
                  ],
                  -1
                ],
                [
                  [
                    15,
                    1,
                    0
                  ],
                  [
                    15,
                    0,
                    0
                  ],
                  1
                ],
                [
                  [
                    15,
                    15,
                    0
                  ],
                  [
                    0,
                    15,
                    0
                  ],
                  1
                ],
                [
                  [
                    15,
                    15,
                    0
                  ],
                  [
                    15,
                    0,
                    0
                  ],
                  -1
                ]
              ],
              "coefficient": "-1/2",
              "length": 8
            },
            {
              "word": [
                [
                  [
                    0,
                    0,
                    0
                  ],
                  [
                    0,
                    15,
                    0
                  ],
                  -1
                ],
                [
                  [
                    0,
                    0,
                    0
                  ],
                  [
                    1,
                    0,
                    0
                  ],
                  1
                ],
                [
                  [
                    1,
                    15,
                    0
                  ],
                  [
                    0,
                    15,
                    0
                  ],
                  1
                ],
                [
                  [
                    1,
                    15,
                    0
                  ],
                  [
                    1,
                    0,
                    0
                  ],
                  -1
                ]
              ],
              "coefficient": "45",
              "length": 4
            },
            {
              "word": [
                [
                  [
                    0,
                    0,
                    0
                  ],
                  [
                    0,
                    15,
                    0
                  ],
                  -1
                ],
                [
                  [
                    0,
                    0,
                    0
                  ],
                  [
                    1,
                    0,
                    0
                  ],
                  1
                ],
                [
                  [
                    1,
                    15,
                    0
                  ],
                  [
                    0,
                    15,
                    0
                  ],
                  1
                ],
                [
                  [
                    1,
                    15,
                    0
                  ],
                  [
                    2,
                    15,
                    0
                  ],
                  -1
                ],
                [
                  [
                    2,
                    0,
                    0
                  ],
                  [
                    1,
                    0,
                    0
                  ],
                  -1
                ],
                [
                  [
                    2,
                    0,
                    0
                  ],
                  [
                    2,
                    15,
                    0
                  ],
                  1
                ]
              ],
              "coefficient": "1/2",
              "length": 6
            },
            {
              "word": [
                [
                  [
                    0,
                    0,
                    0
                  ],
                  [
                    0,
                    15,
                    0
                  ],
                  -1
                ],
                [
                  [
                    0,
                    0,
                    0
                  ],
                  [
                    15,
                    0,
                    0
                  ],
                  1
                ],
                [
                  [
                    15,
                    15,
                    0
                  ],
                  [
                    0,
                    15,
                    0
                  ],
                  1
                ],
                [
                  [
                    15,
                    15,
                    0
                  ],
                  [
                    15,
                    0,
                    0
                  ],
                  -1
                ]
              ],
              "coefficient": "1",
              "length": 4
            },
            {
              "word": [
                [
                  [
                    0,
                    0,
                    0
                  ],
                  [
                    0,
                    15,
                    0
                  ],
                  1
                ],
                [
                  [
                    0,
                    0,
                    0
                  ],
                  [
                    1,
                    0,
                    0
                  ],
                  -1
                ],
                [
                  [
                    0,
                    14,
                    0
                  ],
                  [
                    0,
                    15,
                    0
                  ],
                  -1
                ],
                [
                  [
                    0,
                    14,
                    0
                  ],
                  [
                    1,
                    14,
                    0
                  ],
                  1
                ],
                [
                  [
                    1,
                    15,
                    0
                  ],
                  [
                    1,
                    0,
                    0
                  ],
                  1
                ],
                [
                  [
                    1,
                    15,
                    0
                  ],
                  [
                    1,
                    14,
                    0
                  ],
                  -1
                ]
              ],
              "coefficient": "1/2",
              "length": 6
            },
            {
              "word": [
                [
                  [
                    0,
                    0,
                    0
                  ],
                  [
                    0,
                    15,
                    0
                  ],
                  1
                ],
                [
                  [
                    0,
                    0,
                    0
                  ],
                  [
                    1,
                    0,
                    0
                  ],
                  -1
                ],
                [
                  [
                    0,
                    15,
                    1
                  ],
                  [
                    0,
                    15,
                    0
                  ],
                  -1
                ],
                [
                  [
                    0,
                    15,
                    1
                  ],
                  [
                    1,
                    15,
                    1
                  ],
                  1
                ],
                [
                  [
                    1,
                    0,
                    1
                  ],
                  [
                    1,
                    0,
                    0
                  ],
                  1
                ],
                [
                  [
                    1,
                    0,
                    1
                  ],
                  [
                    1,
                    15,
                    1
                  ],
                  -1
                ]
              ],
              "coefficient": "1/2",
              "length": 6
            },
            {
              "word": [
                [
                  [
                    0,
                    0,
                    0
                  ],
                  [
                    0,
                    15,
                    0
                  ],
                  1
                ],
                [
                  [
                    0,
                    0,
                    0
                  ],
                  [
                    1,
                    0,
                    0
                  ],
                  -1
                ],
                [
                  [
                    0,
                    15,
                    1
                  ],
                  [
                    0,
                    15,
                    0
                  ],
                  -1
                ],
                [
                  [
                    0,
                    15,
                    1
                  ],
                  [
                    1,
                    15,
                    1
                  ],
                  1
                ],
                [
                  [
                    1,
                    15,
                    0
                  ],
                  [
                    1,
                    0,
                    0
                  ],
                  1
                ],
                [
                  [
                    1,
                    15,
                    0
                  ],
                  [
                    1,
                    15,
                    1
                  ],
                  -1
                ]
              ],
              "coefficient": "1/2",
              "length": 6
            },
            {
              "word": [
                [
                  [
                    0,
                    0,
                    0
                  ],
                  [
                    0,
                    15,
                    0
                  ],
                  1
                ],
                [
                  [
                    0,
                    0,
                    0
                  ],
                  [
                    1,
                    0,
                    0
                  ],
                  -1
                ],
                [
                  [
                    0,
                    15,
                    15
                  ],
                  [
                    0,
                    15,
                    0
                  ],
                  -1
                ],
                [
                  [
                    0,
                    15,
                    15
                  ],
                  [
                    1,
                    15,
                    15
                  ],
                  1
                ],
                [
                  [
                    1,
                    0,
                    15
                  ],
                  [
                    1,
                    0,
                    0
                  ],
                  1
                ],
                [
                  [
                    1,
                    0,
                    15
                  ],
                  [
                    1,
                    15,
                    15
                  ],
                  -1
                ]
              ],
              "coefficient": "1/2",
              "length": 6
            },
            {
              "word": [
                [
                  [
                    0,
                    0,
                    0
                  ],
                  [
                    0,
                    15,
                    0
                  ],
                  1
                ],
                [
                  [
                    0,
                    0,
                    0
                  ],
                  [
                    1,
                    0,
                    0
                  ],
                  -1
                ],
                [
                  [
                    0,
                    15,
                    15
                  ],
                  [
                    0,
                    15,
                    0
                  ],
                  -1
                ],
                [
                  [
                    0,
                    15,
                    15
                  ],
                  [
                    1,
                    15,
                    15
                  ],
                  1
                ],
                [
                  [
                    1,
                    15,
                    0
                  ],
                  [
                    1,
                    0,
                    0
                  ],
                  1
                ],
                [
                  [
                    1,
                    15,
                    0
                  ],
                  [
                    1,
                    15,
                    15
                  ],
                  -1
                ]
              ],
              "coefficient": "1/2",
              "length": 6
            },
            {
              "word": [
                [
                  [
                    0,
                    0,
                    0
                  ],
                  [
                    0,
                    15,
                    0
                  ],
                  1
                ],
                [
                  [
                    0,
                    0,
                    0
                  ],
                  [
                    1,
                    0,
                    0
                  ],
                  -1
                ],
                [
                  [
                    1,
                    0,
                    1
                  ],
                  [
                    1,
                    0,
                    0
                  ],
                  1
                ],
                [
                  [
                    1,
                    0,
                    1
                  ],
                  [
                    1,
                    15,
                    1
                  ],
                  -1
                ],
                [
                  [
                    1,
                    15,
                    0
                  ],
                  [
                    0,
                    15,
                    0
                  ],
                  -1
                ],
                [
                  [
                    1,
                    15,
                    0
                  ],
                  [
                    1,
                    15,
                    1
                  ],
                  1
                ]
              ],
              "coefficient": "1/2",
              "length": 6
            },
            {
              "word": [
                [
                  [
                    0,
                    0,
                    0
                  ],
                  [
                    0,
                    15,
                    0
                  ],
                  1
                ],
                [
                  [
                    0,
                    0,
                    0
                  ],
                  [
                    1,
                    0,
                    0
                  ],
                  -1
                ],
                [
                  [
                    1,
                    0,
                    15
                  ],
                  [
                    1,
                    0,
                    0
                  ],
                  1
                ],
                [
                  [
                    1,
                    0,
                    15
                  ],
                  [
                    1,
                    15,
                    15
                  ],
                  -1
                ],
                [
                  [
                    1,
                    15,
                    0
                  ],
                  [
                    0,
                    15,
                    0
                  ],
                  -1
                ],
                [
                  [
                    1,
                    15,
                    0
                  ],
                  [
                    1,
                    15,
                    15
                  ],
                  1
                ]
              ],
              "coefficient": "1/2",
              "length": 6
            },
            {
              "word": [
                [
                  [
                    0,
                    0,
                    0
                  ],
                  [
                    0,
                    15,
                    0
                  ],
                  1
                ],
                [
                  [
                    0,
                    0,
                    0
                  ],
                  [
                    1,
                    0,
                    0
                  ],
                  -1
                ],
                [
                  [
                    1,
                    1,
                    0
                  ],
                  [
                    0,
                    1,
                    0
                  ],
                  -1
                ],
                [
                  [
                    1,
                    1,
                    0
                  ],
                  [
                    1,
                    0,
                    0
                  ],
                  1
                ],
                [
                  [
                    15,
                    1,
                    0
                  ],
                  [
                    0,
                    1,
                    0
                  ],
                  1
                ],
                [
                  [
                    15,
                    1,
                    0
                  ],
                  [
                    15,
                    0,
                    0
                  ],
                  -1
                ],
                [
                  [
                    15,
                    15,
                    0
                  ],
                  [
                    0,
                    15,
                    0
                  ],
                  -1
                ],
                [
                  [
                    15,
                    15,
                    0
                  ],
                  [
                    15,
                    0,
                    0
                  ],
                  1
                ]
              ],
              "coefficient": "-1/2",
              "length": 8
            },
            {
              "word": [
                [
                  [
                    0,
                    0,
                    0
                  ],
                  [
                    0,
                    15,
                    0
                  ],
                  1
                ],
                [
                  [
                    0,
                    0,
                    0
                  ],
                  [
                    1,
                    0,
                    0
                  ],
                  -1
                ],
                [
                  [
                    1,
                    15,
                    0
                  ],
                  [
                    0,
                    15,
                    0
                  ],
                  -1
                ],
                [
                  [
                    1,
                    15,
                    0
                  ],
                  [
                    1,
                    0,
                    0
                  ],
                  1
                ]
              ],
              "coefficient": "45",
              "length": 4
            },
            {
              "word": [
                [
                  [
                    0,
                    0,
                    0
                  ],
                  [
                    0,
                    15,
                    0
                  ],
                  1
                ],
                [
                  [
                    0,
                    0,
                    0
                  ],
                  [
                    1,
                    0,
                    0
                  ],
                  -1
                ],
                [
                  [
                    1,
                    15,
                    0
                  ],
                  [
                    0,
                    15,
                    0
                  ],
                  -1
                ],
                [
                  [
                    1,
                    15,
                    0
                  ],
                  [
                    2,
                    15,
                    0
                  ],
                  1
                ],
                [
                  [
                    2,
                    0,
                    0
                  ],
                  [
                    1,
                    0,
                    0
                  ],
                  1
                ],
                [
                  [
                    2,
                    0,
                    0
                  ],
                  [
                    2,
                    15,
                    0
                  ],
                  -1
                ]
              ],
              "coefficient": "1/2",
              "length": 6
            },
            {
              "word": [
                [
                  [
                    0,
                    0,
                    0
                  ],
                  [
                    0,
                    15,
                    0
                  ],
                  1
                ],
                [
                  [
                    0,
                    0,
                    0
                  ],
                  [
                    15,
                    0,
                    0
                  ],
                  -1
                ],
                [
                  [
                    15,
                    15,
                    0
                  ],
                  [
                    0,
                    15,
                    0
                  ],
                  -1
                ],
                [
                  [
                    15,
                    15,
                    0
                  ],
                  [
                    15,
                    0,
                    0
                  ],
                  1
                ]
              ],
              "coefficient": "1",
              "length": 4
            },
            {
              "word": [
                [
                  [
                    0,
                    0,
                    0
                  ],
                  [
                    1,
                    0,
                    0
                  ],
                  -1
                ],
                [
                  [
                    0,
                    0,
                    0
                  ],
                  [
                    15,
                    0,
                    0
                  ],
                  1
                ],
                [
                  [
                    1,
                    1,
                    0
                  ],
                  [
                    0,
                    1,
                    0
                  ],
                  -1
                ],
                [
                  [
                    1,
                    1,
                    0
                  ],
                  [
                    1,
                    0,
                    0
                  ],
                  1
                ],
                [
                  [
                    15,
                    1,
                    0
                  ],
                  [
                    0,
                    1,
                    0
                  ],
                  1
                ],
                [
                  [
                    15,
                    1,
                    0
                  ],
                  [
                    15,
                    0,
                    0
                  ],
                  -1
                ]
              ],
              "coefficient": "-3",
              "length": 6
            },
            {
              "word": [
                [
                  [
                    0,
                    0,
                    0
                  ],
                  [
                    1,
                    0,
                    0
                  ],
                  1
                ],
                [
                  [
                    0,
                    0,
                    0
                  ],
                  [
                    15,
                    0,
                    0
                  ],
                  -1
                ],
                [
                  [
                    1,
                    1,
                    0
                  ],
                  [
                    0,
                    1,
                    0
                  ],
                  1
                ],
                [
                  [
                    1,
                    1,
                    0
                  ],
                  [
                    1,
                    0,
                    0
                  ],
                  -1
                ],
                [
                  [
                    15,
                    1,
                    0
                  ],
                  [
                    0,
                    1,
                    0
                  ],
                  -1
                ],
                [
                  [
                    15,
                    1,
                    0
                  ],
                  [
                    15,
                    0,
                    0
                  ],
                  1
                ]
              ],
              "coefficient": "-3",
              "length": 6
            },
            {
              "word": [
                [
                  [
                    0,
                    1,
                    1
                  ],
                  [
                    0,
                    1,
                    0
                  ],
                  -1
                ],
                [
                  [
                    0,
                    1,
                    1
                  ],
                  [
                    0,
                    2,
                    1
                  ],
                  1
                ],
                [
                  [
                    0,
                    2,
                    0
                  ],
                  [
                    0,
                    1,
                    0
                  ],
                  1
                ],
                [
                  [
                    0,
                    2,
                    0
                  ],
                  [
                    0,
                    2,
                    1
                  ],
                  -1
                ]
              ],
              "coefficient": "1",
              "length": 4
            },
            {
              "word": [
                [
                  [
                    0,
                    1,
                    1
                  ],
                  [
                    0,
                    1,
                    0
                  ],
                  -1
                ],
                [
                  [
                    0,
                    1,
                    1
                  ],
                  [
                    1,
                    1,
                    1
                  ],
                  1
                ],
                [
                  [
                    1,
                    0,
                    1
                  ],
                  [
                    1,
                    0,
                    0
                  ],
                  1
                ],
                [
                  [
                    1,
                    0,
                    1
                  ],
                  [
                    1,
                    1,
                    1
                  ],
                  -1
                ],
                [
                  [
                    1,
                    1,
                    0
                  ],
                  [
                    0,
                    1,
                    0
                  ],
                  1
                ],
                [
                  [
                    1,
                    1,
                    0
                  ],
                  [
                    1,
                    0,
                    0
                  ],
                  -1
                ]
              ],
              "coefficient": "-1",
              "length": 6
            },
            {
              "word": [
                [
                  [
                    0,
                    1,
                    1
                  ],
                  [
                    0,
                    1,
                    0
                  ],
                  -1
                ],
                [
                  [
                    0,
                    1,
                    1
                  ],
                  [
                    15,
                    1,
                    1
                  ],
                  1
                ],
                [
                  [
                    15,
                    1,
                    0
                  ],
                  [
                    0,
                    1,
                    0
                  ],
                  1
                ],
                [
                  [
                    15,
                    1,
                    0
                  ],
                  [
                    15,
                    1,
                    1
                  ],
                  -1
                ]
              ],
              "coefficient": "1",
              "length": 4
            },
            {
              "word": [
                [
                  [
                    0,
                    1,
                    1
                  ],
                  [
                    0,
                    1,
                    0
                  ],
                  1
                ],
                [
                  [
                    0,
                    1,
                    1
                  ],
                  [
                    0,
                    2,
                    1
                  ],
                  -1
                ],
                [
                  [
                    0,
                    2,
                    0
                  ],
                  [
                    0,
                    1,
                    0
                  ],
                  -1
                ],
                [
                  [
                    0,
                    2,
                    0
                  ],
                  [
                    0,
                    2,
                    1
                  ],
                  1
                ]
              ],
              "coefficient": "1",
              "length": 4
            },
            {
              "word": [
                [
                  [
                    0,
                    1,
                    1
                  ],
                  [
                    0,
                    1,
                    0
                  ],
                  1
                ],
                [
                  [
                    0,
                    1,
                    1
                  ],
                  [
                    1,
                    1,
                    1
                  ],
                  -1
                ],
                [
                  [
                    1,
                    0,
                    1
                  ],
                  [
                    1,
                    0,
                    0
                  ],
                  -1
                ],
                [
                  [
                    1,
                    0,
                    1
                  ],
                  [
                    1,
                    1,
                    1
                  ],
                  1
                ],
                [
                  [
                    1,
                    1,
                    0
                  ],
                  [
                    0,
                    1,
                    0
                  ],
                  -1
                ],
                [
                  [
                    1,
                    1,
                    0
                  ],
                  [
                    1,
                    0,
                    0
                  ],
                  1
                ]
              ],
              "coefficient": "-1",
              "length": 6
            },
            {
              "word": [
                [
                  [
                    0,
                    1,
                    1
                  ],
                  [
                    0,
                    1,
                    0
                  ],
                  1
                ],
                [
                  [
                    0,
                    1,
                    1
                  ],
                  [
                    15,
                    1,
                    1
                  ],
                  -1
                ],
                [
                  [
                    15,
                    1,
                    0
                  ],
                  [
                    0,
                    1,
                    0
                  ],
                  -1
                ],
                [
                  [
                    15,
                    1,
                    0
                  ],
                  [
                    15,
                    1,
                    1
                  ],
                  1
                ]
              ],
              "coefficient": "1",
              "length": 4
            },
            {
              "word": [
                [
                  [
                    0,
                    1,
                    15
                  ],
                  [
                    0,
                    1,
                    0
                  ],
                  -1
                ],
                [
                  [
                    0,
                    1,
                    15
                  ],
                  [
                    0,
                    2,
                    15
                  ],
                  1
                ],
                [
                  [
                    0,
                    2,
                    0
                  ],
                  [
                    0,
                    1,
                    0
                  ],
                  1
                ],
                [
                  [
                    0,
                    2,
                    0
                  ],
                  [
                    0,
                    2,
                    15
                  ],
                  -1
                ]
              ],
              "coefficient": "1",
              "length": 4
            },
            {
              "word": [
                [
                  [
                    0,
                    1,
                    15
                  ],
                  [
                    0,
                    1,
                    0
                  ],
                  -1
                ],
                [
                  [
                    0,
                    1,
                    15
                  ],
                  [
                    1,
                    1,
                    15
                  ],
                  1
                ],
                [
                  [
                    1,
                    0,
                    15
                  ],
                  [
                    1,
                    0,
                    0
                  ],
                  1
                ],
                [
                  [
                    1,
                    0,
                    15
                  ],
                  [
                    1,
                    1,
                    15
                  ],
                  -1
                ],
                [
                  [
                    1,
                    1,
                    0
                  ],
                  [
                    0,
                    1,
                    0
                  ],
                  1
                ],
                [
                  [
                    1,
                    1,
                    0
                  ],
                  [
                    1,
                    0,
                    0
                  ],
                  -1
                ]
              ],
              "coefficient": "-1",
              "length": 6
            },
            {
              "word": [
                [
                  [
                    0,
                    1,
                    15
                  ],
                  [
                    0,
                    1,
                    0
                  ],
                  -1
                ],
                [
                  [
                    0,
                    1,
                    15
                  ],
                  [
                    15,
                    1,
                    15
                  ],
                  1
                ],
                [
                  [
                    15,
                    1,
                    0
                  ],
                  [
                    0,
                    1,
                    0
                  ],
                  1
                ],
                [
                  [
                    15,
                    1,
                    0
                  ],
                  [
                    15,
                    1,
                    15
                  ],
                  -1
                ]
              ],
              "coefficient": "1",
              "length": 4
            },
            {
              "word": [
                [
                  [
                    0,
                    1,
                    15
                  ],
                  [
                    0,
                    1,
                    0
                  ],
                  1
                ],
                [
                  [
                    0,
                    1,
                    15
                  ],
                  [
                    0,
                    2,
                    15
                  ],
                  -1
                ],
                [
                  [
                    0,
                    2,
                    0
                  ],
                  [
                    0,
                    1,
                    0
                  ],
                  -1
                ],
                [
                  [
                    0,
                    2,
                    0
                  ],
                  [
                    0,
                    2,
                    15
                  ],
                  1
                ]
              ],
              "coefficient": "1",
              "length": 4
            },
            {
              "word": [
                [
                  [
                    0,
                    1,
                    15
                  ],
                  [
                    0,
                    1,
                    0
                  ],
                  1
                ],
                [
                  [
                    0,
                    1,
                    15
                  ],
                  [
                    1,
                    1,
                    15
                  ],
                  -1
                ],
                [
                  [
                    1,
                    0,
                    15
                  ],
                  [
                    1,
                    0,
                    0
                  ],
                  -1
                ],
                [
                  [
                    1,
                    0,
                    15
                  ],
                  [
                    1,
                    1,
                    15
                  ],
                  1
                ],
                [
                  [
                    1,
                    1,
                    0
                  ],
                  [
                    0,
                    1,
                    0
                  ],
                  -1
                ],
                [
                  [
                    1,
                    1,
                    0
                  ],
                  [
                    1,
                    0,
                    0
                  ],
                  1
                ]
              ],
              "coefficient": "-1",
              "length": 6
            },
            {
              "word": [
                [
                  [
                    0,
                    1,
                    15
                  ],
                  [
                    0,
                    1,
                    0
                  ],
                  1
                ],
                [
                  [
                    0,
                    1,
                    15
                  ],
                  [
                    15,
                    1,
                    15
                  ],
                  -1
                ],
                [
                  [
                    15,
                    1,
                    0
                  ],
                  [
                    0,
                    1,
                    0
                  ],
                  -1
                ],
                [
                  [
                    15,
                    1,
                    0
                  ],
                  [
                    15,
                    1,
                    15
                  ],
                  1
                ]
              ],
              "coefficient": "1",
              "length": 4
            },
            {
              "word": [
                [
                  [
                    0,
                    2,
                    0
                  ],
                  [
                    0,
                    1,
                    0
                  ],
                  -1
                ],
                [
                  [
                    0,
                    2,
                    0
                  ],
                  [
                    15,
                    2,
                    0
                  ],
                  1
                ],
                [
                  [
                    15,
                    1,
                    0
                  ],
                  [
                    0,
                    1,
                    0
                  ],
                  1
                ],
                [
                  [
                    15,
                    1,
                    0
                  ],
                  [
                    15,
                    2,
                    0
                  ],
                  -1
                ]
              ],
              "coefficient": "1",
              "length": 4
            },
            {
              "word": [
                [
                  [
                    0,
                    2,
                    0
                  ],
                  [
                    0,
                    1,
                    0
                  ],
                  1
                ],
                [
                  [
                    0,
                    2,
                    0
                  ],
                  [
                    15,
                    2,
                    0
                  ],
                  -1
                ],
                [
                  [
                    15,
                    1,
                    0
                  ],
                  [
                    0,
                    1,
                    0
                  ],
                  -1
                ],
                [
                  [
                    15,
                    1,
                    0
                  ],
                  [
                    15,
                    2,
                    0
                  ],
                  1
                ]
              ],
              "coefficient": "1",
              "length": 4
            },
            {
              "word": [
                [
                  [
                    1,
                    0,
                    1
                  ],
                  [
                    1,
                    0,
                    0
                  ],
                  -1
                ],
                [
                  [
                    1,
                    0,
                    1
                  ],
                  [
                    1,
                    15,
                    1
                  ],
                  1
                ],
                [
                  [
                    1,
                    15,
                    0
                  ],
                  [
                    1,
                    0,
                    0
                  ],
                  1
                ],
                [
                  [
                    1,
                    15,
                    0
                  ],
                  [
                    1,
                    15,
                    1
                  ],
                  -1
                ]
              ],
              "coefficient": "1",
              "length": 4
            },
            {
              "word": [
                [
                  [
                    1,
                    0,
                    1
                  ],
                  [
                    1,
                    0,
                    0
                  ],
                  -1
                ],
                [
                  [
                    1,
                    0,
                    1
                  ],
                  [
                    2,
                    0,
                    1
                  ],
                  1
                ],
                [
                  [
                    2,
                    0,
                    0
                  ],
                  [
                    1,
                    0,
                    0
                  ],
                  1
                ],
                [
                  [
                    2,
                    0,
                    0
                  ],
                  [
                    2,
                    0,
                    1
                  ],
                  -1
                ]
              ],
              "coefficient": "1",
              "length": 4
            },
            {
              "word": [
                [
                  [
                    1,
                    0,
                    1
                  ],
                  [
                    1,
                    0,
                    0
                  ],
                  1
                ],
                [
                  [
                    1,
                    0,
                    1
                  ],
                  [
                    1,
                    15,
                    1
                  ],
                  -1
                ],
                [
                  [
                    1,
                    15,
                    0
                  ],
                  [
                    1,
                    0,
                    0
                  ],
                  -1
                ],
                [
                  [
                    1,
                    15,
                    0
                  ],
                  [
                    1,
                    15,
                    1
                  ],
                  1
                ]
              ],
              "coefficient": "1",
              "length": 4
            },
            {
              "word": [
                [
                  [
                    1,
                    0,
                    1
                  ],
                  [
                    1,
                    0,
                    0
                  ],
                  1
                ],
                [
                  [
                    1,
                    0,
                    1
                  ],
                  [
                    2,
                    0,
                    1
                  ],
                  -1
                ],
                [
                  [
                    2,
                    0,
                    0
                  ],
                  [
                    1,
                    0,
                    0
                  ],
                  -1
                ],
                [
                  [
                    2,
                    0,
                    0
                  ],
                  [
                    2,
                    0,
                    1
                  ],
                  1
                ]
              ],
              "coefficient": "1",
              "length": 4
            },
            {
              "word": [
                [
                  [
                    1,
                    0,
                    15
                  ],
                  [
                    1,
                    0,
                    0
                  ],
                  -1
                ],
                [
                  [
                    1,
                    0,
                    15
                  ],
                  [
                    1,
                    15,
                    15
                  ],
                  1
                ],
                [
                  [
                    1,
                    15,
                    0
                  ],
                  [
                    1,
                    0,
                    0
                  ],
                  1
                ],
                [
                  [
                    1,
                    15,
                    0
                  ],
                  [
                    1,
                    15,
                    15
                  ],
                  -1
                ]
              ],
              "coefficient": "1",
              "length": 4
            },
            {
              "word": [
                [
                  [
                    1,
                    0,
                    15
                  ],
                  [
                    1,
                    0,
                    0
                  ],
                  -1
                ],
                [
                  [
                    1,
                    0,
                    15
                  ],
                  [
                    2,
                    0,
                    15
                  ],
                  1
                ],
                [
                  [
                    2,
                    0,
                    0
                  ],
                  [
                    1,
                    0,
                    0
                  ],
                  1
                ],
                [
                  [
                    2,
                    0,
                    0
                  ],
                  [
                    2,
                    0,
                    15
                  ],
                  -1
                ]
              ],
              "coefficient": "1",
              "length": 4
            },
            {
              "word": [
                [
                  [
                    1,
                    0,
                    15
                  ],
                  [
                    1,
                    0,
                    0
                  ],
                  1
                ],
                [
                  [
                    1,
                    0,
                    15
                  ],
                  [
                    1,
                    15,
                    15
                  ],
                  -1
                ],
                [
                  [
                    1,
                    15,
                    0
                  ],
                  [
                    1,
                    0,
                    0
                  ],
                  -1
                ],
                [
                  [
                    1,
                    15,
                    0
                  ],
                  [
                    1,
                    15,
                    15
                  ],
                  1
                ]
              ],
              "coefficient": "1",
              "length": 4
            },
            {
              "word": [
                [
                  [
                    1,
                    0,
                    15
                  ],
                  [
                    1,
                    0,
                    0
                  ],
                  1
                ],
                [
                  [
                    1,
                    0,
                    15
                  ],
                  [
                    2,
                    0,
                    15
                  ],
                  -1
                ],
                [
                  [
                    2,
                    0,
                    0
                  ],
                  [
                    1,
                    0,
                    0
                  ],
                  -1
                ],
                [
                  [
                    2,
                    0,
                    0
                  ],
                  [
                    2,
                    0,
                    15
                  ],
                  1
                ]
              ],
              "coefficient": "1",
              "length": 4
            },
            {
              "word": [
                [
                  [
                    1,
                    15,
                    0
                  ],
                  [
                    1,
                    0,
                    0
                  ],
                  -1
                ],
                [
                  [
                    1,
                    15,
                    0
                  ],
                  [
                    2,
                    15,
                    0
                  ],
                  1
                ],
                [
                  [
                    2,
                    0,
                    0
                  ],
                  [
                    1,
                    0,
                    0
                  ],
                  1
                ],
                [
                  [
                    2,
                    0,
                    0
                  ],
                  [
                    2,
                    15,
                    0
                  ],
                  -1
                ]
              ],
              "coefficient": "1",
              "length": 4
            },
            {
              "word": [
                [
                  [
                    1,
                    15,
                    0
                  ],
                  [
                    1,
                    0,
                    0
                  ],
                  1
                ],
                [
                  [
                    1,
                    15,
                    0
                  ],
                  [
                    2,
                    15,
                    0
                  ],
                  -1
                ],
                [
                  [
                    2,
                    0,
                    0
                  ],
                  [
                    1,
                    0,
                    0
                  ],
                  -1
                ],
                [
                  [
                    2,
                    0,
                    0
                  ],
                  [
                    2,
                    15,
                    0
                  ],
                  1
                ]
              ],
              "coefficient": "1",
              "length": 4
            },
            {
              "word": [
                [
                  [
                    14,
                    0,
                    0
                  ],
                  [
                    14,
                    0,
                    1
                  ],
                  -1
                ],
                [
                  [
                    14,
                    0,
                    0
                  ],
                  [
                    15,
                    0,
                    0
                  ],
                  1
                ],
                [
                  [
                    15,
                    0,
                    1
                  ],
                  [
                    14,
                    0,
                    1
                  ],
                  1
                ],
                [
                  [
                    15,
                    0,
                    1
                  ],
                  [
                    15,
                    0,
                    0
                  ],
                  -1
                ]
              ],
              "coefficient": "2",
              "length": 4
            },
            {
              "word": [
                [
                  [
                    14,
                    0,
                    0
                  ],
                  [
                    14,
                    0,
                    1
                  ],
                  1
                ],
                [
                  [
                    14,
                    0,
                    0
                  ],
                  [
                    15,
                    0,
                    0
                  ],
                  -1
                ],
                [
                  [
                    15,
                    0,
                    1
                  ],
                  [
                    14,
                    0,
                    1
                  ],
                  -1
                ],
                [
                  [
                    15,
                    0,
                    1
                  ],
                  [
                    15,
                    0,
                    0
                  ],
                  1
                ]
              ],
              "coefficient": "2",
              "length": 4
            },
            {
              "word": [
                [
                  [
                    14,
                    0,
                    0
                  ],
                  [
                    14,
                    0,
                    15
                  ],
                  -1
                ],
                [
                  [
                    14,
                    0,
                    0
                  ],
                  [
                    15,
                    0,
                    0
                  ],
                  1
                ],
                [
                  [
                    15,
                    0,
                    15
                  ],
                  [
                    14,
                    0,
                    15
                  ],
                  1
                ],
                [
                  [
                    15,
                    0,
                    15
                  ],
                  [
                    15,
                    0,
                    0
                  ],
                  -1
                ]
              ],
              "coefficient": "2",
              "length": 4
            },
            {
              "word": [
                [
                  [
                    14,
                    0,
                    0
                  ],
                  [
                    14,
                    0,
                    15
                  ],
                  1
                ],
                [
                  [
                    14,
                    0,
                    0
                  ],
                  [
                    15,
                    0,
                    0
                  ],
                  -1
                ],
                [
                  [
                    15,
                    0,
                    15
                  ],
                  [
                    14,
                    0,
                    15
                  ],
                  -1
                ],
                [
                  [
                    15,
                    0,
                    15
                  ],
                  [
                    15,
                    0,
                    0
                  ],
                  1
                ]
              ],
              "coefficient": "2",
              "length": 4
            },
            {
              "word": [
                [
                  [
                    14,
                    0,
                    0
                  ],
                  [
                    14,
                    1,
                    0
                  ],
                  -1
                ],
                [
                  [
                    14,
                    0,
                    0
                  ],
                  [
                    15,
                    0,
                    0
                  ],
                  1
                ],
                [
                  [
                    15,
                    1,
                    0
                  ],
                  [
                    14,
                    1,
                    0
                  ],
                  1
                ],
                [
                  [
                    15,
                    1,
                    0
                  ],
                  [
                    15,
                    0,
                    0
                  ],
                  -1
                ]
              ],
              "coefficient": "2",
              "length": 4
            },
            {
              "word": [
                [
                  [
                    14,
                    0,
                    0
                  ],
                  [
                    14,
                    1,
                    0
                  ],
                  1
                ],
                [
                  [
                    14,
                    0,
                    0
                  ],
                  [
                    15,
                    0,
                    0
                  ],
                  -1
                ],
                [
                  [
                    15,
                    1,
                    0
                  ],
                  [
                    14,
                    1,
                    0
                  ],
                  -1
                ],
                [
                  [
                    15,
                    1,
                    0
                  ],
                  [
                    15,
                    0,
                    0
                  ],
                  1
                ]
              ],
              "coefficient": "2",
              "length": 4
            },
            {
              "word": [
                [
                  [
                    14,
                    0,
                    0
                  ],
                  [
                    14,
                    15,
                    0
                  ],
                  -1
                ],
                [
                  [
                    14,
                    0,
                    0
                  ],
                  [
                    15,
                    0,
                    0
                  ],
                  1
                ],
                [
                  [
                    15,
                    15,
                    0
                  ],
                  [
                    14,
                    15,
                    0
                  ],
                  1
                ],
                [
                  [
                    15,
                    15,
                    0
                  ],
                  [
                    15,
                    0,
                    0
                  ],
                  -1
                ]
              ],
              "coefficient": "2",
              "length": 4
            },
            {
              "word": [
                [
                  [
                    14,
                    0,
                    0
                  ],
                  [
                    14,
                    15,
                    0
                  ],
                  1
                ],
                [
                  [
                    14,
                    0,
                    0
                  ],
                  [
                    15,
                    0,
                    0
                  ],
                  -1
                ],
                [
                  [
                    15,
                    15,
                    0
                  ],
                  [
                    14,
                    15,
                    0
                  ],
                  -1
                ],
                [
                  [
                    15,
                    15,
                    0
                  ],
                  [
                    15,
                    0,
                    0
                  ],
                  1
                ]
              ],
              "coefficient": "2",
              "length": 4
            },
            {
              "word": [
                [
                  [
                    15,
                    0,
                    1
                  ],
                  [
                    15,
                    0,
                    0
                  ],
                  -1
                ],
                [
                  [
                    15,
                    0,
                    1
                  ],
                  [
                    15,
                    1,
                    1
                  ],
                  1
                ],
                [
                  [
                    15,
                    1,
                    0
                  ],
                  [
                    15,
                    0,
                    0
                  ],
                  1
                ],
                [
                  [
                    15,
                    1,
                    0
                  ],
                  [
                    15,
                    1,
                    1
                  ],
                  -1
                ]
              ],
              "coefficient": "2",
              "length": 4
            },
            {
              "word": [
                [
                  [
                    15,
                    0,
                    1
                  ],
                  [
                    15,
                    0,
                    0
                  ],
                  -1
                ],
                [
                  [
                    15,
                    0,
                    1
                  ],
                  [
                    15,
                    15,
                    1
                  ],
                  1
                ],
                [
                  [
                    15,
                    15,
                    0
                  ],
                  [
                    15,
                    0,
                    0
                  ],
                  1
                ],
                [
                  [
                    15,
                    15,
                    0
                  ],
                  [
                    15,
                    15,
                    1
                  ],
                  -1
                ]
              ],
              "coefficient": "2",
              "length": 4
            },
            {
              "word": [
                [
                  [
                    15,
                    0,
                    1
                  ],
                  [
                    15,
                    0,
                    0
                  ],
                  1
                ],
                [
                  [
                    15,
                    0,
                    1
                  ],
                  [
                    15,
                    1,
                    1
                  ],
                  -1
                ],
                [
                  [
                    15,
                    1,
                    0
                  ],
                  [
                    15,
                    0,
                    0
                  ],
                  -1
                ],
                [
                  [
                    15,
                    1,
                    0
                  ],
                  [
                    15,
                    1,
                    1
                  ],
                  1
                ]
              ],
              "coefficient": "2",
              "length": 4
            },
            {
              "word": [
                [
                  [
                    15,
                    0,
                    1
                  ],
                  [
                    15,
                    0,
                    0
                  ],
                  1
                ],
                [
                  [
                    15,
                    0,
                    1
                  ],
                  [
                    15,
                    15,
                    1
                  ],
                  -1
                ],
                [
                  [
                    15,
                    15,
                    0
                  ],
                  [
                    15,
                    0,
                    0
                  ],
                  -1
                ],
                [
                  [
                    15,
                    15,
                    0
                  ],
                  [
                    15,
                    15,
                    1
                  ],
                  1
                ]
              ],
              "coefficient": "2",
              "length": 4
            },
            {
              "word": [
                [
                  [
                    15,
                    0,
                    15
                  ],
                  [
                    15,
                    0,
                    0
                  ],
                  -1
                ],
                [
                  [
                    15,
                    0,
                    15
                  ],
                  [
                    15,
                    1,
                    15
                  ],
                  1
                ],
                [
                  [
                    15,
                    1,
                    0
                  ],
                  [
                    15,
                    0,
                    0
                  ],
                  1
                ],
                [
                  [
                    15,
                    1,
                    0
                  ],
                  [
                    15,
                    1,
                    15
                  ],
                  -1
                ]
              ],
              "coefficient": "2",
              "length": 4
            },
            {
              "word": [
                [
                  [
                    15,
                    0,
                    15
                  ],
                  [
                    15,
                    0,
                    0
                  ],
                  -1
                ],
                [
                  [
                    15,
                    0,
                    15
                  ],
                  [
                    15,
                    15,
                    15
                  ],
                  1
                ],
                [
                  [
                    15,
                    15,
                    0
                  ],
                  [
                    15,
                    0,
                    0
                  ],
                  1
                ],
                [
                  [
                    15,
                    15,
                    0
                  ],
                  [
                    15,
                    15,
                    15
                  ],
                  -1
                ]
              ],
              "coefficient": "2",
              "length": 4
            },
            {
              "word": [
                [
                  [
                    15,
                    0,
                    15
                  ],
                  [
                    15,
                    0,
                    0
                  ],
                  1
                ],
                [
                  [
                    15,
                    0,
                    15
                  ],
                  [
                    15,
                    1,
                    15
                  ],
                  -1
                ],
                [
                  [
                    15,
                    1,
                    0
                  ],
                  [
                    15,
                    0,
                    0
                  ],
                  -1
                ],
                [
                  [
                    15,
                    1,
                    0
                  ],
                  [
                    15,
                    1,
                    15
                  ],
                  1
                ]
              ],
              "coefficient": "2",
              "length": 4
            },
            {
              "word": [
                [
                  [
                    15,
                    0,
                    15
                  ],
                  [
                    15,
                    0,
                    0
                  ],
                  1
                ],
                [
                  [
                    15,
                    0,
                    15
                  ],
                  [
                    15,
                    15,
                    15
                  ],
                  -1
                ],
                [
                  [
                    15,
                    15,
                    0
                  ],
                  [
                    15,
                    0,
                    0
                  ],
                  -1
                ],
                [
                  [
                    15,
                    15,
                    0
                  ],
                  [
                    15,
                    15,
                    15
                  ],
                  1
                ]
              ],
              "coefficient": "2",
              "length": 4
            }
          ],
          "pair_rows": [
            {
              "pair": [
                [
                  0,
                  0,
                  0
                ],
                [
                  0,
                  0,
                  2
                ]
              ],
              "terms": 3,
              "value_at_zero": "0"
            },
            {
              "pair": [
                [
                  0,
                  0,
                  0
                ],
                [
                  0,
                  0,
                  14
                ]
              ],
              "terms": 3,
              "value_at_zero": "0"
            },
            {
              "pair": [
                [
                  0,
                  0,
                  0
                ],
                [
                  0,
                  1,
                  1
                ]
              ],
              "terms": 7,
              "value_at_zero": "0"
            },
            {
              "pair": [
                [
                  0,
                  0,
                  0
                ],
                [
                  0,
                  1,
                  15
                ]
              ],
              "terms": 7,
              "value_at_zero": "0"
            },
            {
              "pair": [
                [
                  0,
                  0,
                  0
                ],
                [
                  0,
                  2,
                  0
                ]
              ],
              "terms": 3,
              "value_at_zero": "0"
            },
            {
              "pair": [
                [
                  0,
                  0,
                  0
                ],
                [
                  0,
                  14,
                  0
                ]
              ],
              "terms": 3,
              "value_at_zero": "0"
            },
            {
              "pair": [
                [
                  0,
                  0,
                  0
                ],
                [
                  0,
                  15,
                  1
                ]
              ],
              "terms": 3,
              "value_at_zero": "0"
            },
            {
              "pair": [
                [
                  0,
                  0,
                  0
                ],
                [
                  0,
                  15,
                  15
                ]
              ],
              "terms": 3,
              "value_at_zero": "0"
            },
            {
              "pair": [
                [
                  0,
                  0,
                  0
                ],
                [
                  1,
                  0,
                  1
                ]
              ],
              "terms": 7,
              "value_at_zero": "0"
            },
            {
              "pair": [
                [
                  0,
                  0,
                  0
                ],
                [
                  1,
                  0,
                  15
                ]
              ],
              "terms": 7,
              "value_at_zero": "0"
            },
            {
              "pair": [
                [
                  0,
                  0,
                  0
                ],
                [
                  1,
                  1,
                  0
                ]
              ],
              "terms": 3,
              "value_at_zero": "0"
            },
            {
              "pair": [
                [
                  0,
                  0,
                  0
                ],
                [
                  1,
                  15,
                  0
                ]
              ],
              "terms": 7,
              "value_at_zero": "0"
            },
            {
              "pair": [
                [
                  0,
                  0,
                  0
                ],
                [
                  2,
                  0,
                  0
                ]
              ],
              "terms": 3,
              "value_at_zero": "0"
            },
            {
              "pair": [
                [
                  0,
                  0,
                  0
                ],
                [
                  14,
                  0,
                  0
                ]
              ],
              "terms": 3,
              "value_at_zero": "0"
            },
            {
              "pair": [
                [
                  0,
                  0,
                  0
                ],
                [
                  15,
                  0,
                  1
                ]
              ],
              "terms": 9,
              "value_at_zero": "0"
            },
            {
              "pair": [
                [
                  0,
                  0,
                  0
                ],
                [
                  15,
                  0,
                  15
                ]
              ],
              "terms": 9,
              "value_at_zero": "0"
            },
            {
              "pair": [
                [
                  0,
                  0,
                  0
                ],
                [
                  15,
                  1,
                  0
                ]
              ],
              "terms": 9,
              "value_at_zero": "0"
            },
            {
              "pair": [
                [
                  0,
                  0,
                  0
                ],
                [
                  15,
                  15,
                  0
                ]
              ],
              "terms": 9,
              "value_at_zero": "0"
            },
            {
              "pair": [
                [
                  0,
                  0,
                  2
                ],
                [
                  0,
                  0,
                  4
                ]
              ],
              "terms": 0,
              "value_at_zero": "0"
            },
            {
              "pair": [
                [
                  0,
                  0,
                  2
                ],
                [
                  0,
                  1,
                  1
                ]
              ],
              "terms": 11,
              "value_at_zero": "0"
            },
            {
              "pair": [
                [
                  0,
                  0,
                  2
                ],
                [
                  0,
                  1,
                  3
                ]
              ],
              "terms": 0,
              "value_at_zero": "0"
            },
            {
              "pair": [
                [
                  0,
                  0,
                  2
                ],
                [
                  0,
                  2,
                  2
                ]
              ],
              "terms": 0,
              "value_at_zero": "0"
            },
            {
              "pair": [
                [
                  0,
                  0,
                  2
                ],
                [
                  0,
                  14,
                  2
                ]
              ],
              "terms": 0,
              "value_at_zero": "0"
            },
            {
              "pair": [
                [
                  0,
                  0,
                  2
                ],
                [
                  0,
                  15,
                  1
                ]
              ],
              "terms": 0,
              "value_at_zero": "0"
            },
            {
              "pair": [
                [
                  0,
                  0,
                  2
                ],
                [
                  0,
                  15,
                  3
                ]
              ],
              "terms": 0,
              "value_at_zero": "0"
            },
            {
              "pair": [
                [
                  0,
                  0,
                  2
                ],
                [
                  1,
                  0,
                  1
                ]
              ],
              "terms": 11,
              "value_at_zero": "0"
            },
            {
              "pair": [
                [
                  0,
                  0,
                  2
                ],
                [
                  1,
                  0,
                  3
                ]
              ],
              "terms": 0,
              "value_at_zero": "0"
            },
            {
              "pair": [
                [
                  0,
                  0,
                  2
                ],
                [
                  1,
                  1,
                  2
                ]
              ],
              "terms": 0,
              "value_at_zero": "0"
            },
            {
              "pair": [
                [
                  0,
                  0,
                  2
                ],
                [
                  1,
                  15,
                  2
                ]
              ],
              "terms": 0,
              "value_at_zero": "0"
            },
            {
              "pair": [
                [
                  0,
                  0,
                  2
                ],
                [
                  2,
                  0,
                  2
                ]
              ],
              "terms": 0,
              "value_at_zero": "0"
            },
            {
              "pair": [
                [
                  0,
                  0,
                  2
                ],
                [
                  14,
                  0,
                  2
                ]
              ],
              "terms": 0,
              "value_at_zero": "0"
            },
            {
              "pair": [
                [
                  0,
                  0,
                  2
                ],
                [
                  15,
                  0,
                  1
                ]
              ],
              "terms": 3,
              "value_at_zero": "0"
            },
            {
              "pair": [
                [
                  0,
                  0,
                  2
                ],
                [
                  15,
                  0,
                  3
                ]
              ],
              "terms": 0,
              "value_at_zero": "0"
            },
            {
              "pair": [
                [
                  0,
                  0,
                  2
                ],
                [
                  15,
                  1,
                  2
                ]
              ],
              "terms": 0,
              "value_at_zero": "0"
            },
            {
              "pair": [
                [
                  0,
                  0,
                  2
                ],
                [
                  15,
                  15,
                  2
                ]
              ],
              "terms": 0,
              "value_at_zero": "0"
            },
            {
              "pair": [
                [
                  0,
                  0,
                  12
                ],
                [
                  0,
                  0,
                  14
                ]
              ],
              "terms": 0,
              "value_at_zero": "0"
            },
            {
              "pair": [
                [
                  0,
                  0,
                  14
                ],
                [
                  0,
                  1,
                  13
                ]
              ],
              "terms": 0,
              "value_at_zero": "0"
            },
            {
              "pair": [
                [
                  0,
                  0,
                  14
                ],
                [
                  0,
                  1,
                  15
                ]
              ],
              "terms": 11,
              "value_at_zero": "0"
            },
            {
              "pair": [
                [
                  0,
                  0,
                  14
                ],
                [
                  0,
                  2,
                  14
                ]
              ],
              "terms": 0,
              "value_at_zero": "0"
            },
            {
              "pair": [
                [
                  0,
                  0,
                  14
                ],
                [
                  0,
                  14,
                  14
                ]
              ],
              "terms": 0,
              "value_at_zero": "0"
            },
            {
              "pair": [
                [
                  0,
                  0,
                  14
                ],
                [
                  0,
                  15,
                  13
                ]
              ],
              "terms": 0,
              "value_at_zero": "0"
            },
            {
              "pair": [
                [
                  0,
                  0,
                  14
                ],
                [
                  0,
                  15,
                  15
                ]
              ],
              "terms": 0,
              "value_at_zero": "0"
            },
            {
              "pair": [
                [
                  0,
                  0,
                  14
                ],
                [
                  1,
                  0,
                  13
                ]
              ],
              "terms": 0,
              "value_at_zero": "0"
            },
            {
              "pair": [
                [
                  0,
                  0,
                  14
                ],
                [
                  1,
                  0,
                  15
                ]
              ],
              "terms": 11,
              "value_at_zero": "0"
            },
            {
              "pair": [
                [
                  0,
                  0,
                  14
                ],
                [
                  1,
                  1,
                  14
                ]
              ],
              "terms": 0,
              "value_at_zero": "0"
            },
            {
              "pair": [
                [
                  0,
                  0,
                  14
                ],
                [
                  1,
                  15,
                  14
                ]
              ],
              "terms": 0,
              "value_at_zero": "0"
            },
            {
              "pair": [
                [
                  0,
                  0,
                  14
                ],
                [
                  2,
                  0,
                  14
                ]
              ],
              "terms": 0,
              "value_at_zero": "0"
            },
            {
              "pair": [
                [
                  0,
                  0,
                  14
                ],
                [
                  14,
                  0,
                  14
                ]
              ],
              "terms": 0,
              "value_at_zero": "0"
            },
            {
              "pair": [
                [
                  0,
                  0,
                  14
                ],
                [
                  15,
                  0,
                  13
                ]
              ],
              "terms": 0,
              "value_at_zero": "0"
            },
            {
              "pair": [
                [
                  0,
                  0,
                  14
                ],
                [
                  15,
                  0,
                  15
                ]
              ],
              "terms": 3,
              "value_at_zero": "0"
            },
            {
              "pair": [
                [
                  0,
                  0,
                  14
                ],
                [
                  15,
                  1,
                  14
                ]
              ],
              "terms": 0,
              "value_at_zero": "0"
            },
            {
              "pair": [
                [
                  0,
                  0,
                  14
                ],
                [
                  15,
                  15,
                  14
                ]
              ],
              "terms": 0,
              "value_at_zero": "0"
            },
            {
              "pair": [
                [
                  0,
                  1,
                  1
                ],
                [
                  0,
                  1,
                  3
                ]
              ],
              "terms": 7,
              "value_at_zero": "0"
            },
            {
              "pair": [
                [
                  0,
                  1,
                  1
                ],
                [
                  0,
                  1,
                  15
                ]
              ],
              "terms": 11,
              "value_at_zero": "0"
            },
            {
              "pair": [
                [
                  0,
                  1,
                  1
                ],
                [
                  0,
                  2,
                  0
                ]
              ],
              "terms": 17,
              "value_at_zero": "0"
            },
            {
              "pair": [
                [
                  0,
                  1,
                  1
                ],
                [
                  0,
                  2,
                  2
                ]
              ],
              "terms": 7,
              "value_at_zero": "0"
            },
            {
              "pair": [
                [
                  0,
                  1,
                  1
                ],
                [
                  0,
                  3,
                  1
                ]
              ],
              "terms": 7,
              "value_at_zero": "0"
            },
            {
              "pair": [
                [
                  0,
                  1,
                  1
                ],
                [
                  0,
                  15,
                  1
                ]
              ],
              "terms": 7,
              "value_at_zero": "0"
            },
            {
              "pair": [
                [
                  0,
                  1,
                  1
                ],
                [
                  1,
                  0,
                  1
                ]
              ],
              "terms": 23,
              "value_at_zero": "0"
            },
            {
              "pair": [
                [
                  0,
                  1,
                  1
                ],
                [
                  1,
                  1,
                  0
                ]
              ],
              "terms": 7,
              "value_at_zero": "0"
            },
            {
              "pair": [
                [
                  0,
                  1,
                  1
                ],
                [
                  1,
                  1,
                  2
                ]
              ],
              "terms": 7,
              "value_at_zero": "0"
            },
            {
              "pair": [
                [
                  0,
                  1,
                  1
                ],
                [
                  1,
                  2,
                  1
                ]
              ],
              "terms": 7,
              "value_at_zero": "0"
            },
            {
              "pair": [
                [
                  0,
                  1,
                  1
                ],
                [
                  2,
                  1,
                  1
                ]
              ],
              "terms": 7,
              "value_at_zero": "0"
            },
            {
              "pair": [
                [
                  0,
                  1,
                  1
                ],
                [
                  14,
                  1,
                  1
                ]
              ],
              "terms": 7,
              "value_at_zero": "0"
            },
            {
              "pair": [
                [
                  0,
                  1,
                  1
                ],
                [
                  15,
                  0,
                  1
                ]
              ],
              "terms": 11,
              "value_at_zero": "0"
            },
            {
              "pair": [
                [
                  0,
                  1,
                  1
                ],
                [
                  15,
                  1,
                  0
                ]
              ],
              "terms": 17,
              "value_at_zero": "0"
            },
            {
              "pair": [
                [
                  0,
                  1,
                  1
                ],
                [
                  15,
                  1,
                  2
                ]
              ],
              "terms": 7,
              "value_at_zero": "0"
            },
            {
              "pair": [
                [
                  0,
                  1,
                  1
                ],
                [
                  15,
                  2,
                  1
                ]
              ],
              "terms": 7,
              "value_at_zero": "0"
            },
            {
              "pair": [
                [
                  0,
                  1,
                  13
                ],
                [
                  0,
                  1,
                  15
                ]
              ],
              "terms": 7,
              "value_at_zero": "0"
            },
            {
              "pair": [
                [
                  0,
                  1,
                  15
                ],
                [
                  0,
                  2,
                  0
                ]
              ],
              "terms": 17,
              "value_at_zero": "0"
            },
            {
              "pair": [
                [
                  0,
                  1,
                  15
                ],
                [
                  0,
                  2,
                  14
                ]
              ],
              "terms": 7,
              "value_at_zero": "0"
            },
            {
              "pair": [
                [
                  0,
                  1,
                  15
                ],
                [
                  0,
                  3,
                  15
                ]
              ],
              "terms": 7,
              "value_at_zero": "0"
            },
            {
              "pair": [
                [
                  0,
                  1,
                  15
                ],
                [
                  0,
                  15,
                  15
                ]
              ],
              "terms": 7,
              "value_at_zero": "0"
            },
            {
              "pair": [
                [
                  0,
                  1,
                  15
                ],
                [
                  1,
                  0,
                  15
                ]
              ],
              "terms": 23,
              "value_at_zero": "0"
            },
            {
              "pair": [
                [
                  0,
                  1,
                  15
                ],
                [
                  1,
                  1,
                  0
                ]
              ],
              "terms": 7,
              "value_at_zero": "0"
            },
            {
              "pair": [
                [
                  0,
                  1,
                  15
                ],
                [
                  1,
                  1,
                  14
                ]
              ],
              "terms": 7,
              "value_at_zero": "0"
            },
            {
              "pair": [
                [
                  0,
                  1,
                  15
                ],
                [
                  1,
                  2,
                  15
                ]
              ],
              "terms": 7,
              "value_at_zero": "0"
            },
            {
              "pair": [
                [
                  0,
                  1,
                  15
                ],
                [
                  2,
                  1,
                  15
                ]
              ],
              "terms": 7,
              "value_at_zero": "0"
            },
            {
              "pair": [
                [
                  0,
                  1,
                  15
                ],
                [
                  14,
                  1,
                  15
                ]
              ],
              "terms": 7,
              "value_at_zero": "0"
            },
            {
              "pair": [
                [
                  0,
                  1,
                  15
                ],
                [
                  15,
                  0,
                  15
                ]
              ],
              "terms": 11,
              "value_at_zero": "0"
            },
            {
              "pair": [
                [
                  0,
                  1,
                  15
                ],
                [
                  15,
                  1,
                  0
                ]
              ],
              "terms": 17,
              "value_at_zero": "0"
            },
            {
              "pair": [
                [
                  0,
                  1,
                  15
                ],
                [
                  15,
                  1,
                  14
                ]
              ],
              "terms": 7,
              "value_at_zero": "0"
            },
            {
              "pair": [
                [
                  0,
                  1,
                  15
                ],
                [
                  15,
                  2,
                  15
                ]
              ],
              "terms": 7,
              "value_at_zero": "0"
            },
            {
              "pair": [
                [
                  0,
                  2,
                  0
                ],
                [
                  0,
                  2,
                  2
                ]
              ],
              "terms": 3,
              "value_at_zero": "0"
            },
            {
              "pair": [
                [
                  0,
                  2,
                  0
                ],
                [
                  0,
                  2,
                  14
                ]
              ],
              "terms": 3,
              "value_at_zero": "0"
            },
            {
              "pair": [
                [
                  0,
                  2,
                  0
                ],
                [
                  0,
                  3,
                  1
                ]
              ],
              "terms": 3,
              "value_at_zero": "0"
            },
            {
              "pair": [
                [
                  0,
                  2,
                  0
                ],
                [
                  0,
                  3,
                  15
                ]
              ],
              "terms": 3,
              "value_at_zero": "0"
            },
            {
              "pair": [
                [
                  0,
                  2,
                  0
                ],
                [
                  0,
                  4,
                  0
                ]
              ],
              "terms": 3,
              "value_at_zero": "0"
            },
            {
              "pair": [
                [
                  0,
                  2,
                  0
                ],
                [
                  1,
                  1,
                  0
                ]
              ],
              "terms": 3,
              "value_at_zero": "0"
            },
            {
              "pair": [
                [
                  0,
                  2,
                  0
                ],
                [
                  1,
                  2,
                  1
                ]
              ],
              "terms": 3,
              "value_at_zero": "0"
            },
            {
              "pair": [
                [
                  0,
                  2,
                  0
                ],
                [
                  1,
                  2,
                  15
                ]
              ],
              "terms": 3,
              "value_at_zero": "0"
            },
            {
              "pair": [
                [
                  0,
                  2,
                  0
                ],
                [
                  1,
                  3,
                  0
                ]
              ],
              "terms": 3,
              "value_at_zero": "0"
            },
            {
              "pair": [
                [
                  0,
                  2,
                  0
                ],
                [
                  2,
                  2,
                  0
                ]
              ],
              "terms": 3,
              "value_at_zero": "0"
            },
            {
              "pair": [
                [
                  0,
                  2,
                  0
                ],
                [
                  14,
                  2,
                  0
                ]
              ],
              "terms": 3,
              "value_at_zero": "0"
            },
            {
              "pair": [
                [
                  0,
                  2,
                  0
                ],
                [
                  15,
                  1,
                  0
                ]
              ],
              "terms": 9,
              "value_at_zero": "0"
            },
            {
              "pair": [
                [
                  0,
                  2,
                  0
                ],
                [
                  15,
                  2,
                  1
                ]
              ],
              "terms": 3,
              "value_at_zero": "0"
            },
            {
              "pair": [
                [
                  0,
                  2,
                  0
                ],
                [
                  15,
                  2,
                  15
                ]
              ],
              "terms": 3,
              "value_at_zero": "0"
            },
            {
              "pair": [
                [
                  0,
                  2,
                  0
                ],
                [
                  15,
                  3,
                  0
                ]
              ],
              "terms": 3,
              "value_at_zero": "0"
            },
            {
              "pair": [
                [
                  0,
                  12,
                  0
                ],
                [
                  0,
                  14,
                  0
                ]
              ],
              "terms": 0,
              "value_at_zero": "0"
            },
            {
              "pair": [
                [
                  0,
                  13,
                  1
                ],
                [
                  0,
                  14,
                  0
                ]
              ],
              "terms": 0,
              "value_at_zero": "0"
            },
            {
              "pair": [
                [
                  0,
                  13,
                  1
                ],
                [
                  0,
                  15,
                  1
                ]
              ],
              "terms": 0,
              "value_at_zero": "0"
            },
            {
              "pair": [
                [
                  0,
                  13,
                  15
                ],
                [
                  0,
                  14,
                  0
                ]
              ],
              "terms": 0,
              "value_at_zero": "0"
            },
            {
              "pair": [
                [
                  0,
                  13,
                  15
                ],
                [
                  0,
                  15,
                  15
                ]
              ],
              "terms": 0,
              "value_at_zero": "0"
            },
            {
              "pair": [
                [
                  0,
                  14,
                  0
                ],
                [
                  0,
                  14,
                  2
                ]
              ],
              "terms": 0,
              "value_at_zero": "0"
            },
            {
              "pair": [
                [
                  0,
                  14,
                  0
                ],
                [
                  0,
                  14,
                  14
                ]
              ],
              "terms": 0,
              "value_at_zero": "0"
            },
            {
              "pair": [
                [
                  0,
                  14,
                  0
                ],
                [
                  0,
                  15,
                  1
                ]
              ],
              "terms": 0,
              "value_at_zero": "0"
            },
            {
              "pair": [
                [
                  0,
                  14,
                  0
                ],
                [
                  0,
                  15,
                  15
                ]
              ],
              "terms": 0,
              "value_at_zero": "0"
            },
            {
              "pair": [
                [
                  0,
                  14,
                  0
                ],
                [
                  1,
                  13,
                  0
                ]
              ],
              "terms": 0,
              "value_at_zero": "0"
            },
            {
              "pair": [
                [
                  0,
                  14,
                  0
                ],
                [
                  1,
                  14,
                  1
                ]
              ],
              "terms": 0,
              "value_at_zero": "0"
            },
            {
              "pair": [
                [
                  0,
                  14,
                  0
                ],
                [
                  1,
                  14,
                  15
                ]
              ],
              "terms": 0,
              "value_at_zero": "0"
            },
            {
              "pair": [
                [
                  0,
                  14,
                  0
                ],
                [
                  1,
                  15,
                  0
                ]
              ],
              "terms": 11,
              "value_at_zero": "0"
            },
            {
              "pair": [
                [
                  0,
                  14,
                  0
                ],
                [
                  2,
                  14,
                  0
                ]
              ],
              "terms": 0,
              "value_at_zero": "0"
            },
            {
              "pair": [
                [
                  0,
                  14,
                  0
                ],
                [
                  14,
                  14,
                  0
                ]
              ],
              "terms": 0,
              "value_at_zero": "0"
            },
            {
              "pair": [
                [
                  0,
                  14,
                  0
                ],
                [
                  15,
                  13,
                  0
                ]
              ],
              "terms": 0,
              "value_at_zero": "0"
            },
            {
              "pair": [
                [
                  0,
                  14,
                  0
                ],
                [
                  15,
                  14,
                  1
                ]
              ],
              "terms": 0,
              "value_at_zero": "0"
            },
            {
              "pair": [
                [
                  0,
                  14,
                  0
                ],
                [
                  15,
                  14,
                  15
                ]
              ],
              "terms": 0,
              "value_at_zero": "0"
            },
            {
              "pair": [
                [
                  0,
                  14,
                  0
                ],
                [
                  15,
                  15,
                  0
                ]
              ],
              "terms": 3,
              "value_at_zero": "0"
            },
            {
              "pair": [
                [
                  0,
                  14,
                  2
                ],
                [
                  0,
                  15,
                  1
                ]
              ],
              "terms": 0,
              "value_at_zero": "0"
            },
            {
              "pair": [
                [
                  0,
                  14,
                  14
                ],
                [
                  0,
                  15,
                  15
                ]
              ],
              "terms": 0,
              "value_at_zero": "0"
            },
            {
              "pair": [
                [
                  0,
                  15,
                  1
                ],
                [
                  0,
                  15,
                  3
                ]
              ],
              "terms": 0,
              "value_at_zero": "0"
            },
            {
              "pair": [
                [
                  0,
                  15,
                  1
                ],
                [
                  0,
                  15,
                  15
                ]
              ],
              "terms": 0,
              "value_at_zero": "0"
            },
            {
              "pair": [
                [
                  0,
                  15,
                  1
                ],
                [
                  1,
                  0,
                  1
                ]
              ],
              "terms": 15,
              "value_at_zero": "0"
            },
            {
              "pair": [
                [
                  0,
                  15,
                  1
                ],
                [
                  1,
                  14,
                  1
                ]
              ],
              "terms": 0,
              "value_at_zero": "0"
            },
            {
              "pair": [
                [
                  0,
                  15,
                  1
                ],
                [
                  1,
                  15,
                  0
                ]
              ],
              "terms": 15,
              "value_at_zero": "0"
            },
            {
              "pair": [
                [
                  0,
                  15,
                  1
                ],
                [
                  1,
                  15,
                  2
                ]
              ],
              "terms": 0,
              "value_at_zero": "0"
            },
            {
              "pair": [
                [
                  0,
                  15,
                  1
                ],
                [
                  2,
                  15,
                  1
                ]
              ],
              "terms": 0,
              "value_at_zero": "0"
            },
            {
              "pair": [
                [
                  0,
                  15,
                  1
                ],
                [
                  14,
                  15,
                  1
                ]
              ],
              "terms": 0,
              "value_at_zero": "0"
            },
            {
              "pair": [
                [
                  0,
                  15,
                  1
                ],
                [
                  15,
                  0,
                  1
                ]
              ],
              "terms": 3,
              "value_at_zero": "0"
            },
            {
              "pair": [
                [
                  0,
                  15,
                  1
                ],
                [
                  15,
                  14,
                  1
                ]
              ],
              "terms": 0,
              "value_at_zero": "0"
            },
            {
              "pair": [
                [
                  0,
                  15,
                  1
                ],
                [
                  15,
                  15,
                  0
                ]
              ],
              "terms": 3,
              "value_at_zero": "0"
            },
            {
              "pair": [
                [
                  0,
                  15,
                  1
                ],
                [
                  15,
                  15,
                  2
                ]
              ],
              "terms": 0,
              "value_at_zero": "0"
            },
            {
              "pair": [
                [
                  0,
                  15,
                  13
                ],
                [
                  0,
                  15,
                  15
                ]
              ],
              "terms": 0,
              "value_at_zero": "0"
            },
            {
              "pair": [
                [
                  0,
                  15,
                  15
                ],
                [
                  1,
                  0,
                  15
                ]
              ],
              "terms": 15,
              "value_at_zero": "0"
            },
            {
              "pair": [
                [
                  0,
                  15,
                  15
                ],
                [
                  1,
                  14,
                  15
                ]
              ],
              "terms": 0,
              "value_at_zero": "0"
            },
            {
              "pair": [
                [
                  0,
                  15,
                  15
                ],
                [
                  1,
                  15,
                  0
                ]
              ],
              "terms": 15,
              "value_at_zero": "0"
            },
            {
              "pair": [
                [
                  0,
                  15,
                  15
                ],
                [
                  1,
                  15,
                  14
                ]
              ],
              "terms": 0,
              "value_at_zero": "0"
            },
            {
              "pair": [
                [
                  0,
                  15,
                  15
                ],
                [
                  2,
                  15,
                  15
                ]
              ],
              "terms": 0,
              "value_at_zero": "0"
            },
            {
              "pair": [
                [
                  0,
                  15,
                  15
                ],
                [
                  14,
                  15,
                  15
                ]
              ],
              "terms": 0,
              "value_at_zero": "0"
            },
            {
              "pair": [
                [
                  0,
                  15,
                  15
                ],
                [
                  15,
                  0,
                  15
                ]
              ],
              "terms": 3,
              "value_at_zero": "0"
            },
            {
              "pair": [
                [
                  0,
                  15,
                  15
                ],
                [
                  15,
                  14,
                  15
                ]
              ],
              "terms": 0,
              "value_at_zero": "0"
            },
            {
              "pair": [
                [
                  0,
                  15,
                  15
                ],
                [
                  15,
                  15,
                  0
                ]
              ],
              "terms": 3,
              "value_at_zero": "0"
            },
            {
              "pair": [
                [
                  0,
                  15,
                  15
                ],
                [
                  15,
                  15,
                  14
                ]
              ],
              "terms": 0,
              "value_at_zero": "0"
            },
            {
              "pair": [
                [
                  1,
                  0,
                  1
                ],
                [
                  1,
                  0,
                  3
                ]
              ],
              "terms": 7,
              "value_at_zero": "0"
            },
            {
              "pair": [
                [
                  1,
                  0,
                  1
                ],
                [
                  1,
                  0,
                  15
                ]
              ],
              "terms": 11,
              "value_at_zero": "0"
            },
            {
              "pair": [
                [
                  1,
                  0,
                  1
                ],
                [
                  1,
                  1,
                  0
                ]
              ],
              "terms": 7,
              "value_at_zero": "0"
            },
            {
              "pair": [
                [
                  1,
                  0,
                  1
                ],
                [
                  1,
                  1,
                  2
                ]
              ],
              "terms": 7,
              "value_at_zero": "0"
            },
            {
              "pair": [
                [
                  1,
                  0,
                  1
                ],
                [
                  1,
                  2,
                  1
                ]
              ],
              "terms": 7,
              "value_at_zero": "0"
            },
            {
              "pair": [
                [
                  1,
                  0,
                  1
                ],
                [
                  1,
                  14,
                  1
                ]
              ],
              "terms": 7,
              "value_at_zero": "0"
            },
            {
              "pair": [
                [
                  1,
                  0,
                  1
                ],
                [
                  1,
                  15,
                  0
                ]
              ],
              "terms": 25,
              "value_at_zero": "0"
            },
            {
              "pair": [
                [
                  1,
                  0,
                  1
                ],
                [
                  1,
                  15,
                  2
                ]
              ],
              "terms": 7,
              "value_at_zero": "0"
            },
            {
              "pair": [
                [
                  1,
                  0,
                  1
                ],
                [
                  2,
                  0,
                  0
                ]
              ],
              "terms": 17,
              "value_at_zero": "0"
            },
            {
              "pair": [
                [
                  1,
                  0,
                  1
                ],
                [
                  2,
                  0,
                  2
                ]
              ],
              "terms": 7,
              "value_at_zero": "0"
            },
            {
              "pair": [
                [
                  1,
                  0,
                  1
                ],
                [
                  2,
                  1,
                  1
                ]
              ],
              "terms": 7,
              "value_at_zero": "0"
            },
            {
              "pair": [
                [
                  1,
                  0,
                  1
                ],
                [
                  2,
                  15,
                  1
                ]
              ],
              "terms": 7,
              "value_at_zero": "0"
            },
            {
              "pair": [
                [
                  1,
                  0,
                  1
                ],
                [
                  3,
                  0,
                  1
                ]
              ],
              "terms": 7,
              "value_at_zero": "0"
            },
            {
              "pair": [
                [
                  1,
                  0,
                  1
                ],
                [
                  15,
                  0,
                  1
                ]
              ],
              "terms": 7,
              "value_at_zero": "0"
            },
            {
              "pair": [
                [
                  1,
                  0,
                  13
                ],
                [
                  1,
                  0,
                  15
                ]
              ],
              "terms": 7,
              "value_at_zero": "0"
            },
            {
              "pair": [
                [
                  1,
                  0,
                  15
                ],
                [
                  1,
                  1,
                  0
                ]
              ],
              "terms": 7,
              "value_at_zero": "0"
            },
            {
              "pair": [
                [
                  1,
                  0,
                  15
                ],
                [
                  1,
                  1,
                  14
                ]
              ],
              "terms": 7,
              "value_at_zero": "0"
            },
            {
              "pair": [
                [
                  1,
                  0,
                  15
                ],
                [
                  1,
                  2,
                  15
                ]
              ],
              "terms": 7,
              "value_at_zero": "0"
            },
            {
              "pair": [
                [
                  1,
                  0,
                  15
                ],
                [
                  1,
                  14,
                  15
                ]
              ],
              "terms": 7,
              "value_at_zero": "0"
            },
            {
              "pair": [
                [
                  1,
                  0,
                  15
                ],
                [
                  1,
                  15,
                  0
                ]
              ],
              "terms": 25,
              "value_at_zero": "0"
            },
            {
              "pair": [
                [
                  1,
                  0,
                  15
                ],
                [
                  1,
                  15,
                  14
                ]
              ],
              "terms": 7,
              "value_at_zero": "0"
            },
            {
              "pair": [
                [
                  1,
                  0,
                  15
                ],
                [
                  2,
                  0,
                  0
                ]
              ],
              "terms": 17,
              "value_at_zero": "0"
            },
            {
              "pair": [
                [
                  1,
                  0,
                  15
                ],
                [
                  2,
                  0,
                  14
                ]
              ],
              "terms": 7,
              "value_at_zero": "0"
            },
            {
              "pair": [
                [
                  1,
                  0,
                  15
                ],
                [
                  2,
                  1,
                  15
                ]
              ],
              "terms": 7,
              "value_at_zero": "0"
            },
            {
              "pair": [
                [
                  1,
                  0,
                  15
                ],
                [
                  2,
                  15,
                  15
                ]
              ],
              "terms": 7,
              "value_at_zero": "0"
            },
            {
              "pair": [
                [
                  1,
                  0,
                  15
                ],
                [
                  3,
                  0,
                  15
                ]
              ],
              "terms": 7,
              "value_at_zero": "0"
            },
            {
              "pair": [
                [
                  1,
                  0,
                  15
                ],
                [
                  15,
                  0,
                  15
                ]
              ],
              "terms": 7,
              "value_at_zero": "0"
            },
            {
              "pair": [
                [
                  1,
                  1,
                  0
                ],
                [
                  1,
                  1,
                  2
                ]
              ],
              "terms": 3,
              "value_at_zero": "0"
            },
            {
              "pair": [
                [
                  1,
                  1,
                  0
                ],
                [
                  1,
                  1,
                  14
                ]
              ],
              "terms": 3,
              "value_at_zero": "0"
            },
            {
              "pair": [
                [
                  1,
                  1,
                  0
                ],
                [
                  1,
                  2,
                  1
                ]
              ],
              "terms": 3,
              "value_at_zero": "0"
            },
            {
              "pair": [
                [
                  1,
                  1,
                  0
                ],
                [
                  1,
                  2,
                  15
                ]
              ],
              "terms": 3,
              "value_at_zero": "0"
            },
            {
              "pair": [
                [
                  1,
                  1,
                  0
                ],
                [
                  1,
                  3,
                  0
                ]
              ],
              "terms": 3,
              "value_at_zero": "0"
            },
            {
              "pair": [
                [
                  1,
                  1,
                  0
                ],
                [
                  1,
                  15,
                  0
                ]
              ],
              "terms": 7,
              "value_at_zero": "0"
            },
            {
              "pair": [
                [
                  1,
                  1,
                  0
                ],
                [
                  2,
                  0,
                  0
                ]
              ],
              "terms": 3,
              "value_at_zero": "0"
            },
            {
              "pair": [
                [
                  1,
                  1,
                  0
                ],
                [
                  2,
                  1,
                  1
                ]
              ],
              "terms": 3,
              "value_at_zero": "0"
            },
            {
              "pair": [
                [
                  1,
                  1,
                  0
                ],
                [
                  2,
                  1,
                  15
                ]
              ],
              "terms": 3,
              "value_at_zero": "0"
            },
            {
              "pair": [
                [
                  1,
                  1,
                  0
                ],
                [
                  2,
                  2,
                  0
                ]
              ],
              "terms": 3,
              "value_at_zero": "0"
            },
            {
              "pair": [
                [
                  1,
                  1,
                  0
                ],
                [
                  3,
                  1,
                  0
                ]
              ],
              "terms": 3,
              "value_at_zero": "0"
            },
            {
              "pair": [
                [
                  1,
                  1,
                  0
                ],
                [
                  15,
                  1,
                  0
                ]
              ],
              "terms": 3,
              "value_at_zero": "0"
            },
            {
              "pair": [
                [
                  1,
                  13,
                  0
                ],
                [
                  1,
                  15,
                  0
                ]
              ],
              "terms": 7,
              "value_at_zero": "0"
            },
            {
              "pair": [
                [
                  1,
                  14,
                  1
                ],
                [
                  1,
                  15,
                  0
                ]
              ],
              "terms": 7,
              "value_at_zero": "0"
            },
            {
              "pair": [
                [
                  1,
                  14,
                  15
                ],
                [
                  1,
                  15,
                  0
                ]
              ],
              "terms": 7,
              "value_at_zero": "0"
            },
            {
              "pair": [
                [
                  1,
                  15,
                  0
                ],
                [
                  1,
                  15,
                  2
                ]
              ],
              "terms": 7,
              "value_at_zero": "0"
            },
            {
              "pair": [
                [
                  1,
                  15,
                  0
                ],
                [
                  1,
                  15,
                  14
                ]
              ],
              "terms": 7,
              "value_at_zero": "0"
            },
            {
              "pair": [
                [
                  1,
                  15,
                  0
                ],
                [
                  2,
                  0,
                  0
                ]
              ],
              "terms": 17,
              "value_at_zero": "0"
            },
            {
              "pair": [
                [
                  1,
                  15,
                  0
                ],
                [
                  2,
                  14,
                  0
                ]
              ],
              "terms": 7,
              "value_at_zero": "0"
            },
            {
              "pair": [
                [
                  1,
                  15,
                  0
                ],
                [
                  2,
                  15,
                  1
                ]
              ],
              "terms": 7,
              "value_at_zero": "0"
            },
            {
              "pair": [
                [
                  1,
                  15,
                  0
                ],
                [
                  2,
                  15,
                  15
                ]
              ],
              "terms": 7,
              "value_at_zero": "0"
            },
            {
              "pair": [
                [
                  1,
                  15,
                  0
                ],
                [
                  3,
                  15,
                  0
                ]
              ],
              "terms": 7,
              "value_at_zero": "0"
            },
            {
              "pair": [
                [
                  1,
                  15,
                  0
                ],
                [
                  15,
                  15,
                  0
                ]
              ],
              "terms": 7,
              "value_at_zero": "0"
            },
            {
              "pair": [
                [
                  2,
                  0,
                  0
                ],
                [
                  2,
                  0,
                  2
                ]
              ],
              "terms": 3,
              "value_at_zero": "0"
            },
            {
              "pair": [
                [
                  2,
                  0,
                  0
                ],
                [
                  2,
                  0,
                  14
                ]
              ],
              "terms": 3,
              "value_at_zero": "0"
            },
            {
              "pair": [
                [
                  2,
                  0,
                  0
                ],
                [
                  2,
                  1,
                  1
                ]
              ],
              "terms": 3,
              "value_at_zero": "0"
            },
            {
              "pair": [
                [
                  2,
                  0,
                  0
                ],
                [
                  2,
                  1,
                  15
                ]
              ],
              "terms": 3,
              "value_at_zero": "0"
            },
            {
              "pair": [
                [
                  2,
                  0,
                  0
                ],
                [
                  2,
                  2,
                  0
                ]
              ],
              "terms": 3,
              "value_at_zero": "0"
            },
            {
              "pair": [
                [
                  2,
                  0,
                  0
                ],
                [
                  2,
                  14,
                  0
                ]
              ],
              "terms": 3,
              "value_at_zero": "0"
            },
            {
              "pair": [
                [
                  2,
                  0,
                  0
                ],
                [
                  2,
                  15,
                  1
                ]
              ],
              "terms": 3,
              "value_at_zero": "0"
            },
            {
              "pair": [
                [
                  2,
                  0,
                  0
                ],
                [
                  2,
                  15,
                  15
                ]
              ],
              "terms": 3,
              "value_at_zero": "0"
            },
            {
              "pair": [
                [
                  2,
                  0,
                  0
                ],
                [
                  3,
                  0,
                  1
                ]
              ],
              "terms": 3,
              "value_at_zero": "0"
            },
            {
              "pair": [
                [
                  2,
                  0,
                  0
                ],
                [
                  3,
                  0,
                  15
                ]
              ],
              "terms": 3,
              "value_at_zero": "0"
            },
            {
              "pair": [
                [
                  2,
                  0,
                  0
                ],
                [
                  3,
                  1,
                  0
                ]
              ],
              "terms": 3,
              "value_at_zero": "0"
            },
            {
              "pair": [
                [
                  2,
                  0,
                  0
                ],
                [
                  3,
                  15,
                  0
                ]
              ],
              "terms": 3,
              "value_at_zero": "0"
            },
            {
              "pair": [
                [
                  2,
                  0,
                  0
                ],
                [
                  4,
                  0,
                  0
                ]
              ],
              "terms": 3,
              "value_at_zero": "0"
            },
            {
              "pair": [
                [
                  12,
                  0,
                  0
                ],
                [
                  14,
                  0,
                  0
                ]
              ],
              "terms": 3,
              "value_at_zero": "0"
            },
            {
              "pair": [
                [
                  13,
                  0,
                  1
                ],
                [
                  14,
                  0,
                  0
                ]
              ],
              "terms": 3,
              "value_at_zero": "0"
            },
            {
              "pair": [
                [
                  13,
                  0,
                  1
                ],
                [
                  15,
                  0,
                  1
                ]
              ],
              "terms": 3,
              "value_at_zero": "0"
            },
            {
              "pair": [
                [
                  13,
                  0,
                  15
                ],
                [
                  14,
                  0,
                  0
                ]
              ],
              "terms": 3,
              "value_at_zero": "0"
            },
            {
              "pair": [
                [
                  13,
                  0,
                  15
                ],
                [
                  15,
                  0,
                  15
                ]
              ],
              "terms": 3,
              "value_at_zero": "0"
            },
            {
              "pair": [
                [
                  13,
                  1,
                  0
                ],
                [
                  14,
                  0,
                  0
                ]
              ],
              "terms": 3,
              "value_at_zero": "0"
            },
            {
              "pair": [
                [
                  13,
                  1,
                  0
                ],
                [
                  15,
                  1,
                  0
                ]
              ],
              "terms": 3,
              "value_at_zero": "0"
            },
            {
              "pair": [
                [
                  13,
                  15,
                  0
                ],
                [
                  14,
                  0,
                  0
                ]
              ],
              "terms": 3,
              "value_at_zero": "0"
            },
            {
              "pair": [
                [
                  13,
                  15,
                  0
                ],
                [
                  15,
                  15,
                  0
                ]
              ],
              "terms": 3,
              "value_at_zero": "0"
            },
            {
              "pair": [
                [
                  14,
                  0,
                  0
                ],
                [
                  14,
                  0,
                  2
                ]
              ],
              "terms": 3,
              "value_at_zero": "0"
            },
            {
              "pair": [
                [
                  14,
                  0,
                  0
                ],
                [
                  14,
                  0,
                  14
                ]
              ],
              "terms": 3,
              "value_at_zero": "0"
            },
            {
              "pair": [
                [
                  14,
                  0,
                  0
                ],
                [
                  14,
                  1,
                  1
                ]
              ],
              "terms": 3,
              "value_at_zero": "0"
            },
            {
              "pair": [
                [
                  14,
                  0,
                  0
                ],
                [
                  14,
                  1,
                  15
                ]
              ],
              "terms": 3,
              "value_at_zero": "0"
            },
            {
              "pair": [
                [
                  14,
                  0,
                  0
                ],
                [
                  14,
                  2,
                  0
                ]
              ],
              "terms": 3,
              "value_at_zero": "0"
            },
            {
              "pair": [
                [
                  14,
                  0,
                  0
                ],
                [
                  14,
                  14,
                  0
                ]
              ],
              "terms": 3,
              "value_at_zero": "0"
            },
            {
              "pair": [
                [
                  14,
                  0,
                  0
                ],
                [
                  14,
                  15,
                  1
                ]
              ],
              "terms": 3,
              "value_at_zero": "0"
            },
            {
              "pair": [
                [
                  14,
                  0,
                  0
                ],
                [
                  14,
                  15,
                  15
                ]
              ],
              "terms": 3,
              "value_at_zero": "0"
            },
            {
              "pair": [
                [
                  14,
                  0,
                  0
                ],
                [
                  15,
                  0,
                  1
                ]
              ],
              "terms": 9,
              "value_at_zero": "0"
            },
            {
              "pair": [
                [
                  14,
                  0,
                  0
                ],
                [
                  15,
                  0,
                  15
                ]
              ],
              "terms": 9,
              "value_at_zero": "0"
            },
            {
              "pair": [
                [
                  14,
                  0,
                  0
                ],
                [
                  15,
                  1,
                  0
                ]
              ],
              "terms": 9,
              "value_at_zero": "0"
            },
            {
              "pair": [
                [
                  14,
                  0,
                  0
                ],
                [
                  15,
                  15,
                  0
                ]
              ],
              "terms": 9,
              "value_at_zero": "0"
            },
            {
              "pair": [
                [
                  14,
                  0,
                  2
                ],
                [
                  15,
                  0,
                  1
                ]
              ],
              "terms": 3,
              "value_at_zero": "0"
            },
            {
              "pair": [
                [
                  14,
                  0,
                  14
                ],
                [
                  15,
                  0,
                  15
                ]
              ],
              "terms": 3,
              "value_at_zero": "0"
            },
            {
              "pair": [
                [
                  14,
                  1,
                  1
                ],
                [
                  15,
                  0,
                  1
                ]
              ],
              "terms": 3,
              "value_at_zero": "0"
            },
            {
              "pair": [
                [
                  14,
                  1,
                  1
                ],
                [
                  15,
                  1,
                  0
                ]
              ],
              "terms": 3,
              "value_at_zero": "0"
            },
            {
              "pair": [
                [
                  14,
                  1,
                  15
                ],
                [
                  15,
                  0,
                  15
                ]
              ],
              "terms": 3,
              "value_at_zero": "0"
            },
            {
              "pair": [
                [
                  14,
                  1,
                  15
                ],
                [
                  15,
                  1,
                  0
                ]
              ],
              "terms": 3,
              "value_at_zero": "0"
            },
            {
              "pair": [
                [
                  14,
                  2,
                  0
                ],
                [
                  15,
                  1,
                  0
                ]
              ],
              "terms": 3,
              "value_at_zero": "0"
            },
            {
              "pair": [
                [
                  14,
                  14,
                  0
                ],
                [
                  15,
                  15,
                  0
                ]
              ],
              "terms": 3,
              "value_at_zero": "0"
            },
            {
              "pair": [
                [
                  14,
                  15,
                  1
                ],
                [
                  15,
                  0,
                  1
                ]
              ],
              "terms": 3,
              "value_at_zero": "0"
            },
            {
              "pair": [
                [
                  14,
                  15,
                  1
                ],
                [
                  15,
                  15,
                  0
                ]
              ],
              "terms": 3,
              "value_at_zero": "0"
            },
            {
              "pair": [
                [
                  14,
                  15,
                  15
                ],
                [
                  15,
                  0,
                  15
                ]
              ],
              "terms": 3,
              "value_at_zero": "0"
            },
            {
              "pair": [
                [
                  14,
                  15,
                  15
                ],
                [
                  15,
                  15,
                  0
                ]
              ],
              "terms": 3,
              "value_at_zero": "0"
            },
            {
              "pair": [
                [
                  15,
                  0,
                  1
                ],
                [
                  15,
                  0,
                  3
                ]
              ],
              "terms": 3,
              "value_at_zero": "0"
            },
            {
              "pair": [
                [
                  15,
                  0,
                  1
                ],
                [
                  15,
                  0,
                  15
                ]
              ],
              "terms": 3,
              "value_at_zero": "0"
            },
            {
              "pair": [
                [
                  15,
                  0,
                  1
                ],
                [
                  15,
                  1,
                  0
                ]
              ],
              "terms": 17,
              "value_at_zero": "0"
            },
            {
              "pair": [
                [
                  15,
                  0,
                  1
                ],
                [
                  15,
                  1,
                  2
                ]
              ],
              "terms": 3,
              "value_at_zero": "0"
            },
            {
              "pair": [
                [
                  15,
                  0,
                  1
                ],
                [
                  15,
                  2,
                  1
                ]
              ],
              "terms": 3,
              "value_at_zero": "0"
            },
            {
              "pair": [
                [
                  15,
                  0,
                  1
                ],
                [
                  15,
                  14,
                  1
                ]
              ],
              "terms": 3,
              "value_at_zero": "0"
            },
            {
              "pair": [
                [
                  15,
                  0,
                  1
                ],
                [
                  15,
                  15,
                  0
                ]
              ],
              "terms": 9,
              "value_at_zero": "0"
            },
            {
              "pair": [
                [
                  15,
                  0,
                  1
                ],
                [
                  15,
                  15,
                  2
                ]
              ],
              "terms": 3,
              "value_at_zero": "0"
            },
            {
              "pair": [
                [
                  15,
                  0,
                  13
                ],
                [
                  15,
                  0,
                  15
                ]
              ],
              "terms": 3,
              "value_at_zero": "0"
            },
            {
              "pair": [
                [
                  15,
                  0,
                  15
                ],
                [
                  15,
                  1,
                  0
                ]
              ],
              "terms": 17,
              "value_at_zero": "0"
            },
            {
              "pair": [
                [
                  15,
                  0,
                  15
                ],
                [
                  15,
                  1,
                  14
                ]
              ],
              "terms": 3,
              "value_at_zero": "0"
            },
            {
              "pair": [
                [
                  15,
                  0,
                  15
                ],
                [
                  15,
                  2,
                  15
                ]
              ],
              "terms": 3,
              "value_at_zero": "0"
            },
            {
              "pair": [
                [
                  15,
                  0,
                  15
                ],
                [
                  15,
                  14,
                  15
                ]
              ],
              "terms": 3,
              "value_at_zero": "0"
            },
            {
              "pair": [
                [
                  15,
                  0,
                  15
                ],
                [
                  15,
                  15,
                  0
                ]
              ],
              "terms": 9,
              "value_at_zero": "0"
            },
            {
              "pair": [
                [
                  15,
                  0,
                  15
                ],
                [
                  15,
                  15,
                  14
                ]
              ],
              "terms": 3,
              "value_at_zero": "0"
            },
            {
              "pair": [
                [
                  15,
                  1,
                  0
                ],
                [
                  15,
                  1,
                  2
                ]
              ],
              "terms": 3,
              "value_at_zero": "0"
            },
            {
              "pair": [
                [
                  15,
                  1,
                  0
                ],
                [
                  15,
                  1,
                  14
                ]
              ],
              "terms": 3,
              "value_at_zero": "0"
            },
            {
              "pair": [
                [
                  15,
                  1,
                  0
                ],
                [
                  15,
                  2,
                  1
                ]
              ],
              "terms": 3,
              "value_at_zero": "0"
            },
            {
              "pair": [
                [
                  15,
                  1,
                  0
                ],
                [
                  15,
                  2,
                  15
                ]
              ],
              "terms": 3,
              "value_at_zero": "0"
            },
            {
              "pair": [
                [
                  15,
                  1,
                  0
                ],
                [
                  15,
                  3,
                  0
                ]
              ],
              "terms": 3,
              "value_at_zero": "0"
            },
            {
              "pair": [
                [
                  15,
                  1,
                  0
                ],
                [
                  15,
                  15,
                  0
                ]
              ],
              "terms": 7,
              "value_at_zero": "0"
            },
            {
              "pair": [
                [
                  15,
                  13,
                  0
                ],
                [
                  15,
                  15,
                  0
                ]
              ],
              "terms": 3,
              "value_at_zero": "0"
            },
            {
              "pair": [
                [
                  15,
                  14,
                  1
                ],
                [
                  15,
                  15,
                  0
                ]
              ],
              "terms": 3,
              "value_at_zero": "0"
            },
            {
              "pair": [
                [
                  15,
                  14,
                  15
                ],
                [
                  15,
                  15,
                  0
                ]
              ],
              "terms": 3,
              "value_at_zero": "0"
            },
            {
              "pair": [
                [
                  15,
                  15,
                  0
                ],
                [
                  15,
                  15,
                  2
                ]
              ],
              "terms": 3,
              "value_at_zero": "0"
            },
            {
              "pair": [
                [
                  15,
                  15,
                  0
                ],
                [
                  15,
                  15,
                  14
                ]
              ],
              "terms": 3,
              "value_at_zero": "0"
            }
          ]
        }
      ],
      "elapsed_seconds": 1.1749041669536382
    },
    "POWER_SPECTRAL_RESULTS.json": {
      "scope": "Author spectral contraction of the exact selected-power polynomial.\n\nThe finite sums and Hessian factorization are controls of the new author\ncalculation, not an independent reconstruction or full evolution.\n",
      "source_sha256": "0cbf8e4d41684f534f0f6f1dc1bd710c3c27eac73ec16b969fdbd3552d03819a",
      "polynomials_identical_between_signs": true,
      "hessian_nonzero_entries": 520,
      "hessian_cp_contraction": "49600",
      "hessian_exact_factorization": "H=c_p t^T+t c_p^T; Cmag quadratic term=(c_p A)(t A)",
      "t_vector": [
        {
          "positive_edge_origin": [
            -1,
            -1,
            0
          ],
          "axis": 0,
          "coefficient": "1"
        },
        {
          "positive_edge_origin": [
            -1,
            -1,
            0
          ],
          "axis": 1,
          "coefficient": "-1"
        },
        {
          "positive_edge_origin": [
            -1,
            0,
            -1
          ],
          "axis": 0,
          "coefficient": "3"
        },
        {
          "positive_edge_origin": [
            -1,
            0,
            -1
          ],
          "axis": 1,
          "coefficient": "-2"
        },
        {
          "positive_edge_origin": [
            -1,
            0,
            -1
          ],
          "axis": 2,
          "coefficient": "-1"
        },
        {
          "positive_edge_origin": [
            -1,
            0,
            0
          ],
          "axis": 0,
          "coefficient": "5"
        },
        {
          "positive_edge_origin": [
            -1,
            0,
            0
          ],
          "axis": 1,
          "coefficient": "-8"
        },
        {
          "positive_edge_origin": [
            -1,
            0,
            0
          ],
          "axis": 2,
          "coefficient": "1"
        },
        {
          "positive_edge_origin": [
            -1,
            0,
            1
          ],
          "axis": 0,
          "coefficient": "3"
        },
        {
          "positive_edge_origin": [
            -1,
            0,
            1
          ],
          "axis": 1,
          "coefficient": "-2"
        },
        {
          "positive_edge_origin": [
            -1,
            1,
            -1
          ],
          "axis": 2,
          "coefficient": "-2"
        },
        {
          "positive_edge_origin": [
            -1,
            1,
            0
          ],
          "axis": 0,
          "coefficient": "-12"
        },
        {
          "positive_edge_origin": [
            -1,
            1,
            0
          ],
          "axis": 2,
          "coefficient": "2"
        },
        {
          "positive_edge_origin": [
            0,
            -2,
            0
          ],
          "axis": 0,
          "coefficient": "1"
        },
        {
          "positive_edge_origin": [
            0,
            -2,
            0
          ],
          "axis": 1,
          "coefficient": "-1"
        },
        {
          "positive_edge_origin": [
            0,
            -1,
            -1
          ],
          "axis": 0,
          "coefficient": "4"
        },
        {
          "positive_edge_origin": [
            0,
            -1,
            -1
          ],
          "axis": 1,
          "coefficient": "-2"
        },
        {
          "positive_edge_origin": [
            0,
            -1,
            -1
          ],
          "axis": 2,
          "coefficient": "-2"
        },
        {
          "positive_edge_origin": [
            0,
            -1,
            0
          ],
          "axis": 0,
          "coefficient": "93"
        },
        {
          "positive_edge_origin": [
            0,
            -1,
            0
          ],
          "axis": 1,
          "coefficient": "-97"
        },
        {
          "positive_edge_origin": [
            0,
            -1,
            0
          ],
          "axis": 2,
          "coefficient": "2"
        },
        {
          "positive_edge_origin": [
            0,
            -1,
            1
          ],
          "axis": 0,
          "coefficient": "4"
        },
        {
          "positive_edge_origin": [
            0,
            -1,
            1
          ],
          "axis": 1,
          "coefficient": "-2"
        },
        {
          "positive_edge_origin": [
            0,
            0,
            -2
          ],
          "axis": 0,
          "coefficient": "1"
        },
        {
          "positive_edge_origin": [
            0,
            0,
            -2
          ],
          "axis": 1,
          "coefficient": "-1"
        },
        {
          "positive_edge_origin": [
            0,
            0,
            -1
          ],
          "axis": 0,
          "coefficient": "91"
        },
        {
          "positive_edge_origin": [
            0,
            0,
            -1
          ],
          "axis": 1,
          "coefficient": "-92"
        },
        {
          "positive_edge_origin": [
            0,
            0,
            -1
          ],
          "axis": 2,
          "coefficient": "2"
        },
        {
          "positive_edge_origin": [
            0,
            0,
            0
          ],
          "axis": 0,
          "coefficient": "1381"
        },
        {
          "positive_edge_origin": [
            0,
            0,
            0
          ],
          "axis": 1,
          "coefficient": "-1469"
        },
        {
          "positive_edge_origin": [
            0,
            0,
            0
          ],
          "axis": 2,
          "coefficient": "-2"
        },
        {
          "positive_edge_origin": [
            0,
            0,
            1
          ],
          "axis": 0,
          "coefficient": "91"
        },
        {
          "positive_edge_origin": [
            0,
            0,
            1
          ],
          "axis": 1,
          "coefficient": "-92"
        },
        {
          "positive_edge_origin": [
            0,
            0,
            2
          ],
          "axis": 0,
          "coefficient": "1"
        },
        {
          "positive_edge_origin": [
            0,
            0,
            2
          ],
          "axis": 1,
          "coefficient": "-1"
        },
        {
          "positive_edge_origin": [
            0,
            1,
            -2
          ],
          "axis": 2,
          "coefficient": "-1"
        },
        {
          "positive_edge_origin": [
            0,
            1,
            -1
          ],
          "axis": 0,
          "coefficient": "4"
        },
        {
          "positive_edge_origin": [
            0,
            1,
            -1
          ],
          "axis": 1,
          "coefficient": "-1"
        },
        {
          "positive_edge_origin": [
            0,
            1,
            -1
          ],
          "axis": 2,
          "coefficient": "-96"
        },
        {
          "positive_edge_origin": [
            0,
            1,
            0
          ],
          "axis": 0,
          "coefficient": "-1675"
        },
        {
          "positive_edge_origin": [
            0,
            1,
            0
          ],
          "axis": 1,
          "coefficient": "2"
        },
        {
          "positive_edge_origin": [
            0,
            1,
            0
          ],
          "axis": 2,
          "coefficient": "96"
        },
        {
          "positive_edge_origin": [
            0,
            1,
            1
          ],
          "axis": 0,
          "coefficient": "4"
        },
        {
          "positive_edge_origin": [
            0,
            1,
            1
          ],
          "axis": 1,
          "coefficient": "-1"
        },
        {
          "positive_edge_origin": [
            0,
            1,
            1
          ],
          "axis": 2,
          "coefficient": "1"
        },
        {
          "positive_edge_origin": [
            0,
            2,
            -1
          ],
          "axis": 2,
          "coefficient": "-1"
        },
        {
          "positive_edge_origin": [
            0,
            2,
            0
          ],
          "axis": 2,
          "coefficient": "1"
        },
        {
          "positive_edge_origin": [
            1,
            -2,
            0
          ],
          "axis": 1,
          "coefficient": "1"
        },
        {
          "positive_edge_origin": [
            1,
            -1,
            -1
          ],
          "axis": 1,
          "coefficient": "2"
        },
        {
          "positive_edge_origin": [
            1,
            -1,
            -1
          ],
          "axis": 2,
          "coefficient": "2"
        },
        {
          "positive_edge_origin": [
            1,
            -1,
            0
          ],
          "axis": 0,
          "coefficient": "1"
        },
        {
          "positive_edge_origin": [
            1,
            -1,
            0
          ],
          "axis": 1,
          "coefficient": "97"
        },
        {
          "positive_edge_origin": [
            1,
            -1,
            0
          ],
          "axis": 2,
          "coefficient": "-2"
        },
        {
          "positive_edge_origin": [
            1,
            -1,
            1
          ],
          "axis": 1,
          "coefficient": "2"
        },
        {
          "positive_edge_origin": [
            1,
            0,
            -2
          ],
          "axis": 2,
          "coefficient": "1"
        },
        {
          "positive_edge_origin": [
            1,
            0,
            -1
          ],
          "axis": 0,
          "coefficient": "1"
        },
        {
          "positive_edge_origin": [
            1,
            0,
            -1
          ],
          "axis": 1,
          "coefficient": "-4"
        },
        {
          "positive_edge_origin": [
            1,
            0,
            -1
          ],
          "axis": 2,
          "coefficient": "97"
        },
        {
          "positive_edge_origin": [
            1,
            0,
            0
          ],
          "axis": 0,
          "coefficient": "-3"
        },
        {
          "positive_edge_origin": [
            1,
            0,
            0
          ],
          "axis": 1,
          "coefficient": "1675"
        },
        {
          "positive_edge_origin": [
            1,
            0,
            0
          ],
          "axis": 2,
          "coefficient": "-97"
        },
        {
          "positive_edge_origin": [
            1,
            0,
            1
          ],
          "axis": 0,
          "coefficient": "1"
        },
        {
          "positive_edge_origin": [
            1,
            0,
            1
          ],
          "axis": 1,
          "coefficient": "-4"
        },
        {
          "positive_edge_origin": [
            1,
            0,
            1
          ],
          "axis": 2,
          "coefficient": "-1"
        },
        {
          "positive_edge_origin": [
            2,
            -1,
            0
          ],
          "axis": 1,
          "coefficient": "1"
        },
        {
          "positive_edge_origin": [
            2,
            0,
            -1
          ],
          "axis": 2,
          "coefficient": "1"
        },
        {
          "positive_edge_origin": [
            2,
            0,
            0
          ],
          "axis": 2,
          "coefficient": "-1"
        }
      ],
      "units": "All power rows are in kappa/(4 tau); electric contribution tends to zero, proof pending.",
      "rows": [
        {
          "L": 16,
          "v_p": 0.7958588527704435,
          "vacuum_covariance_cp_t": 1245.3524037745194,
          "rows": [
            {
              "epsilon": 0.2,
              "empty": true
            },
            {
              "epsilon": 0.4,
              "empty": false,
              "reference_mu": 0.3901806440322569,
              "vacuum_magnetic_power_units": 1245.3524037745194,
              "one_minus_vacuum_power_units": 0.6780007666723373,
              "one_magnetic_power_units": 1246.0304045411917
            },
            {
              "epsilon": 0.7,
              "empty": false,
              "reference_mu": 0.572128394768272,
              "vacuum_magnetic_power_units": 1245.3524037745194,
              "one_minus_vacuum_power_units": 4.14363726586097,
              "one_magnetic_power_units": 1249.4960410403803
            },
            {
              "epsilon": 1.0,
              "empty": false,
              "reference_mu": 0.816638468180261,
              "vacuum_magnetic_power_units": 1245.3524037745194,
              "one_minus_vacuum_power_units": 17.824750743115644,
              "one_magnetic_power_units": 1263.177154517635
            },
            {
              "epsilon": 2.0,
              "empty": false,
              "reference_mu": 1.6870172190886656,
              "vacuum_magnetic_power_units": 1245.3524037745194,
              "one_minus_vacuum_power_units": 400.4079213648156,
              "one_magnetic_power_units": 1645.760325139335
            },
            {
              "epsilon": 3.5,
              "empty": false,
              "reference_mu": 2.5130084223324927,
              "vacuum_magnetic_power_units": 1245.3524037745194,
              "one_minus_vacuum_power_units": 2490.704807549039,
              "one_magnetic_power_units": 3736.0572113235585
            }
          ]
        },
        {
          "L": 32,
          "v_p": 0.7958668811554088,
          "vacuum_covariance_cp_t": 1245.3667237736254,
          "rows": [
            {
              "epsilon": 0.2,
              "empty": false,
              "reference_mu": 0.1960342806591214,
              "vacuum_magnetic_power_units": 1245.3667237736254,
              "one_minus_vacuum_power_units": 0.04266301973938108,
              "one_magnetic_power_units": 1245.4093867933648
            },
            {
              "epsilon": 0.4,
              "empty": false,
              "reference_mu": 0.31260462269692624,
              "vacuum_magnetic_power_units": 1245.3667237736254,
              "one_minus_vacuum_power_units": 0.3463246189729391,
              "one_magnetic_power_units": 1245.7130483925982
            },
            {
              "epsilon": 0.7,
              "empty": false,
              "reference_mu": 0.5675533961618602,
              "vacuum_magnetic_power_units": 1245.3667237736254,
              "one_minus_vacuum_power_units": 3.895375321888055,
              "one_magnetic_power_units": 1249.2620990955133
            },
            {
              "epsilon": 1.0,
              "empty": false,
              "reference_mu": 0.8101706872403114,
              "vacuum_magnetic_power_units": 1245.3667237736254,
              "one_minus_vacuum_power_units": 16.66071491852167,
              "one_magnetic_power_units": 1262.0274386921471
            },
            {
              "epsilon": 2.0,
              "empty": false,
              "reference_mu": 1.6703056114845563,
              "vacuum_magnetic_power_units": 1245.3667237736254,
              "one_minus_vacuum_power_units": 381.85533935912645,
              "one_magnetic_power_units": 1627.2220631327518
            },
            {
              "epsilon": 3.5,
              "empty": false,
              "reference_mu": 2.512983072114368,
              "vacuum_magnetic_power_units": 1245.3667237736254,
              "one_minus_vacuum_power_units": 2490.7334475472508,
              "one_magnetic_power_units": 3736.100171320876
            }
          ]
        },
        {
          "L": 64,
          "v_p": 0.7958673809958539,
          "vacuum_covariance_cp_t": 1245.3676154519667,
          "rows": [
            {
              "epsilon": 0.2,
              "empty": false,
              "reference_mu": 0.1566992944811666,
              "vacuum_magnetic_power_units": 1245.3676154519667,
              "one_minus_vacuum_power_units": 0.021722372489755674,
              "one_magnetic_power_units": 1245.3893378244563
            },
            {
              "epsilon": 0.4,
              "empty": false,
              "reference_mu": 0.3082012052965781,
              "vacuum_magnetic_power_units": 1245.3676154519667,
              "one_minus_vacuum_power_units": 0.3363939854966702,
              "one_magnetic_power_units": 1245.7040094374634
            },
            {
              "epsilon": 0.7,
              "empty": false,
              "reference_mu": 0.561794078710386,
              "vacuum_magnetic_power_units": 1245.3676154519667,
              "one_minus_vacuum_power_units": 3.7429310481623856,
              "one_magnetic_power_units": 1249.110546500129
            },
            {
              "epsilon": 1.0,
              "empty": false,
              "reference_mu": 0.8048639733371042,
              "vacuum_magnetic_power_units": 1245.3676154519667,
              "one_minus_vacuum_power_units": 16.235806272131306,
              "one_magnetic_power_units": 1261.603421724098
            },
            {
              "epsilon": 2.0,
              "empty": false,
              "reference_mu": 1.6682731520300829,
              "vacuum_magnetic_power_units": 1245.3676154519667,
              "one_minus_vacuum_power_units": 379.72631903789363,
              "one_magnetic_power_units": 1625.0939344898602
            },
            {
              "epsilon": 3.5,
              "empty": false,
              "reference_mu": 2.5129814938481805,
              "vacuum_magnetic_power_units": 1245.3676154519667,
              "one_minus_vacuum_power_units": 2490.735230903934,
              "one_magnetic_power_units": 3736.1028463559005
            }
          ]
        }
      ],
      "elapsed_seconds": 0.452503832988441
    },
    "POWER_POSITIVE_CERTIFICATE.json": {
      "scope": "Find a finite plaquette filling, then verify its energy-power bound exactly.\n\nThe numerical linear program only proposes coefficients. Rational equality\nof every link and the displayed inequality are checked independently of the\noptimizer's feasibility tolerance or optimality report. Root author control.\n",
      "input_sha256": "fb1d3c29f65408710e8ebdad4e9ad1584de0f063e4eda17a3a0c7eff4cab0374",
      "lambda": 1550,
      "residual_filling_l1": "646",
      "vacuum_covariance_lower_multiple_vp": "904",
      "vacuum_covariance_upper_multiple_vp": "2196",
      "all_edge_equalities_exact": true,
      "edges_checked": 525,
      "optimizer_optimality_required": false,
      "filling": [
        {
          "origin": [
            -1,
            -1,
            0
          ],
          "mu": 0,
          "nu": 1,
          "coefficient": "1"
        },
        {
          "origin": [
            -1,
            0,
            -1
          ],
          "mu": 0,
          "nu": 1,
          "coefficient": "2"
        },
        {
          "origin": [
            -1,
            0,
            -1
          ],
          "mu": 0,
          "nu": 2,
          "coefficient": "1"
        },
        {
          "origin": [
            -1,
            0,
            0
          ],
          "mu": 0,
          "nu": 1,
          "coefficient": "10"
        },
        {
          "origin": [
            -1,
            0,
            0
          ],
          "mu": 0,
          "nu": 2,
          "coefficient": "-3"
        },
        {
          "origin": [
            -1,
            0,
            0
          ],
          "mu": 1,
          "nu": 2,
          "coefficient": "2"
        },
        {
          "origin": [
            -1,
            1,
            -1
          ],
          "mu": 0,
          "nu": 2,
          "coefficient": "2"
        },
        {
          "origin": [
            0,
            -2,
            0
          ],
          "mu": 0,
          "nu": 1,
          "coefficient": "1"
        },
        {
          "origin": [
            0,
            -1,
            -1
          ],
          "mu": 0,
          "nu": 1,
          "coefficient": "2"
        },
        {
          "origin": [
            0,
            -1,
            -1
          ],
          "mu": 0,
          "nu": 2,
          "coefficient": "2"
        },
        {
          "origin": [
            0,
            -1,
            0
          ],
          "mu": 0,
          "nu": 1,
          "coefficient": "98"
        },
        {
          "origin": [
            0,
            -1,
            0
          ],
          "mu": 0,
          "nu": 2,
          "coefficient": "-2"
        },
        {
          "origin": [
            0,
            -1,
            1
          ],
          "mu": 0,
          "nu": 1,
          "coefficient": "2"
        },
        {
          "origin": [
            0,
            0,
            -2
          ],
          "mu": 0,
          "nu": 1,
          "coefficient": "1"
        },
        {
          "origin": [
            0,
            0,
            -1
          ],
          "mu": 0,
          "nu": 1,
          "coefficient": "93"
        },
        {
          "origin": [
            0,
            0,
            -1
          ],
          "mu": 1,
          "nu": 2,
          "coefficient": "-1"
        },
        {
          "origin": [
            0,
            0,
            0
          ],
          "mu": 0,
          "nu": 1,
          "coefficient": "23"
        },
        {
          "origin": [
            0,
            0,
            0
          ],
          "mu": 0,
          "nu": 2,
          "coefficient": "-94"
        },
        {
          "origin": [
            0,
            0,
            0
          ],
          "mu": 1,
          "nu": 2,
          "coefficient": "93"
        },
        {
          "origin": [
            0,
            0,
            1
          ],
          "mu": 0,
          "nu": 2,
          "coefficient": "-1"
        },
        {
          "origin": [
            0,
            0,
            1
          ],
          "mu": 1,
          "nu": 2,
          "coefficient": "1"
        },
        {
          "origin": [
            0,
            1,
            -2
          ],
          "mu": 0,
          "nu": 2,
          "coefficient": "1"
        },
        {
          "origin": [
            0,
            1,
            -1
          ],
          "mu": 0,
          "nu": 2,
          "coefficient": "98"
        },
        {
          "origin": [
            0,
            1,
            -1
          ],
          "mu": 1,
          "nu": 2,
          "coefficient": "-1"
        },
        {
          "origin": [
            0,
            1,
            0
          ],
          "mu": 0,
          "nu": 2,
          "coefficient": "-4"
        },
        {
          "origin": [
            0,
            1,
            0
          ],
          "mu": 1,
          "nu": 2,
          "coefficient": "1"
        },
        {
          "origin": [
            1,
            -1,
            0
          ],
          "mu": 0,
          "nu": 1,
          "coefficient": "1"
        },
        {
          "origin": [
            1,
            0,
            -2
          ],
          "mu": 1,
          "nu": 2,
          "coefficient": "-1"
        },
        {
          "origin": [
            1,
            0,
            -1
          ],
          "mu": 0,
          "nu": 2,
          "coefficient": "1"
        },
        {
          "origin": [
            1,
            0,
            -1
          ],
          "mu": 1,
          "nu": 2,
          "coefficient": "-98"
        },
        {
          "origin": [
            1,
            0,
            0
          ],
          "mu": 0,
          "nu": 2,
          "coefficient": "-1"
        },
        {
          "origin": [
            1,
            0,
            0
          ],
          "mu": 1,
          "nu": 2,
          "coefficient": "4"
        }
      ],
      "claim": "t=lambda c_p + sum b_q c_q; triangle/Cauchy imply (lambda-sum|b|)v_p <= Cov(c_p.x,t.x) <= (lambda+sum|b|)v_p.",
      "not_claimed": "Independent reconstruction, full positive-time power, total all-channel flux, heat or absorbed photon energy.",
      "elapsed_seconds": 0.01713491603732109
    }
  },
  "stages": [
    {
      "program": "prepared_energy_polynomial.py",
      "code_sha256": "6cccd8c7e49152fea4f1c6ff98475ce1c2912d2567592c883c6cf9df0152f48e",
      "result": "ENERGY_POLYNOMIAL_RESULTS.json",
      "stdout_sha256": "1eceb4d91ca183175ada3f32de0c839cec3015ae9a3d781a7cf1a526963055af",
      "stdout_bytes": 425564,
      "stderr_bytes": 0,
      "exit_code": 0,
      "elapsed_seconds": 0.3376416659448296
    },
    {
      "program": "energy_spectral_controls.py",
      "code_sha256": "f8c4eff9a2548248fc851d9bfc4f45dea633e8e461579d698ec9532a4d4c6f84",
      "result": "ENERGY_SPECTRAL_RESULTS.json",
      "stdout_sha256": "61b9afe6d8fb3ec32cbdbf82458fcad4f970924ed81fadfd2034ebf4995497db",
      "stdout_bytes": 133672,
      "stderr_bytes": 0,
      "exit_code": 0,
      "elapsed_seconds": 0.9516973339486867
    },
    {
      "program": "selected_power_polynomial.py",
      "code_sha256": "4bdcfb289da43524edfe91b190bc3dcc1818f17516b70f7e37b674af10e46e9b",
      "result": "POWER_POLYNOMIAL_RESULTS.json",
      "stdout_sha256": "0cbf8e4d41684f534f0f6f1dc1bd710c3c27eac73ec16b969fdbd3552d03819a",
      "stdout_bytes": 1108502,
      "stderr_bytes": 0,
      "exit_code": 0,
      "elapsed_seconds": 1.2208481668494642
    },
    {
      "program": "power_spectral_controls.py",
      "code_sha256": "5fbf4599e5571419d8b555b1444d978dbec86043b50c20a810e56f360089e633",
      "result": "POWER_SPECTRAL_RESULTS.json",
      "stdout_sha256": "fb1d3c29f65408710e8ebdad4e9ad1584de0f063e4eda17a3a0c7eff4cab0374",
      "stdout_bytes": 14940,
      "stderr_bytes": 0,
      "exit_code": 0,
      "elapsed_seconds": 0.5443628330249339
    },
    {
      "program": "power_positive_certificate.py",
      "code_sha256": "7ca2a3580a8b2c90ed9ee3f4ae1fde7c08336237f7743fb0b64fabf0fe29cd0b",
      "result": "POWER_POSITIVE_CERTIFICATE.json",
      "stdout_sha256": "fb4294ee4d9dcf8b9ad93a28a1cd1e9bd46a8d2ce3009a39c5d506dbc3a19d3b",
      "stdout_bytes": 5091,
      "stderr_bytes": 0,
      "exit_code": 0,
      "elapsed_seconds": 0.8008158328011632
    }
  ],
  "source_sha256": "30bcc516487bd268c089793b675cf4a39932e03f8fd2b3afc80183f711af5799",
  "elapsed_seconds": 3.8667462919838727,
  "all_assertions_passed": true
}
TOTAL_PASS: 5

----- stderr -----

