path	hard_hits	soft_hits	categories	claim_id	audit_status	effective_status	claim_type	bucket
docs/3D_CORRECTION_MASTER_NOTE.md	0	3	superseded-memo-cite:3	3d_correction_master_note	unaudited	meta	meta	misc
docs/A1_QUBIT_INTERPRETATION_NOTE_2026-05-20.md	0	5	superseded-memo-cite:5	a1_qubit_interpretation_note_2026-05-20	unaudited	meta	meta	misc
docs/A3_OPTION_C_BRANNEN_RIVERO_PHYSICAL_LATTICE_BOUNDED_OBSTRUCTION_NOTE_2026-05-08_optC.md	0	1	superseded-memo-cite:1	a3_option_c_brannen_rivero_physical_lattice_bounded_obstruction_note_2026-05-08_optc	unaudited	unaudited	bounded_theorem	misc
docs/A3_R1_REVIEW_CONFIRMS_OBSTRUCTION_NOTE_2026-05-08_r1hr.md	0	1	superseded-memo-cite:1	a3_r1_review_confirms_obstruction_note_2026-05-08_r1hr	unaudited	unaudited	bounded_theorem	misc
docs/A3_R2_REVIEW_CONFIRMS_EXHAUSTION_NOTE_2026-05-08_r2hr.md	0	3	superseded-memo-cite:3	a3_r2_review_confirms_exhaustion_note_2026-05-08_r2hr	unaudited	unaudited	bounded_theorem	misc
docs/A3_R3_REVIEW_CONFIRMS_OBSTRUCTION_NOTE_2026-05-08_r3hr.md	0	1	superseded-memo-cite:1	a3_r3_review_confirms_obstruction_note_2026-05-08_r3hr	unaudited	unaudited	bounded_theorem	misc
docs/A3_R4_REVIEW_CONFIRMED_NOTE_2026-05-08_r4hr.md	0	2	superseded-memo-cite:2	a3_r4_review_confirmed_note_2026-05-08_r4hr	unaudited	unaudited	bounded_theorem	misc
docs/A3_R5_REVIEW_CONFIRMS_OBSTRUCTION_NOTE_2026-05-08_r5hr.md	0	1	superseded-memo-cite:1	a3_r5_review_confirms_obstruction_note_2026-05-08_r5hr	unaudited	unaudited	bounded_theorem	misc
docs/A3_ROUTE1_HIGGS_YUKAWA_C3_BREAKING_BOUNDED_OBSTRUCTION_NOTE_2026-05-08_r1.md	0	2	superseded-memo-cite:2	a3_route1_higgs_yukawa_c3_breaking_bounded_obstruction_note_2026-05-08_r1	unaudited	unaudited	bounded_theorem	misc
docs/A3_ROUTE2_SINGLE_CLOCK_C3_OBSTRUCTION_NOTE_2026-05-08_r2.md	0	3	superseded-memo-cite:3	a3_route2_single_clock_c3_obstruction_note_2026-05-08_r2	unaudited	unaudited	bounded_theorem	gravity-records
docs/A3_ROUTE3_ANOMALY_INFLOW_BOUNDED_OBSTRUCTION_NOTE_2026-05-08_r3.md	0	5	superseded-memo-cite:5	a3_route3_anomaly_inflow_bounded_obstruction_note_2026-05-08_r3	unaudited	unaudited	bounded_theorem	misc
docs/A3_ROUTE4_SPIN6_CHAIN_BOUNDED_OBSTRUCTION_NOTE_2026-05-08_r4.md	0	2	superseded-memo-cite:2	a3_route4_spin6_chain_bounded_obstruction_note_2026-05-08_r4	unaudited	unaudited	bounded_theorem	misc
docs/A3_ROUTE5_NO_PROPER_QUOTIENT_SHARPENED_OBSTRUCTION_NOTE_2026-05-08_r5.md	0	4	superseded-memo-cite:4	a3_route5_no_proper_quotient_sharpened_obstruction_note_2026-05-08_r5	unaudited	unaudited	bounded_theorem	misc
docs/ACPHILAMBDA_HW_COMPLEMENT_READING_REGISTRATION_EQUIVALENCE_BOUNDED_THEOREM_NOTE_2026-06-12.md	0	1	superseded-memo-cite:1	acphilambda_hw_complement_reading_registration_equivalence_bounded_theorem_note_2026-06-12	unaudited	unaudited	bounded_theorem	gravity-records
docs/ACPHILAMBDA_OCCUPANCY_SELECTION_REALIZED_STATE_REDUCTION_NOTE_2026-06-11.md	0	2	superseded-memo-cite:1,three-axiom-baseline:1	acphilambda_occupancy_selection_realized_state_reduction_note_2026-06-11	unaudited	unaudited	bounded_theorem	foundations-record-dynamics
docs/ACPHILAMBDA_R_ETA_READOUT_IDENTIFICATION_NARROWING_BOUNDED_THEOREM_NOTE_2026-06-11.md	0	1	superseded-memo-cite:1	acphilambda_r_eta_readout_identification_narrowing_bounded_theorem_note_2026-06-11	unaudited	unaudited	bounded_theorem	foundations-record-dynamics
docs/ACPHILAMBDA_R_ETA_W2_REGISTRABILITY_CONTEXT_BRIDGE_NOTE_2026-06-18.md	1	4	durable-registration:1,superseded-memo-cite:4	acphilambda_r_eta_w2_registrability_context_bridge_note_2026-06-18	unaudited	unaudited	bounded_theorem	misc
docs/ACPHILAMBDA_SPECIES_BRIDGE_REALIZED_STATE_DECOMPOSITION_NOTE_2026-06-11.md	0	1	superseded-memo-cite:1	acphilambda_species_bridge_realized_state_decomposition_note_2026-06-11	unaudited	unaudited	bounded_theorem	foundations-record-dynamics
docs/AC_PHI_LAMBDA_PRESERVED_C3_STRUCTURAL_FORECLOSURE_BOUNDED_THEOREM_NOTE_2026-05-10.md	0	4	superseded-memo-cite:4	ac_phi_lambda_preserved_c3_structural_foreclosure_bounded_theorem_note_2026-05-10	unaudited	unaudited	no_go	misc
docs/ADJACENCY_RANK_QUBIT_CLIFFORD_BOUND_NARROW_THEOREM_NOTE_2026-06-10.md	0	5	quantum-axiom-name:3,superseded-memo-cite:2	adjacency_rank_qubit_clifford_bound_narrow_theorem_note_2026-06-10	unaudited	unaudited	bounded_theorem	foundations-record-dynamics
docs/AI_METHODOLOGY_NOTE_2026-04-25.md	0	2	superseded-memo-cite:2	ai_methodology_note_2026-04-25	unaudited	meta	meta	misc
docs/ALLORDERS_B4_MARGINAL_PROTECTION_SYMMETRY_THEOREM_NOTE_2026-06-14.md	0	2	superseded-memo-cite:2	allorders_b4_marginal_protection_symmetry_theorem_note_2026-06-14	unaudited	unaudited	bounded_theorem	misc
docs/ALPHA_BARE_FOUR_PI_FROM_Z3_PLANCHEREL_BRIDGE_BOUNDED_NOTE_2026-05-26.md	1	1	lattice-quantum-record:1,superseded-memo-cite:1	alpha_bare_four_pi_from_z3_plancherel_bridge_bounded_note_2026-05-26	unaudited	unaudited	bounded_theorem	misc
docs/ALPHA_CONVENTION_I2_ACCEPTED_PREMISE_BRIDGE_BOUNDED_NOTE_2026-05-27.md	0	1	superseded-memo-cite:1	alpha_convention_i2_accepted_premise_bridge_bounded_note_2026-05-27	unaudited	unaudited	bounded_theorem	misc
docs/ALPHA_S_4LOOP_RUNNING_DERIVATION_PARTIAL_NOTE_2026-05-10_4loop.md	0	7	superseded-memo-cite:7	alpha_s_4loop_running_derivation_partial_note_2026-05-10_4loop	unaudited	unaudited	bounded_theorem	misc
docs/ALPHA_S_DIRECT_WILSON_LOOP_HONEST_STATUS_AUDIT_NOTE_2026-05-02.md	0	10	superseded-memo-cite:10	alpha_s_direct_wilson_loop_honest_status_audit_note_2026-05-02	unaudited	unaudited	open_gate	gauge-theta
docs/ALPHA_S_TADPOLE_IMPROVEMENT_VERTEX_POWER_NARROW_THEOREM_NOTE_2026-05-10.md	0	1	superseded-memo-cite:1	alpha_s_tadpole_improvement_vertex_power_narrow_theorem_note_2026-05-10	audited_clean	retained	positive_theorem	foundations-record-dynamics
docs/ANOMALY_CANCELLATION_PROOF_WALK_LATTICE_INDEPENDENCE_BOUNDED_NOTE_2026-05-08.md	0	1	superseded-memo-cite:1	anomaly_cancellation_proof_walk_lattice_independence_bounded_note_2026-05-08	unaudited	unaudited	bounded_theorem	misc
docs/ARROW_CPT_ORIENTATION_DO_NOT_SOURCE_CP_ODD_ACTION_COEFFICIENTS_NO_GO_NOTE_2026-06-08.md	1	2	lattice-quantum-record:1,superseded-memo-cite:2	arrow_cpt_orientation_do_not_source_cp_odd_action_coefficients_no_go_note_2026-06-08	unaudited	unaudited	no_go	gravity-records
docs/ARROW_FROM_RECORD_FORMATION_PAST_HYPOTHESIS_RESIDUAL_NOTE_2026-06-05.md	1	3	lattice-quantum-record:1,superseded-memo-cite:3	arrow_from_record_formation_past_hypothesis_residual_note_2026-06-05	audit_in_progress	audit_in_progress	bounded_theorem	foundations-record-dynamics
docs/AXIOM_FIRST_BEKENSTEIN_BOUND_THEOREM_NOTE_2026-05-01.md	0	2	superseded-memo-cite:2	axiom_first_bekenstein_bound_theorem_note_2026-05-01	unaudited	unaudited	bounded_theorem	foundations-record-dynamics
docs/AXIOM_FIRST_BIRKHOFF_THEOREM_NOTE_2026-05-01.md	0	2	superseded-memo-cite:2	axiom_first_birkhoff_theorem_note_2026-05-01	unaudited	unaudited	positive_theorem	foundations-record-dynamics
docs/AXIOM_FIRST_CL3_PER_SITE_UNIQUENESS_THEOREM_NOTE_2026-04-29.md	0	8	superseded-memo-cite:8	axiom_first_cl3_per_site_uniqueness_theorem_note_2026-04-29	unaudited	unaudited	bounded_theorem	foundations-record-dynamics
docs/AXIOM_FIRST_CLUSTER_DECOMPOSITION_TEMPORAL_NARROW_THEOREM_NOTE_2026-06-05.md	0	2	superseded-memo-cite:2	axiom_first_cluster_decomposition_temporal_narrow_theorem_note_2026-06-05	unaudited	unaudited	bounded_theorem	foundations-record-dynamics
docs/AXIOM_FIRST_CLUSTER_DECOMPOSITION_THEOREM_NOTE_2026-04-29.md	0	4	superseded-memo-cite:4	axiom_first_cluster_decomposition_theorem_note_2026-04-29	unaudited	unaudited	bounded_theorem	foundations-record-dynamics
docs/AXIOM_FIRST_CPT_THEOREM_STRETCH_NOTE_2026-04-29.md	0	13	superseded-memo-cite:13	axiom_first_cpt_theorem_stretch_note_2026-04-29	unaudited	unaudited	bounded_theorem	foundations-record-dynamics
docs/AXIOM_FIRST_FIRST_LAW_BH_MECHANICS_THEOREM_NOTE_2026-05-01.md	0	2	superseded-memo-cite:2	axiom_first_first_law_bh_mechanics_theorem_note_2026-05-01	unaudited	unaudited	bounded_theorem	foundations-record-dynamics
docs/AXIOM_FIRST_GENERALIZED_SECOND_LAW_THEOREM_NOTE_2026-05-01.md	0	2	superseded-memo-cite:2	axiom_first_generalized_second_law_theorem_note_2026-05-01	unaudited	unaudited	bounded_theorem	foundations-record-dynamics
docs/AXIOM_FIRST_HAWKING_TEMPERATURE_THEOREM_NOTE_2026-05-01.md	0	2	superseded-memo-cite:2	axiom_first_hawking_temperature_theorem_note_2026-05-01	unaudited	unaudited	bounded_theorem	foundations-record-dynamics
docs/AXIOM_FIRST_KMS_CONDITION_THEOREM_NOTE_2026-05-01.md	1	6	lattice-quantum-record:1,superseded-memo-cite:6	axiom_first_kms_condition_theorem_note_2026-05-01	unaudited	unaudited	positive_theorem	foundations-record-dynamics
docs/AXIOM_FIRST_LATTICE_NOETHER_ONSITE_INTERNAL_NARROW_THEOREM_NOTE_2026-06-05.md	1	2	lattice-quantum-record:1,superseded-memo-cite:2	axiom_first_lattice_noether_onsite_internal_narrow_theorem_note_2026-06-05	unaudited	unaudited	bounded_theorem	foundations-record-dynamics
docs/AXIOM_FIRST_LATTICE_NOETHER_THEOREM_NOTE_2026-04-29.md	0	16	superseded-memo-cite:16	axiom_first_lattice_noether_theorem_note_2026-04-29	unaudited	unaudited	bounded_theorem	foundations-record-dynamics
docs/AXIOM_FIRST_LATTICE_WZ_FUJIKAWA_NARROW_THEOREM_NOTE_2026-05-26.md	0	2	superseded-memo-cite:2	axiom_first_lattice_wz_fujikawa_narrow_theorem_note_2026-05-26	unaudited	unaudited	bounded_theorem	foundations-record-dynamics
docs/AXIOM_FIRST_MICROCAUSALITY_LIEB_ROBINSON_THEOREM_NOTE_2026-05-01.md	0	5	quantum-axiom-name:3,superseded-memo-cite:2	axiom_first_microcausality_lieb_robinson_theorem_note_2026-05-01	unaudited	unaudited	bounded_theorem	foundations-record-dynamics
docs/AXIOM_FIRST_REEH_SCHLIEDER_THEOREM_NOTE_2026-05-01.md	0	3	quantum-axiom-name:1,superseded-memo-cite:2	axiom_first_reeh_schlieder_theorem_note_2026-05-01	unaudited	unaudited	bounded_theorem	foundations-record-dynamics
docs/AXIOM_FIRST_REFLECTION_POSITIVITY_WILSON_TEMPORAL_GAUGE_BRIDGE_NARROW_THEOREM_NOTE_2026-06-05.md	1	1	lattice-quantum-record:1,superseded-memo-cite:1	axiom_first_reflection_positivity_wilson_temporal_gauge_bridge_narrow_theorem_note_2026-06-05	unaudited	unaudited	bounded_theorem	gauge-theta
docs/AXIOM_FIRST_RP_TWO_STEP_TRANSFER_MATRIX_POSITIVITY_NOTE_2026-05-28.md	2	2	lattice-quantum-record:2,superseded-memo-cite:2	axiom_first_rp_two_step_transfer_matrix_positivity_note_2026-05-28	audited_clean	retained_bounded	bounded_theorem	foundations-record-dynamics
docs/AXIOM_FIRST_SINGLE_CLOCK_CODIMENSION1_EVOLUTION_THEOREM_NOTE_2026-05-03.md	1	4	lattice-quantum-record:1,superseded-memo-cite:4	axiom_first_single_clock_codimension1_evolution_theorem_note_2026-05-03	unaudited	unaudited	bounded_theorem	gravity-records
docs/AXIOM_FIRST_SPECTRUM_CONDITION_BLOCKED_TIME_NORMALIZATION_BRIDGE_NARROW_THEOREM_NOTE_2026-06-05.md	1	1	lattice-quantum-record:1,superseded-memo-cite:1	axiom_first_spectrum_condition_blocked_time_normalization_bridge_narrow_theorem_note_2026-06-05	audited_conditional	audited_conditional	bounded_theorem	foundations-record-dynamics
docs/AXIOM_FIRST_SPECTRUM_CONDITION_THEOREM_NOTE_2026-04-29.md	0	1	superseded-memo-cite:1	axiom_first_spectrum_condition_theorem_note_2026-04-29	unaudited	unaudited	positive_theorem	foundations-record-dynamics
docs/AXIOM_FIRST_SPIN_STATISTICS_THEOREM_NOTE_2026-04-29.md	0	12	quantum-axiom-name:6,superseded-memo-cite:6	axiom_first_spin_statistics_theorem_note_2026-04-29	unaudited	unaudited	bounded_theorem	foundations-record-dynamics
docs/AXIOM_FIRST_STEFAN_BOLTZMANN_NOTE_2026-05-17.md	0	1	superseded-memo-cite:1	axiom_first_stefan_boltzmann_note_2026-05-17	unaudited	meta	meta	foundations-record-dynamics
docs/AXIOM_FIRST_STEFAN_BOLTZMANN_THEOREM_NOTE_2026-05-01.md	0	3	superseded-memo-cite:3	axiom_first_stefan_boltzmann_theorem_note_2026-05-01	unaudited	unaudited	positive_theorem	foundations-record-dynamics
docs/AXIOM_FIRST_UNRUH_TEMPERATURE_THEOREM_NOTE_2026-05-01.md	0	2	superseded-memo-cite:2	axiom_first_unruh_temperature_theorem_note_2026-05-01	unaudited	unaudited	bounded_theorem	foundations-record-dynamics
docs/AXIOM_FIRST_Z_N_EQUIVARIANT_SPECTRAL_ASYMMETRY_NARROW_THEOREM_NOTE_2026-05-26.md	0	2	superseded-memo-cite:2	axiom_first_z_n_equivariant_spectral_asymmetry_narrow_theorem_note_2026-05-26	unaudited	unaudited	bounded_theorem	foundations-record-dynamics
docs/AXIOM_RECONCILIATION_INDEX_2026-07-12.md	2	1	durable-registration:1,lattice-quantum-record:1,three-axiom-baseline:1					excluded-historical
docs/AXIOM_STACK_MINIMALITY_CL4C_NO_GO_THEOREM_NOTE_2026-04-29.md	0	5	superseded-memo-cite:5	axiom_stack_minimality_cl4c_no_go_theorem_note_2026-04-29	unaudited	unaudited	positive_theorem	foundations-record-dynamics
docs/BAE_MAX_ENTROPY_RETAINED_BOUNDED_OBSTRUCTION_NOTE_2026-05-10_baemaxent.md	0	6	superseded-memo-cite:6	bae_max_entropy_retained_bounded_obstruction_note_2026-05-10_baemaxent	unaudited	unaudited	bounded_theorem	misc
docs/BH_QUARTER_WALD_NEWTON_COEFFICIENT_NARROW_THEOREM_NOTE_2026-05-10.md	0	1	superseded-memo-cite:1	bh_quarter_wald_newton_coefficient_narrow_theorem_note_2026-05-10	audited_clean	retained	positive_theorem	foundations-record-dynamics
docs/BINOM_D_2_EQUALS_TWICE_DMINUS1_FORCES_D_FOUR_NARROW_THEOREM_NOTE_2026-05-26.md	0	1	superseded-memo-cite:1	binom_d_2_equals_twice_dminus1_forces_d_four_narrow_theorem_note_2026-05-26	audited_clean	retained	positive_theorem	foundations-record-dynamics
docs/BLOCK_SPIN_CP_COMPRESSION_COLOR_REEMERGENCE_NARROW_NO_GO_NOTE_2026-06-08.md	0	3	quantum-axiom-name:3	block_spin_cp_compression_color_reemergence_narrow_no_go_note_2026-06-08	unaudited	unaudited	no_go	gauge-theta
docs/BRANNEN_AMPLITUDE_EQUIPARTITION_BAE_RENAME_META_NOTE_2026-05-09.md	0	1	superseded-memo-cite:1	brannen_amplitude_equipartition_bae_rename_meta_note_2026-05-09	unaudited	meta	meta	misc
docs/BRIDGE_GAP_HK_TIME_DERIVATION_NOTE_2026-05-06.md	0	1	superseded-memo-cite:1	bridge_gap_hk_time_derivation_note_2026-05-06	unaudited	unaudited	bounded_theorem	misc
docs/BRIDGE_LANES_PROMOTION_PROPOSAL_NOTE_2026-05-10_lanes.md	0	5	superseded-memo-cite:5	bridge_lanes_promotion_proposal_note_2026-05-10_lanes	unaudited	meta	meta	misc
docs/BUSCH_POVM_EFFECT_GLEASON_QUBIT_AUTHORITY_BRIDGE_NARROW_THEOREM_NOTE_2026-06-05.md	0	9	quantum-axiom-name:5,superseded-memo-cite:4	busch_povm_effect_gleason_qubit_authority_bridge_narrow_theorem_note_2026-06-05	audited_clean	retained_bounded	bounded_theorem	probability-born
docs/BUSCH_POVM_EXTENSION_DEPS_CHANGED_HYGIENE_COMPANION_NOTE_2026-06-04.md	0	17	quantum-axiom-name:5,superseded-memo-cite:12	busch_povm_extension_deps_changed_hygiene_companion_note_2026-06-04	unaudited	meta	meta	misc
docs/BUSCH_POVM_EXTENSION_ON_QUBIT_LATTICE_NARROW_THEOREM_NOTE_2026-05-20.md	0	4	superseded-memo-cite:4	busch_povm_extension_on_qubit_lattice_narrow_theorem_note_2026-05-20	unaudited	unaudited	positive_theorem	foundations-record-dynamics
docs/BZ_VOLUME_TWO_PI_CUBED_SUBSTRATE_INTERNAL_NARROW_THEOREM_NOTE_2026-05-26.md	0	2	superseded-memo-cite:2	bz_volume_two_pi_cubed_substrate_internal_narrow_theorem_note_2026-05-26	unaudited	unaudited	bounded_theorem	foundations-record-dynamics
docs/B_INDEPENDENCE_MECHANISM_NOTE.md	0	2	superseded-memo-cite:2	b_independence_mechanism_note	unaudited	unaudited	bounded_theorem	misc
docs/C3_SYMMETRY_PRESERVED_INTERPRETATION_NOTE_2026-05-08.md	0	1	superseded-memo-cite:1	c3_symmetry_preserved_interpretation_note_2026-05-08	unaudited	meta	meta	misc
docs/C3_SYMMETRY_PRESERVED_INTERPRETATION_NOTE_2026-05-17.md	0	1	superseded-memo-cite:1	c3_symmetry_preserved_interpretation_note_2026-05-17	unaudited	meta	meta	misc
docs/CAMPAIGN_CONSISTENCY_SURVEY_NOTE_2026-05-10_meta.md	0	8	superseded-memo-cite:8	campaign_consistency_survey_note_2026-05-10_meta	unaudited	meta	meta	misc
docs/CAR_FROM_POSITIVITY_NEUTRALITY_NOTE_2026-06-02.md	0	2	superseded-memo-cite:2	car_from_positivity_neutrality_note_2026-06-02	audited_clean	retained_no_go	no_go	misc
docs/CHARGED_LEPTON_KOIDE_TWO_GATE_TIER_A_BOUNDED_THEOREM_NOTE_2026-06-02.md	0	2	superseded-memo-cite:2	charged_lepton_koide_two_gate_tier_a_bounded_theorem_note_2026-06-02	unaudited	unaudited	bounded_theorem	flavor-koide
docs/CHARGED_LEPTON_LANE6_THEOREM_PLAN_NOTE_2026-04-28.md	0	2	superseded-memo-cite:2	charged_lepton_lane6_theorem_plan_note_2026-04-28	unaudited	meta	meta	flavor-koide
docs/CHARGED_LEPTON_Y_TAU_WARD_COMBINED_NO_GO_NOTE_2026-05-10.md	0	1	superseded-memo-cite:1	charged_lepton_y_tau_ward_combined_no_go_note_2026-05-10	unaudited	unaudited	no_go	flavor-koide
docs/CHARGED_LEPTON_Y_TAU_WARD_IDENTITY_SU2_ANCHOR_NOTE_2026-04-28.md	0	3	superseded-memo-cite:3	charged_lepton_y_tau_ward_identity_su2_anchor_note_2026-04-28	unaudited	unaudited	open_gate	flavor-koide
docs/CHARGED_LEPTON_Y_TAU_WARD_IDENTITY_U1_ANCHOR_NOTE_2026-04-28.md	0	1	superseded-memo-cite:1	charged_lepton_y_tau_ward_identity_u1_anchor_note_2026-04-28	unaudited	unaudited	open_gate	flavor-koide
docs/CHARGED_LEPTON_Y_TAU_WARD_STRUCTURAL_ANCHOR_REQUIREMENTS_POSITIVE_THEOREM_NOTE_2026-05-17.md	0	2	superseded-memo-cite:2	charged_lepton_y_tau_ward_structural_anchor_requirements_positive_theorem_note_2026-05-17	unaudited	unaudited	positive_theorem	flavor-koide
docs/CHERN_CHARACTER_K2_TOP_FORM_FORCES_D_FOUR_NARROW_THEOREM_NOTE_2026-05-26.md	0	3	superseded-memo-cite:3	chern_character_k2_top_form_forces_d_four_narrow_theorem_note_2026-05-26	audited_clean	retained	positive_theorem	gauge-theta
docs/CHIRAL_CONTENT_IS_THE_EPSILON_D_CHIRALITY_IMPORT_DISTINCT_FROM_ORIENTATION_NARROW_THEOREM_NOTE_2026-06-08.md	0	2	superseded-memo-cite:2	chiral_content_is_the_epsilon_d_chirality_import_distinct_from_orientation_narrow_theorem_note_2026-06-08	unaudited	unaudited	bounded_theorem	foundations-record-dynamics
docs/CHSH_TSIRELSON_LATTICE_QUBITS_BOUND_NOTE_2026-05-20.md	0	6	quantum-axiom-name:2,superseded-memo-cite:4	chsh_tsirelson_lattice_qubits_bound_note_2026-05-20	unaudited	unaudited	bounded_theorem	misc
docs/CKM_A_SQUARED_BELOW_W2_Y_QUANTUM_CLOSURE_THEOREM_NOTE_2026-04-25.md	0	6	superseded-memo-cite:6	ckm_a_squared_below_w2_y_quantum_closure_theorem_note_2026-04-25	unaudited	unaudited	positive_theorem	flavor-koide
docs/CKM_CP_PHASE_ARCTAN_SQRT5_BRIDGE_REDUCTION_OPEN_GATE_NOTE_2026-06-08.md	0	2	superseded-memo-cite:2	ckm_cp_phase_arctan_sqrt5_bridge_reduction_open_gate_note_2026-06-08	unaudited	unaudited	open_gate	flavor-koide
docs/CKM_EW_LATTICE_A4_BRIDGE_RETAINED_IDENTITY_NOTE_2026-04-25.md	0	2	superseded-memo-cite:2	ckm_ew_lattice_a4_bridge_retained_identity_note_2026-04-25	unaudited	unaudited	positive_theorem	flavor-koide
docs/CKM_KOIDE_CROSS_SECTOR_Z3_CLOSURE_THEOREM_NOTE_2026-04-25.md	0	5	superseded-memo-cite:5	ckm_koide_cross_sector_z3_closure_theorem_note_2026-04-25	unaudited	unaudited	positive_theorem	flavor-koide
docs/CKM_MODULI_ONLY_UNITARITY_JARLSKOG_AREA_CERTIFICATE_THEOREM_NOTE_2026-04-26.md	0	1	superseded-memo-cite:1	ckm_moduli_only_unitarity_jarlskog_area_certificate_theorem_note_2026-04-26	unaudited	unaudited	bounded_theorem	flavor-koide
docs/CL31_M4R_DIMENSION_SIXTEEN_NARROW_THEOREM_NOTE_2026-05-26.md	0	2	superseded-memo-cite:2	cl31_m4r_dimension_sixteen_narrow_theorem_note_2026-05-26	audited_clean	retained	positive_theorem	foundations-record-dynamics
docs/CL3_COMPLEXIFICATION_SPLIT_NARROW_THEOREM_NOTE_2026-05-10.md	0	1	superseded-memo-cite:1	cl3_complexification_split_narrow_theorem_note_2026-05-10	audited_clean	retained	positive_theorem	foundations-record-dynamics
docs/CL3_FRAME_FREE_AMBIENT_CHIRAL_GRADING_NO_GO_NOTE_2026-06-02.md	0	4	quantum-axiom-name:2,superseded-memo-cite:2	cl3_frame_free_ambient_chiral_grading_no_go_note_2026-06-02	unaudited	unaudited	no_go	misc
docs/CL3_NORMALIZATION_I3_ACCEPTED_PREMISE_BRIDGE_BOUNDED_NOTE_2026-05-27.md	0	1	superseded-memo-cite:1	cl3_normalization_i3_accepted_premise_bridge_bounded_note_2026-05-27	unaudited	unaudited	bounded_theorem	misc
docs/CL3_SM_EMBEDDING_MASTER_NOTE.md	0	5	superseded-memo-cite:5	cl3_sm_embedding_master_note	unaudited	unaudited	positive_theorem	misc
docs/CL3_SM_EMBEDDING_THEOREM.md	0	2	superseded-memo-cite:2	cl3_sm_embedding_theorem	unaudited	unaudited	positive_theorem	misc
docs/CL3_TASTE_GENERATION_THEOREM.md	0	4	superseded-memo-cite:4	cl3_taste_generation_theorem	unaudited	unaudited	bounded_theorem	matter-kinetic
docs/CL3_TO_CL31_SPINOR_EXTENSION_NARROW_THEOREM_NOTE_2026-05-27.md	0	4	superseded-memo-cite:4	cl3_to_cl31_spinor_extension_narrow_theorem_note_2026-05-27	audit_in_progress	audit_in_progress	positive_theorem	foundations-record-dynamics
docs/CLAUDE_COMPLEX_ACTION_GROWN_COMPANION_NOTE_2026-05-10.md	0	2	superseded-memo-cite:2	claude_complex_action_grown_companion_note_2026-05-10	unaudited	meta	meta	misc
docs/CLIFFORD_CHIRALITY_DIMENSION_NARROW_THEOREM_NOTE_2026-05-10.md	0	10	superseded-memo-cite:10	clifford_chirality_dimension_narrow_theorem_note_2026-05-10	audited_clean	retained	positive_theorem	foundations-record-dynamics
docs/CLOSURE_C_L1_PER_GRAPH_CASIMIR_NOTE_2026-05-10_cL1c.md	0	2	superseded-memo-cite:2	closure_c_l1_per_graph_casimir_note_2026-05-10_cl1c	unaudited	unaudited	bounded_theorem	misc
docs/CLOSURE_C_STAGGERED_DIRAC_GATE_NOTE_2026-05-10_cStaggered.md	0	2	superseded-memo-cite:2	closure_c_staggered_dirac_gate_note_2026-05-10_cstaggered	unaudited	unaudited	open_gate	matter-kinetic
docs/CLOSURE_T1_HF_96_CONNES_CONSTRUCTION_NOTE_2026-05-10_t1hf96.md	0	2	superseded-memo-cite:2	closure_t1_hf_96_connes_construction_note_2026-05-10_t1hf96	unaudited	unaudited	bounded_theorem	misc
docs/CLOSURE_T2_GNEWTON_REAUDIT_NOTE_2026-05-10_t2gnewton.md	0	2	superseded-memo-cite:2	closure_t2_gnewton_reaudit_note_2026-05-10_t2gnewton	unaudited	unaudited	open_gate	misc
docs/CLUSTER_DECOMPOSITION_DELTA_X_FINITE_LAMBDA_AXIS_PERMUTATION_NARROW_NOTE_2026-06-02.md	0	1	superseded-memo-cite:1	cluster_decomposition_delta_x_finite_lambda_axis_permutation_narrow_note_2026-06-02	audited_decoration	decoration_under_cluster_decomposition_delta_t_finite_lambda_operator_real_note_2026-05-19	decoration	foundations-record-dynamics
docs/CLUSTER_DECOMPOSITION_MASS_GAP_BRIDGE_THEOREM_NOTE_2026-05-09.md	0	2	superseded-memo-cite:2	cluster_decomposition_mass_gap_bridge_theorem_note_2026-05-09	audited_conditional	audited_conditional	bounded_theorem	matter-kinetic
docs/CLUSTER_DECOMPOSITION_PARENT_EQ8_REPAIR_NARROW_NOTE_2026-06-02.md	0	2	superseded-memo-cite:2	cluster_decomposition_parent_eq8_repair_narrow_note_2026-06-02	unaudited	unaudited	bounded_theorem	foundations-record-dynamics
docs/CLUSTER_DECOMPOSITION_SPATIAL_SLAB_BRIDGE_THEOREM_NOTE_2026-05-17.md	0	2	superseded-memo-cite:2	cluster_decomposition_spatial_slab_bridge_theorem_note_2026-05-17	audited_conditional	audited_conditional	bounded_theorem	misc
docs/COLOR_SU3_MATTER_REALIZATION_RESIDUAL_MAP_2026-06-05.md	0	2	superseded-memo-cite:2	color_su3_matter_realization_residual_map_2026-06-05	unaudited	meta	meta	gauge-theta
docs/COLOR_SU3_RESTRICTED_TRANSPORT_PROFILE_2026-06-05.md	1	0	three-framework-axioms:1	color_su3_restricted_transport_profile_2026-06-05	unaudited	unaudited	bounded_theorem	gauge-theta
docs/COLOR_SU3_SYMMETRIC_BASE_BRIDGE_FROM_RECORD_INVARIANCE_BOUNDED_NOTE_2026-06-05.md	1	3	lattice-quantum-record:1,quantum-axiom-name:1,superseded-memo-cite:2	color_su3_symmetric_base_bridge_from_record_invariance_bounded_note_2026-06-05	unaudited	unaudited	bounded_theorem	gauge-theta
docs/COMPLEX_SELECTIVITY_COMPARE_NOTE.md	0	2	superseded-memo-cite:2	complex_selectivity_compare_note	unaudited	unaudited	bounded_theorem	misc
docs/CONTINUUM_EQUIVARIANT_ETA_STANDARD_FORM_DELTA_FIREWALL_BOUNDED_NOTE_2026-06-12.md	0	2	superseded-memo-cite:2	continuum_equivariant_eta_standard_form_delta_firewall_bounded_note_2026-06-12	unaudited	unaudited	bounded_theorem	misc
docs/CONVENTIONS_UNIFICATION_COMPANION_NOTE_2026-05-08.md	0	2	superseded-memo-cite:2	conventions_unification_companion_note_2026-05-08	unaudited	meta	meta	misc
docs/CORRELATOR_CYCLE_PHASES_READBACK_BLIND_OR_STATE_CONTINGENT_BOUNDED_NOTE_2026-06-12.md	0	2	superseded-memo-cite:2	correlator_cycle_phases_readback_blind_or_state_contingent_bounded_note_2026-06-12	audited_conditional	audited_conditional	bounded_theorem	misc
docs/CUBIC_ANISOTROPY_SECTIONS_SO3_FRAME_BOUNDED_THEOREM_NOTE_2026-06-17.md	0	2	superseded-memo-cite:2	cubic_anisotropy_sections_so3_frame_bounded_theorem_note_2026-06-17	unaudited	unaudited	bounded_theorem	matter-kinetic
docs/CUBIC_COXETER_REGGE_DEFICIT_VANISHING_NARROW_THEOREM_NOTE_2026-05-10.md	0	1	superseded-memo-cite:1	cubic_coxeter_regge_deficit_vanishing_narrow_theorem_note_2026-05-10	audited_clean	retained	positive_theorem	foundations-record-dynamics
docs/C_ISO_DERIVED_THEOREM_NOTE_2026-05-07_w3.md	0	1	superseded-memo-cite:1	c_iso_derived_theorem_note_2026-05-07_w3	unaudited	unaudited	open_gate	misc
docs/D31_MAGNITUDE_EXPONENT_TRANSLATION_PROBE_2026-06-05.md	0	2	superseded-memo-cite:2	d31_magnitude_exponent_translation_probe_2026-06-05	unaudited	meta	meta	misc
docs/D3_CHECKERBOARD_STEP1_CLOSED_FORM_PARITY_LEMMA_BOUNDED_THEOREM_NOTE_2026-06-12.md	0	2	superseded-memo-cite:2	d3_checkerboard_step1_closed_form_parity_lemma_bounded_theorem_note_2026-06-12	audited_clean	retained_bounded	bounded_theorem	misc
docs/D3_UPPER_BOUND_IMPORT_SCOPE_GATE_NOTE_2026-06-06.md	1	0	lattice-quantum-record:1	d3_upper_bound_import_scope_gate_note_2026-06-06	unaudited	unaudited	bounded_theorem	misc
docs/DARWINISM_BRIDGE_RESIDUAL_LOCAL_OBSERVABILITY_OPEN_GATE_NOTE_2026-06-05.md	1	3	durable-registration:1,quantum-axiom-name:1,superseded-memo-cite:2	darwinism_bridge_residual_local_observability_open_gate_note_2026-06-05	unaudited	unaudited	open_gate	misc
docs/DET_HOLONOMY_TRIVIAL_ON_HERMITIAN_POSITIVE_CIRCULANT_EDGE_CONTENT_BOUNDED_NOTE_2026-06-12.md	0	2	superseded-memo-cite:2	det_holonomy_trivial_on_hermitian_positive_circulant_edge_content_bounded_note_2026-06-12	audited_conditional	audited_conditional	bounded_theorem	misc
docs/DIRAC_LORENTZ_DIAGNOSTIC_BOUNDARIES_FROM_REJECTED_REPAIRS_NOTE_2026-06-07.md	0	4	superseded-memo-cite:4	dirac_lorentz_diagnostic_boundaries_from_rejected_repairs_note_2026-06-07	unaudited	unaudited	open_gate	matter-kinetic
docs/DIRAC_WEYL_FERMION_DOF_FROM_LORENTZ_AND_CHIRALITY_ADMISSION_BRIDGE_NOTE_2026-05-28.md	0	2	superseded-memo-cite:1,three-axiom-baseline:1	dirac_weyl_fermion_dof_from_lorentz_and_chirality_admission_bridge_note_2026-05-28	unaudited	unaudited	bounded_theorem	matter-kinetic
docs/DM_M_DM_INVERSE_BAND_GAUGE_AUDIT_BOUNDED_NOTE_2026-05-09.md	0	2	superseded-memo-cite:2	dm_m_dm_inverse_band_gauge_audit_bounded_note_2026-05-09	unaudited	unaudited	bounded_theorem	gauge-theta
docs/DM_NEUTRINO_WEAK_TRIPLET_COEFFICIENT_AXIOM_BOUNDARY_NOTE_2026-04-15.md	1	4	lattice-quantum-record:1,superseded-memo-cite:4	dm_neutrino_weak_triplet_coefficient_axiom_boundary_note_2026-04-15	unaudited	unaudited	bounded_theorem	foundations-record-dynamics
docs/DM_WILSON_DIRECT_DESCENDANT_CANONICAL_FIBER_MIXED_SPECTRAL_BRANCH_WEIGHT_NO_GO_NOTE_2026-04-19.md	0	2	superseded-memo-cite:2	dm_wilson_direct_descendant_canonical_fiber_mixed_spectral_branch_weight_no_go_note_2026-04-19	unaudited	unaudited	no_go	gauge-theta
docs/DM_WILSON_DIRECT_DESCENDANT_TRANSPORT_FIBER_MINIMAL_LOCAL_SPECTRAL_LAW_NO_GO_NOTE_2026-04-19.md	0	2	superseded-memo-cite:2	dm_wilson_direct_descendant_transport_fiber_minimal_local_spectral_law_no_go_note_2026-04-19	unaudited	unaudited	no_go	gauge-theta
docs/DT1_TIME_DIMENSION_PROOF_WALK_LATTICE_INDEPENDENCE_BOUNDED_NOTE_2026-05-08.md	0	2	superseded-memo-cite:2	dt1_time_dimension_proof_walk_lattice_independence_bounded_note_2026-05-08	unaudited	unaudited	bounded_theorem	misc
docs/DYNAMICS_AXIOM_MINIMAL_NONTRIVIALITY_BRANCH_PROPOSAL_2026-06-29.md	3	1	lattice-quantum-record:3,superseded-memo-cite:1	dynamics_axiom_minimal_nontriviality_branch_proposal_2026-06-29	unaudited	meta	meta	foundations-record-dynamics
docs/DYNAMICS_CONTENT_SORT_ORDERING_DERIVED_ACCUMULATION_IRREDUCIBLE_BOUNDED_NOTE_2026-07-03.md	15	0	durable-registration:2,invariant-repeated-readout:5,locks-one-nonadmissible:1,site-need-not-carry:4,subset-available-under-admissibility:3	dynamics_content_sort_ordering_derived_accumulation_irreducible_bounded_note_2026-07-03	unaudited	unaudited	bounded_theorem	foundations-record-dynamics
docs/DYNAMICS_FORM_FROM_RECORD_PRESERVATION_GAUGE_INVARIANT_LOCAL_CLASS_BOUNDED_THEOREM_NOTE_2026-06-05.md	1	2	lattice-quantum-record:1,superseded-memo-cite:2	dynamics_form_from_record_preservation_gauge_invariant_local_class_bounded_theorem_note_2026-06-05	unaudited	unaudited	bounded_theorem	gauge-theta
docs/EDGE_TWO_SITE_FRAMING_SUPPLIES_NO_NATIVE_COLOR_ROUTE_RECORD_TEXT_NARROW_NO_GO_NOTE_2026-06-08.md	2	4	durable-registration:1,kcpt-orbit-realized:1,superseded-memo-cite:4	edge_two_site_framing_supplies_no_native_color_route_record_text_narrow_no_go_note_2026-06-08	unaudited	unaudited	no_go	gauge-theta
docs/EIDENT_DECOMPOSITION_DEFINITIONAL_PROPORTIONALITY_CTX_MATCH_BOUNDED_NOTE_2026-07-02.md	6	0	central-sector-readout-context:3,kcpt-orbit-realized:3	eident_decomposition_definitional_proportionality_ctx_match_bounded_note_2026-07-02	unaudited	unaudited	bounded_theorem	misc
docs/EMERGENT_LORENTZ_INTERACTING_VELOCITY_RG_ATTRACTOR_NOTE_2026-06-06.md	0	2	superseded-memo-cite:2	emergent_lorentz_interacting_velocity_rg_attractor_note_2026-06-06	unaudited	unaudited	open_gate	misc
docs/EMERGENT_LORENTZ_RADIATIVE_STABILITY_DISCRETE_TICK_B4_BOUNDED_THEOREM_NOTE_2026-06-08.md	0	2	superseded-memo-cite:2	emergent_lorentz_radiative_stability_discrete_tick_b4_bounded_theorem_note_2026-06-08	unaudited	unaudited	positive_theorem	misc
docs/EPSSTAR_FULL_KERNEL_COEFFICIENT_DERIVATION_BOUNDED_THEOREM_NOTE_2026-06-12.md	0	2	superseded-memo-cite:2	epsstar_full_kernel_coefficient_derivation_bounded_theorem_note_2026-06-12	audited_conditional	audited_conditional	bounded_theorem	misc
docs/EP_RECORD_STIFFNESS_CONDITIONAL_SHARED_COUPLING_TEMPLATE_NOTE_2026-06-07.md	0	2	superseded-memo-cite:2	ep_record_stiffness_conditional_shared_coupling_template_note_2026-06-07	unaudited	unaudited	open_gate	foundations-record-dynamics
docs/EP_RECORD_STIFFNESS_CONTEXT_INDEPENDENCE_NO_GO_NOTE_2026-06-17.md	2	3	durable-registration:1,kcpt-orbit-realized:1,superseded-memo-cite:2,three-axiom-baseline:1	ep_record_stiffness_context_independence_no_go_note_2026-06-17	unaudited	unaudited	no_go	foundations-record-dynamics
docs/EQUIVARIANT_WILSON_ETA_DENSITIES_VANISH_ON_TESTED_WINDOW_BOUNDED_NOTE_2026-06-12.md	0	2	superseded-memo-cite:2	equivariant_wilson_eta_densities_vanish_on_tested_window_bounded_note_2026-06-12	unaudited	unaudited	bounded_theorem	gauge-theta
docs/EW_KAPPA_WEIGHTING_NOT_AXIOM_DERIVABLE_NO_GO_NOTE_2026-06-09.md	0	2	quantum-axiom-name:2	ew_kappa_weighting_not_axiom_derivable_no_go_note_2026-06-09	unaudited	unaudited	no_go	foundations-record-dynamics
docs/EW_LATTICE_COS_SQ_THETA_W_COMPLEMENT_BRIDGE_THEOREM_NOTE_2026-04-26.md	0	4	superseded-memo-cite:4	ew_lattice_cos_sq_theta_w_complement_bridge_theorem_note_2026-04-26	unaudited	unaudited	positive_theorem	gauge-theta
docs/EXP_DECAY_LIEB_ROBINSON_QUASILOCAL_BRIDGE_THEOREM_NOTE_2026-06-11.md	0	2	superseded-memo-cite:2	exp_decay_lieb_robinson_quasilocal_bridge_theorem_note_2026-06-11	unaudited	unaudited	bounded_theorem	misc
docs/FIBER_FRAME_LOCAL_REDUNDANCY_BRIDGE_NARROW_THEOREM_NOTE_2026-06-09.md	2	2	durable-registration:1,lattice-quantum-record:1,superseded-memo-cite:2	fiber_frame_local_redundancy_bridge_narrow_theorem_note_2026-06-09	unaudited	unaudited	bounded_theorem	foundations-record-dynamics
docs/FLAVOR_DET_CHARACTER_SELECTION_AUDIT_READY_2026-06-04.md	0	2	superseded-memo-cite:2	flavor_det_character_selection_audit_ready_2026-06-04	unaudited	unaudited	bounded_theorem	flavor-koide
docs/FLAVOR_HW_CLIFFORD_DOES_NOT_CONSTRAIN_R_2026-06-02.md	0	2	superseded-memo-cite:2	flavor_hw_clifford_does_not_constrain_r_2026-06-02	unaudited	unaudited	open_gate	flavor-koide
docs/FLAVOR_LANE_PANEL_REDUCES_TO_DOUBLET_MODE_COUNT_2026-05-31.md	0	1	quantum-axiom-name:1	flavor_lane_panel_reduces_to_doublet_mode_count_2026-05-31	unaudited	unaudited	bounded_theorem	flavor-koide
docs/FLAVOR_LOGDET_FACTOR_2_RECORD_READOUT_REALIZATION_NARROW_THEOREM_NOTE_2026-06-04.md	0	2	superseded-memo-cite:2	flavor_logdet_factor_2_record_readout_realization_narrow_theorem_note_2026-06-04	unaudited	unaudited	bounded_theorem	flavor-koide
docs/FLAVOR_LOGDET_FACTOR_4A_SOURCE_ACTION_IDENTIFICATION_NARROW_COMPANION_NOTE_2026-06-04.md	1	0	lattice-quantum-record:1	flavor_logdet_factor_4a_source_action_identification_narrow_companion_note_2026-06-04	unaudited	unaudited	bounded_theorem	flavor-koide
docs/FLAVOR_LOGDET_FACTOR_4B_JACOBI_DERIVATIVE_NARROW_THEOREM_NOTE_2026-06-04.md	0	1	superseded-memo-cite:1	flavor_logdet_factor_4b_jacobi_derivative_narrow_theorem_note_2026-06-04	audited_clean	retained	positive_theorem	flavor-koide
docs/FLAVOR_LOGDET_FORM_UNDER_RECORD_AXIOM_2026-06-04.md	0	2	superseded-memo-cite:2	flavor_logdet_form_under_record_axiom_2026-06-04	unaudited	unaudited	bounded_theorem	flavor-koide
docs/FLAVOR_LOGDET_GENERATOR_THREE_FACTOR_PROVENANCE_2026-06-04.md	0	2	superseded-memo-cite:2	flavor_logdet_generator_three_factor_provenance_2026-06-04	unaudited	meta	meta	flavor-koide
docs/FLAVOR_MAX_RECORD_ENTROPY_IS_SECTOR_BLIND_CANNOT_DERIVE_THE_KOIDE_DIAL_NARROW_NO_GO_NOTE_2026-06-15.md	1	0	lattice-quantum-record:1	flavor_max_record_entropy_is_sector_blind_cannot_derive_the_koide_dial_narrow_no_go_note_2026-06-15	unaudited	unaudited	no_go	flavor-koide
docs/FLAVOR_NATIVE_ACTION_PREDICTS_Q1_2026-06-02.md	0	2	superseded-memo-cite:2	flavor_native_action_predicts_q1_2026-06-02	unaudited	unaudited	open_gate	flavor-koide
docs/FLAVOR_OPERATOR_SPECTRAL_FUNCTIONALS_DO_NOT_FORCE_R_HALF_NO_GO_NOTE_2026-06-02.md	0	2	superseded-memo-cite:2	flavor_operator_spectral_functionals_do_not_force_r_half_no_go_note_2026-06-02	unaudited	unaudited	no_go	flavor-koide
docs/FLAVOR_RECORD_READOUT_FORM_NOT_WEIGHT_2026-06-02.md	1	2	lattice-quantum-record:1,superseded-memo-cite:2	flavor_record_readout_form_not_weight_2026-06-02	unaudited	unaudited	open_gate	flavor-koide
docs/FREE_BILINEAR_QUASILOCAL_LR_BRIDGE_THEOREM_NOTE_2026-06-10.md	1	4	lattice-quantum-record:1,superseded-memo-cite:4	free_bilinear_quasilocal_lr_bridge_theorem_note_2026-06-10	unaudited	unaudited	bounded_theorem	misc
docs/FREE_DIRAC_POINCARE_STONE_DIFFERENTIAL_GENERATOR_COINCIDENCE_COMMON_CORE_BOUNDED_THEOREM_NOTE_2026-06-08.md	0	2	superseded-memo-cite:2	free_dirac_poincare_stone_differential_generator_coincidence_common_core_bounded_theorem_note_2026-06-08	unaudited	unaudited	bounded_theorem	matter-kinetic
docs/FROZEN_REGION_RECORD_SATURATION_LOCAL_FINALITY_BOUNDARY_INFLUENCE_BOUNDED_NOTE_2026-07-03.md	1	0	invariant-repeated-readout:1	frozen_region_record_saturation_local_finality_boundary_influence_bounded_note_2026-07-03	audited_clean	retained_bounded	bounded_theorem	foundations-record-dynamics
docs/FS_FORCED_MODULO_EMERGENT_LORENTZ_STRESS_TEST_NOTE_2026-06-06.md	1	2	lattice-quantum-record:1,superseded-memo-cite:2	fs_forced_modulo_emergent_lorentz_stress_test_note_2026-06-06	unaudited	unaudited	open_gate	misc
docs/FS_RECONSTRUCTION_R_AND_TIGHT_LINK_REVIEW_NOTE_2026-06-06.md	0	2	superseded-memo-cite:2	fs_reconstruction_r_and_tight_link_review_note_2026-06-06	unaudited	unaudited	bounded_theorem	misc
docs/FS_ROTATION_EXCHANGE_DISCRETE_INSUFFICIENCY_NARROW_NO_GO_NOTE_2026-05-28.md	0	8	superseded-memo-cite:8	fs_rotation_exchange_discrete_insufficiency_narrow_no_go_note_2026-05-28	unaudited	unaudited	no_go	foundations-record-dynamics
docs/FS_ROTATION_EXCHANGE_DISCRETE_INSUFFICIENCY_RECORD_AXIOM_INVARIANCE_COMPANION_NOTE_2026-06-04.md	0	23	quantum-axiom-name:4,superseded-memo-cite:19	fs_rotation_exchange_discrete_insufficiency_record_axiom_invariance_companion_note_2026-06-04	unaudited	meta	meta	foundations-record-dynamics
docs/F_WEDGE_F_TOP_FORM_FORCES_D_FOUR_NARROW_THEOREM_NOTE_2026-05-26.md	0	3	superseded-memo-cite:3	f_wedge_f_top_form_forces_d_four_narrow_theorem_note_2026-05-26	unaudited	unaudited	positive_theorem	foundations-record-dynamics
docs/GAMMA_FULL_VS_GAMMA_CRIT_DECISIVE_NOGO_NOTE_2026-06-08.md	0	2	superseded-memo-cite:2	gamma_full_vs_gamma_crit_decisive_nogo_note_2026-06-08	unaudited	unaudited	no_go	misc
docs/GATE_B_CONTEXT_INDEPENDENCE_NO_GO_NOTE_2026-06-17.md	0	2	superseded-memo-cite:2	gate_b_context_independence_no_go_note_2026-06-17	unaudited	unaudited	no_go	misc
docs/GAUGE_ALGEBRA_SUPPLIED_CARRIER_GAUGING_SELECTION_OPEN_GATE_NOTE_2026-06-08.md	2	0	lattice-quantum-record:2	gauge_algebra_supplied_carrier_gauging_selection_open_gate_note_2026-06-08	unaudited	unaudited	open_gate	gauge-theta
docs/GAUGE_GAUGING_SELECTION_CONJUGATION_INDEPENDENCE_NO_GO_NOTE_2026-06-16.md	0	2	superseded-memo-cite:2	gauge_gauging_selection_conjugation_independence_no_go_note_2026-06-16	unaudited	unaudited	no_go	gauge-theta
docs/GAUGE_OS_STEP1_WILSON_PLAQUETTE_DECOMPOSITION_THETA_INVARIANCE_REFLECTION_HERMITICITY_NARROW_THEOREM_NOTE_2026-06-02.md	0	1	superseded-memo-cite:1	gauge_os_step1_wilson_plaquette_decomposition_theta_invariance_reflection_hermiticity_narrow_theorem_note_2026-06-02	audit_in_progress	audit_in_progress	bounded_theorem	gauge-theta
docs/GAUGE_TEMPORAL_GAUGE_MIXED_KERNEL_SPATIAL_LINK_FACTORIZATION_NARROW_THEOREM_NOTE_2026-05-10.md	0	1	superseded-memo-cite:1	gauge_temporal_gauge_mixed_kernel_spatial_link_factorization_narrow_theorem_note_2026-05-10	audited_clean	retained	positive_theorem	gauge-theta
docs/GAUGE_VACUUM_PLAQUETTE_FINITE_TENSOR_WORD_PACKET_BOUNDED_NOTE_2026-05-10.md	0	1	superseded-memo-cite:1	gauge_vacuum_plaquette_finite_tensor_word_packet_bounded_note_2026-05-10	unaudited	unaudited	bounded_theorem	gauge-theta
docs/GAUGE_VACUUM_PLAQUETTE_HIERARCHY_OBSTRUCTION_LEMMAS_BOUNDED_NOTE_2026-05-10.md	0	1	superseded-memo-cite:1	gauge_vacuum_plaquette_hierarchy_obstruction_lemmas_bounded_note_2026-05-10	unaudited	unaudited	bounded_theorem	gauge-theta
docs/GAUGE_VACUUM_PLAQUETTE_REDUCTION_EXISTENCE_THEOREM_NOTE.md	0	1	superseded-memo-cite:1	gauge_vacuum_plaquette_reduction_existence_theorem_note	unaudited	unaudited	bounded_theorem	gauge-theta
docs/GAUGE_VACUUM_PLAQUETTE_SPECTRAL_MEASURE_THEOREM_NOTE.md	0	1	superseded-memo-cite:1	gauge_vacuum_plaquette_spectral_measure_theorem_note	unaudited	unaudited	bounded_theorem	gauge-theta
docs/GAUGE_VACUUM_PLAQUETTE_U1_DENSITY_SIGN_ALTERNATION_NARROW_NOTE_2026-05-17.md	0	1	superseded-memo-cite:1	gauge_vacuum_plaquette_u1_density_sign_alternation_narrow_note_2026-05-17	unaudited	unaudited	positive_theorem	gauge-theta
docs/GAUGE_WILSON_ISOTROPY_BOUNDARY_HYGIENE_COMPANION_NOTE_2026-06-04.md	0	23	quantum-axiom-name:4,superseded-memo-cite:19	gauge_wilson_isotropy_boundary_hygiene_companion_note_2026-06-04	unaudited	meta	meta	gauge-theta
docs/GBARE_WILSON_ACTION_INTERNAL_PROOF_WALK_BOUNDED_NOTE_2026-05-08.md	0	1	superseded-memo-cite:1	gbare_wilson_action_internal_proof_walk_bounded_note_2026-05-08	unaudited	unaudited	bounded_theorem	gauge-theta
docs/GENERATION_DIAL_DYNAMICS_STABILITY_CLASSIFIER_2026-06-05.md	1	0	lattice-quantum-record:1	generation_dial_dynamics_stability_classifier_2026-06-05	unaudited	unaudited	bounded_theorem	foundations-record-dynamics
docs/GENERATION_KOIDE_SINGLE_MODULUS_REDUCTION_2026-06-05.md	1	0	lattice-quantum-record:1	generation_koide_single_modulus_reduction_2026-06-05	unaudited	unaudited	bounded_theorem	flavor-koide
docs/GENERATION_PRIOR_STABILITY_2026-06-05.md	0	2	superseded-memo-cite:2	generation_prior_stability_2026-06-05	unaudited	meta	meta	misc
docs/GENERATION_WEIGHT_DIAL_STRUCTURE_2026-06-05.md	1	0	lattice-quantum-record:1	generation_weight_dial_structure_2026-06-05	unaudited	unaudited	positive_theorem	misc
docs/GLEASON_ON_QUBIT_LATTICE_PROJECTION_LATTICE_NARROW_THEOREM_NOTE_2026-05-20.md	0	1	superseded-memo-cite:1	gleason_on_qubit_lattice_projection_lattice_narrow_theorem_note_2026-05-20	unaudited	unaudited	bounded_theorem	probability-born
docs/GL_F_FROM_BEREZIN_RP_RECONSTRUCTION_NARROW_THEOREM_NOTE_2026-06-10.md	0	2	superseded-memo-cite:2	gl_f_from_berezin_rp_reconstruction_narrow_theorem_note_2026-06-10	unaudited	unaudited	bounded_theorem	foundations-record-dynamics
docs/GL_F_IDENTIFICATION_BRIDGE_DECOMPOSITION_NARROW_THEOREM_NOTE_2026-06-11.md	0	4	quantum-axiom-name:2,superseded-memo-cite:2	gl_f_identification_bridge_decomposition_narrow_theorem_note_2026-06-11	unaudited	unaudited	open_gate	foundations-record-dynamics
docs/GL_F_MULTILOOP_GRADED_NET_COCYCLE_NARROW_NO_GO_NOTE_2026-06-10.md	1	3	lattice-quantum-record:1,quantum-axiom-name:1,superseded-memo-cite:2	gl_f_multiloop_graded_net_cocycle_narrow_no_go_note_2026-06-10	unaudited	unaudited	no_go	foundations-record-dynamics
docs/GRAVITY_SIGN_IS_ONE_RESIDUAL_AT_THE_TT_KERNEL_BLOCK_NARROW_THEOREM_NOTE_2026-06-08.md	1	0	lattice-quantum-record:1	gravity_sign_is_one_residual_at_the_tt_kernel_block_narrow_theorem_note_2026-06-08	unaudited	unaudited	bounded_theorem	gravity-records
docs/G_BARE_CANONICAL_CONVENTION_NARROW_THEOREM_NOTE_2026-05-02.md	0	1	superseded-memo-cite:1	g_bare_canonical_convention_narrow_theorem_note_2026-05-02	unaudited	unaudited	bounded_theorem	foundations-record-dynamics
docs/G_BARE_CONSTRAINT_VS_CONVENTION_RESTATEMENT_NOTE_2026-05-07.md	0	1	superseded-memo-cite:1	g_bare_constraint_vs_convention_restatement_note_2026-05-07	unaudited	unaudited	positive_theorem	misc
docs/G_BARE_FORCED_BY_WARD_REP_B_INDEPENDENCE_RECORD_AXIOM_INVARIANCE_COMPANION_NOTE_2026-06-04.md	0	18	superseded-memo-cite:18	g_bare_forced_by_ward_rep_b_independence_record_axiom_invariance_companion_note_2026-06-04	unaudited	meta	meta	foundations-record-dynamics
docs/G_BARE_TWO_WARD_H_UNIT_RESIDUE_ACCEPTED_PREMISE_BRIDGE_BOUNDED_NOTE_2026-05-26.md	0	1	superseded-memo-cite:1	g_bare_two_ward_h_unit_residue_accepted_premise_bridge_bounded_note_2026-05-26	unaudited	unaudited	bounded_theorem	misc
docs/G_NEWTON_BORN_AS_SOURCE_POSITIVE_THEOREM_NOTE_2026-05-10_gnewtonG2.md	0	4	superseded-memo-cite:4	g_newton_born_as_source_positive_theorem_note_2026-05-10_gnewtong2	unaudited	unaudited	bounded_theorem	gravity-records
docs/G_NEWTON_SELF_CONSISTENCY_BOUNDED_SHARPENING_NOTE_2026-05-10_planckP4.md	0	4	superseded-memo-cite:4	g_newton_self_consistency_bounded_sharpening_note_2026-05-10_planckp4	unaudited	unaudited	bounded_theorem	misc
docs/G_NEWTON_SKELETON_SELECTION_BOUNDED_NOTE_2026-05-10_gnewtonG1.md	0	2	superseded-memo-cite:2	g_newton_skeleton_selection_bounded_note_2026-05-10_gnewtong1	unaudited	unaudited	bounded_theorem	misc
docs/G_NEWTON_WEAK_FIELD_RESPONSE_BOUNDED_CLOSURE_NOTE_2026-05-10_gnewtonG3.md	0	4	superseded-memo-cite:4	g_newton_weak_field_response_bounded_closure_note_2026-05-10_gnewtong3	unaudited	unaudited	bounded_theorem	misc
docs/G_WEAK_FROM_FRAMEWORK_NOTE_2026-05-03.md	0	4	superseded-memo-cite:4	g_weak_from_framework_note_2026-05-03	unaudited	unaudited	bounded_theorem	misc
docs/HADRON_LANE1_CHIRAL_CONDENSATE_BANKS_CASHER_SCOPING_SUPPORT_NOTE_2026-04-27.md	0	3	superseded-memo-cite:3	hadron_lane1_chiral_condensate_banks_casher_scoping_support_note_2026-04-27	unaudited	unaudited	no_go	misc
docs/HADRON_LANE1_CONFINEMENT_TO_MASS_FIREWALL_NOTE_2026-04-27.md	0	1	superseded-memo-cite:1	hadron_lane1_confinement_to_mass_firewall_note_2026-04-27	unaudited	unaudited	bounded_theorem	matter-kinetic
docs/HADRON_LANE1_SQRT_SIGMA_B2_GATE_REPAIR_AUDIT_NOTE_2026-04-30.md	0	1	superseded-memo-cite:1	hadron_lane1_sqrt_sigma_b2_gate_repair_audit_note_2026-04-30	unaudited	unaudited	open_gate	misc
docs/HADRON_LANE1_SQRT_SIGMA_RETENTION_GATE_AUDIT_SUPPORT_NOTE_2026-04-27.md	1	3	lattice-quantum-record:1,superseded-memo-cite:3	hadron_lane1_sqrt_sigma_retention_gate_audit_support_note_2026-04-27	unaudited	unaudited	open_gate	misc
docs/HADRON_MASS_LANE1_THEOREM_PLAN_SUPPORT_NOTE_2026-04-27.md	0	3	superseded-memo-cite:3	hadron_mass_lane1_theorem_plan_support_note_2026-04-27	unaudited	unaudited	open_gate	matter-kinetic
docs/HIERARCHY_ALPHA_BARE_FOUR_PI_CONTINUUM_MEASURE_CONTENT_ATTRIBUTION_BOUNDED_NOTE_2026-05-26.md	0	5	superseded-memo-cite:5	hierarchy_alpha_bare_four_pi_continuum_measure_content_attribution_bounded_note_2026-05-26	unaudited	unaudited	bounded_theorem	hierarchy
docs/HIERARCHY_FORMULA_HONEST_STATUS_NOTE_2026-05-10.md	0	2	superseded-memo-cite:2	hierarchy_formula_honest_status_note_2026-05-10	unaudited	unaudited	bounded_theorem	hierarchy
docs/HIERARCHY_HEAT_KERNEL_D4_COMPRESSION_BOUNDED_THEOREM_NOTE_2026-05-10.md	0	2	superseded-memo-cite:2	hierarchy_heat_kernel_d4_compression_bounded_theorem_note_2026-05-10	unaudited	unaudited	bounded_theorem	hierarchy
docs/HIERARCHY_LT4_PHYSICAL_SELECTION_PROOF_WALK_BOUNDED_NOTE_2026-05-10.md	0	1	superseded-memo-cite:1	hierarchy_lt4_physical_selection_proof_walk_bounded_note_2026-05-10	unaudited	unaudited	bounded_theorem	hierarchy
docs/HIERARCHY_MATSUBARA_DETERMINANT_RATIO_NARROW_THEOREM_NOTE_2026-05-10.md	0	2	superseded-memo-cite:2	hierarchy_matsubara_determinant_ratio_narrow_theorem_note_2026-05-10	unaudited	unaudited	bounded_theorem	hierarchy
docs/HIERARCHY_MATSUBARA_QUARTIC_COEFFICIENT_RATIO_NARROW_THEOREM_NOTE_2026-05-10.md	0	2	superseded-memo-cite:2	hierarchy_matsubara_quartic_coefficient_ratio_narrow_theorem_note_2026-05-10	unaudited	unaudited	bounded_theorem	hierarchy
docs/HIERARCHY_MERON_SUBSTRATE_BRIDGE_SU2_SU3_MISMATCH_NARROW_NO_GO_NOTE_2026-05-16.md	0	3	superseded-memo-cite:3	hierarchy_meron_substrate_bridge_su2_su3_mismatch_narrow_no_go_note_2026-05-16	unaudited	unaudited	no_go	hierarchy
docs/HIGGS_CHANNEL_EFFECTIVE_NTASTE_BOUNDARY_BOUNDED_NOTE_2026-05-08.md	0	1	superseded-memo-cite:1	higgs_channel_effective_ntaste_boundary_bounded_note_2026-05-08	unaudited	unaudited	bounded_theorem	matter-kinetic
docs/HIGGS_CLASSICALITY_BOUNDARY_OPERATOR_ABSENCE_NO_GO_NOTE_2026-05-10.md	0	4	superseded-memo-cite:4	higgs_classicality_boundary_operator_absence_no_go_note_2026-05-10	unaudited	unaudited	no_go	misc
docs/HIGGS_KAPPA_CURV_FROM_VTASTE_SYMMETRIC_POINT_NARROW_THEOREM_NOTE_2026-05-10.md	0	4	superseded-memo-cite:4	higgs_kappa_curv_from_vtaste_symmetric_point_narrow_theorem_note_2026-05-10	unaudited	unaudited	bounded_theorem	matter-kinetic
docs/HIGGS_LATTICE_TASTE_COUNT_AND_WJ_FORM_BRIDGE_NARROW_THEOREM_NOTE_2026-06-05.md	0	1	superseded-memo-cite:1	higgs_lattice_taste_count_and_wj_form_bridge_narrow_theorem_note_2026-06-05	unaudited	unaudited	bounded_theorem	matter-kinetic
docs/HIGGS_MASS_12PCT_GAP_DECOMPOSITION_BOUNDED_NOTE_2026-05-10_higgsS7.md	0	8	superseded-memo-cite:8	higgs_mass_12pct_gap_decomposition_bounded_note_2026-05-10_higgss7	unaudited	unaudited	bounded_theorem	matter-kinetic
docs/HIGGS_MASS_FROM_AXIOM_NOTE.md	0	1	quantum-axiom-name:1	higgs_mass_from_axiom_note	unaudited	unaudited	bounded_theorem	matter-kinetic
docs/HIGGS_MASS_S4B_EWSB_SELECTION_BOUNDED_NOTE_2026-05-10_s4bewsb.md	0	6	superseded-memo-cite:6	higgs_mass_s4b_ewsb_selection_bounded_note_2026-05-10_s4bewsb	unaudited	unaudited	bounded_theorem	matter-kinetic
docs/HIGGS_MASS_S4_BORN_EXTENSION_BOUNDED_NOTE_2026-05-10_higgsS4.md	0	4	superseded-memo-cite:4	higgs_mass_s4_born_extension_bounded_note_2026-05-10_higgss4	unaudited	unaudited	bounded_theorem	matter-kinetic
docs/HIGGS_MASS_WILSON_CHAIN_PARTIAL_PROGRESS_NOTE_2026-05-10_higgsH1.md	0	1	superseded-memo-cite:1	higgs_mass_wilson_chain_partial_progress_note_2026-05-10_higgsh1	unaudited	unaudited	bounded_theorem	gauge-theta
docs/HIGGS_MASS_WILSON_LOOP_SPECTROSCOPY_BOUNDED_NOTE_2026-05-10_higgsH3.md	0	1	superseded-memo-cite:1	higgs_mass_wilson_loop_spectroscopy_bounded_note_2026-05-10_higgsh3	unaudited	unaudited	bounded_theorem	gauge-theta
docs/HIGGS_TASTE_SINGLET_PROJECTION_BOUNDED_NOTE_2026-05-09.md	0	2	superseded-memo-cite:2	higgs_taste_singlet_projection_bounded_note_2026-05-09	unaudited	unaudited	bounded_theorem	matter-kinetic
docs/HIGGS_X_S4B_COMBINED_HIGGS_EWSB_G2_NOTE_2026-05-08_probeX_S4b_combined.md	0	4	superseded-memo-cite:4	higgs_x_s4b_combined_higgs_ewsb_g2_note_2026-05-08_probex_s4b_combined	unaudited	unaudited	bounded_theorem	misc
docs/HKD_CORRESPONDENCE_STRUCTURAL_EQUIVALENCE_BOUNDED_THEOREM_NOTE_2026-06-12.md	0	2	superseded-memo-cite:2	hkd_correspondence_structural_equivalence_bounded_theorem_note_2026-06-12	unaudited	unaudited	bounded_theorem	misc
docs/HODGE_STAR_MIDDLE_FORM_DECOMPOSITION_FORCES_D_FOUR_NARROW_THEOREM_NOTE_2026-05-26.md	0	3	superseded-memo-cite:3	hodge_star_middle_form_decomposition_forces_d_four_narrow_theorem_note_2026-05-26	unaudited	unaudited	positive_theorem	foundations-record-dynamics
docs/HUBBLE_LANE5_C1_A1_GRASSMANN_BOUNDARY_CAR_OBSTRUCTION_NOTE_2026-04-29.md	0	4	superseded-memo-cite:4	hubble_lane5_c1_a1_grassmann_boundary_car_obstruction_note_2026-04-29	unaudited	unaudited	bounded_theorem	misc
docs/HUBBLE_LANE5_C1_A1_GRASSMANN_NO_GO_NOTE_2026-04-28.md	0	2	superseded-memo-cite:2	hubble_lane5_c1_a1_grassmann_no_go_note_2026-04-28	unaudited	unaudited	no_go	misc
docs/HUBBLE_LANE5_C1_A2_ACTION_UNIT_METROLOGY_OBSTRUCTION_NOTE_2026-04-29.md	0	2	superseded-memo-cite:2	hubble_lane5_c1_a2_action_unit_metrology_obstruction_note_2026-04-29	unaudited	unaudited	bounded_theorem	misc
docs/HUBBLE_LANE5_C1_A2_ACTION_UNIT_NO_GO_NOTE_2026-04-28.md	0	2	superseded-memo-cite:2	hubble_lane5_c1_a2_action_unit_no_go_note_2026-04-28	unaudited	unaudited	positive_theorem	misc
docs/HUBBLE_LANE5_C1_GATE_RESIDUAL_PREMISE_ATTACK_AUDIT_NOTE_2026-04-28.md	0	3	superseded-memo-cite:3	hubble_lane5_c1_gate_residual_premise_attack_audit_note_2026-04-28	unaudited	meta	meta	misc
docs/HUBBLE_LANE5_C3_VACUUM_TOPOLOGY_NO_ACTIVE_ROUTE_NOTE_2026-04-27.md	0	1	superseded-memo-cite:1	hubble_lane5_c3_vacuum_topology_no_active_route_note_2026-04-27	unaudited	unaudited	no_go	misc
docs/HUBBLE_LANE5_COSMIC_HISTORY_RATIO_NECESSITY_NO_GO_NOTE_2026-04-26.md	2	6	lattice-quantum-record:2,superseded-memo-cite:6	hubble_lane5_cosmic_history_ratio_necessity_no_go_note_2026-04-26	unaudited	unaudited	no_go	misc
docs/HUBBLE_LANE5_WORKSTREAM_STATUS_NOTE_2026-04-27.md	0	1	superseded-memo-cite:1	hubble_lane5_workstream_status_note_2026-04-27	unaudited	unaudited	positive_theorem	misc
docs/HUBBLE_TENSION_STRUCTURAL_LOCK_THEOREM_NOTE_2026-04-26.md	0	2	superseded-memo-cite:2	hubble_tension_structural_lock_theorem_note_2026-04-26	unaudited	unaudited	positive_theorem	misc
docs/HYDROGEN_HELIUM_ATOMIC_LATTICE_KINETIC_DEPENDENCY_NARROW_REPAIR_NOTE_2026-06-02.md	2	2	lattice-quantum-record:2,superseded-memo-cite:2	hydrogen_helium_atomic_lattice_kinetic_dependency_narrow_repair_note_2026-06-02	unaudited	unaudited	bounded_theorem	matter-kinetic
docs/HYPERCHARGE_PROOF_WALK_LATTICE_INDEPENDENCE_BOUNDED_NOTE_2026-05-07.md	0	1	superseded-memo-cite:1	hypercharge_proof_walk_lattice_independence_bounded_note_2026-05-07	unaudited	unaudited	bounded_theorem	misc
docs/I1_NATIVE_QUADRATIC_STATIC_SOURCE_NORMALIZATION_BRIDGE_2026-06-08.md	0	2	superseded-memo-cite:2	i1_native_quadratic_static_source_normalization_bridge_2026-06-08	unaudited	unaudited	bounded_theorem	gravity-records
docs/INDEX_PAIRING_NOT_FORCED_KINETIC_ORDER_SELECTOR_NO_GO_NOTE_2026-06-08.md	0	3	quantum-axiom-name:1,superseded-memo-cite:2	index_pairing_not_forced_kinetic_order_selector_no_go_note_2026-06-08	unaudited	unaudited	no_go	matter-kinetic
docs/INNER_AUTOMORPHISM_INVARIANCE_TRACIAL_IDENTIFICATION_NARROW_THEOREM_NOTE_2026-05-20.md	0	7	quantum-axiom-name:2,superseded-memo-cite:4,three-axiom-baseline:1	inner_automorphism_invariance_tracial_identification_narrow_theorem_note_2026-05-20	unaudited	unaudited	bounded_theorem	foundations-record-dynamics
docs/INTERACTING_RP_FIXED_A_U_INTEGRATED_BRIDGE_BOUNDED_NOTE_2026-06-05.md	0	1	superseded-memo-cite:1	interacting_rp_fixed_a_u_integrated_bridge_bounded_note_2026-06-05	unaudited	meta	meta	misc
docs/INTERNAL_EXTERNAL_SU2_MERGER_FROM_UNIVERSAL_PROPERTY_NARROW_THEOREM_NOTE_2026-05-27.md	0	2	superseded-memo-cite:2	internal_external_su2_merger_from_universal_property_narrow_theorem_note_2026-05-27	unaudited	unaudited	bounded_theorem	foundations-record-dynamics
docs/KCPT_ORBIT_CLAUSE_KINVARIANT_SURFACE_EQUIVALENCE_NARROW_THEOREM_NOTE_2026-06-10.md	2	4	central-sector-readout-context:1,kcpt-orbit-realized:1,superseded-memo-cite:4	kcpt_orbit_clause_kinvariant_surface_equivalence_narrow_theorem_note_2026-06-10	unaudited	unaudited	bounded_theorem	foundations-record-dynamics
docs/KEY_TERMINOLOGY.md	1	0	lattice-quantum-record:1	key_terminology	unaudited	meta	meta	misc
docs/KINETIC_ISOTROPY_COMPOSITION_CLOSURE_BOUNDED_THEOREM_NOTE_2026-06-09.md	0	5	quantum-axiom-name:3,superseded-memo-cite:2	kinetic_isotropy_composition_closure_bounded_theorem_note_2026-06-09	unaudited	unaudited	bounded_theorem	matter-kinetic
docs/KINETIC_ISOTROPY_PRIMITIVE_IRREDUCIBILITY_SUPPORT_2026-06-09.md	1	2	lattice-quantum-record:1,superseded-memo-cite:2	kinetic_isotropy_primitive_irreducibility_support_2026-06-09	unaudited	unaudited	bounded_theorem	matter-kinetic
docs/KLEIN_FOUR_PRODUCT_BZ_CORNERS_FORCES_D_FOUR_NARROW_THEOREM_NOTE_2026-05-26.md	0	3	superseded-memo-cite:3	klein_four_product_bz_corners_forces_d_four_narrow_theorem_note_2026-05-26	unaudited	unaudited	positive_theorem	foundations-record-dynamics
docs/KOIDE_A1_11_PROBE_CAMPAIGN_BOUNDED_ADMISSION_META_NOTE_2026-05-08.md	0	2	superseded-memo-cite:2	koide_a1_11_probe_campaign_bounded_admission_meta_note_2026-05-08	unaudited	meta	meta	flavor-koide
docs/KOIDE_A1_PROBE_CONTINUUM_LIMIT_BOUNDED_OBSTRUCTION_NOTE_2026-05-09_probe15.md	0	3	superseded-memo-cite:3	koide_a1_probe_continuum_limit_bounded_obstruction_note_2026-05-09_probe15	unaudited	unaudited	bounded_theorem	flavor-koide
docs/KOIDE_A1_PROBE_FLAVOR_ANOMALY_BOUNDED_OBSTRUCTION_NOTE_2026-05-08_probe2.md	0	2	superseded-memo-cite:2	koide_a1_probe_flavor_anomaly_bounded_obstruction_note_2026-05-08_probe2	unaudited	unaudited	bounded_theorem	flavor-koide
docs/KOIDE_A1_PROBE_GRAVITY_PHASE_BOUNDED_OBSTRUCTION_NOTE_2026-05-08_probe3.md	0	2	superseded-memo-cite:2	koide_a1_probe_gravity_phase_bounded_obstruction_note_2026-05-08_probe3	unaudited	unaudited	bounded_theorem	flavor-koide
docs/KOIDE_A1_PROBE_LATTICE_NON_CONJUGATION_BOUNDED_OBSTRUCTION_NOTE_2026-05-09_probe17.md	0	3	superseded-memo-cite:3	koide_a1_probe_lattice_non_conjugation_bounded_obstruction_note_2026-05-09_probe17	unaudited	unaudited	bounded_theorem	flavor-koide
docs/KOIDE_A1_PROBE_OPERATOR_CLASS_BOUNDED_NOTE_2026-05-08_probe6.md	0	2	superseded-memo-cite:2	koide_a1_probe_operator_class_bounded_note_2026-05-08_probe6	unaudited	unaudited	bounded_theorem	flavor-koide
docs/KOIDE_A1_PROBE_PLANCHEREL_PETER_WEYL_BOUNDED_OBSTRUCTION_NOTE_2026-05-09_probe12.md	0	3	superseded-memo-cite:3	koide_a1_probe_plancherel_peter_weyl_bounded_obstruction_note_2026-05-09_probe12	unaudited	unaudited	bounded_theorem	flavor-koide
docs/KOIDE_A1_PROBE_Q_READOUT_FUNCTIONAL_BOUNDED_OBSTRUCTION_NOTE_2026-05-09_probe16.md	0	3	superseded-memo-cite:3	koide_a1_probe_q_readout_functional_bounded_obstruction_note_2026-05-09_probe16	unaudited	unaudited	bounded_theorem	flavor-koide
docs/KOIDE_A1_PROBE_REAL_STRUCTURE_BOUNDED_OBSTRUCTION_NOTE_2026-05-09_probe13.md	0	3	superseded-memo-cite:3	koide_a1_probe_real_structure_bounded_obstruction_note_2026-05-09_probe13	unaudited	unaudited	bounded_theorem	flavor-koide
docs/KOIDE_A1_PROBE_RETAINED_U1_HUNT_BOUNDED_OBSTRUCTION_NOTE_2026-05-09_probe14.md	0	2	superseded-memo-cite:2	koide_a1_probe_retained_u1_hunt_bounded_obstruction_note_2026-05-09_probe14	unaudited	unaudited	bounded_theorem	flavor-koide
docs/KOIDE_A1_PROBE_RG_FIXED_POINT_BOUNDED_OBSTRUCTION_NOTE_2026-05-08_probe5.md	0	3	superseded-memo-cite:3	koide_a1_probe_rg_fixed_point_bounded_obstruction_note_2026-05-08_probe5	unaudited	unaudited	bounded_theorem	flavor-koide
docs/KOIDE_A1_PROBE_RP_FROBENIUS_BOUNDED_OBSTRUCTION_NOTE_2026-05-08_probe1.md	0	2	superseded-memo-cite:2	koide_a1_probe_rp_frobenius_bounded_obstruction_note_2026-05-08_probe1	unaudited	unaudited	bounded_theorem	flavor-koide
docs/KOIDE_A1_PROBE_SPECTRAL_ACTION_BOUNDED_OBSTRUCTION_NOTE_2026-05-08_probe4.md	0	2	superseded-memo-cite:2	koide_a1_probe_spectral_action_bounded_obstruction_note_2026-05-08_probe4	unaudited	unaudited	bounded_theorem	flavor-koide
docs/KOIDE_A1_PROBE_Z2_C3_PAIRING_BOUNDED_OBSTRUCTION_NOTE_2026-05-08_probe7.md	0	3	superseded-memo-cite:3	koide_a1_probe_z2_c3_pairing_bounded_obstruction_note_2026-05-08_probe7	unaudited	unaudited	bounded_theorem	flavor-koide
docs/KOIDE_A1_ROUTE_A_KOIDE_NISHIURA_BOUNDED_OBSTRUCTION_NOTE_2026-05-08_routea.md	0	3	superseded-memo-cite:3	koide_a1_route_a_koide_nishiura_bounded_obstruction_note_2026-05-08_routea	unaudited	unaudited	bounded_theorem	flavor-koide
docs/KOIDE_A1_ROUTE_D_NEWTON_GIRARD_BOUNDED_OBSTRUCTION_NOTE_2026-05-08_routed.md	0	2	superseded-memo-cite:2	koide_a1_route_d_newton_girard_bounded_obstruction_note_2026-05-08_routed	unaudited	unaudited	bounded_theorem	flavor-koide
docs/KOIDE_A1_ROUTE_E_KOSTANT_WEYL_BOUNDED_OBSTRUCTION_NOTE_2026-05-08_routee.md	0	3	superseded-memo-cite:3	koide_a1_route_e_kostant_weyl_bounded_obstruction_note_2026-05-08_routee	unaudited	unaudited	bounded_theorem	flavor-koide
docs/KOIDE_A1_ROUTE_F_CASIMIR_DIFFERENCE_BOUNDED_OBSTRUCTION_NOTE_2026-05-08_routef.md	0	2	superseded-memo-cite:2	koide_a1_route_f_casimir_difference_bounded_obstruction_note_2026-05-08_routef	unaudited	unaudited	bounded_theorem	flavor-koide
docs/KOIDE_AMPLITUDE_PHASE_INDEPENDENT_DATA_NARROW_NO_GO_NOTE_2026-06-04.md	0	1	superseded-memo-cite:1	koide_amplitude_phase_independent_data_narrow_no_go_note_2026-06-04	unaudited	unaudited	no_go	flavor-koide
docs/KOIDE_BAE_30_PROBE_CAMPAIGN_NOTE_2026-05-09.md	0	2	superseded-memo-cite:2	koide_bae_30_probe_campaign_note_2026-05-09	unaudited	meta	meta	flavor-koide
docs/KOIDE_BAE_PROBE_CL3_BIVECTOR_BOUNDED_OBSTRUCTION_NOTE_2026-05-17_probeCl3bivector.md	0	1	superseded-memo-cite:1	koide_bae_probe_cl3_bivector_bounded_obstruction_note_2026-05-17_probecl3bivector	unaudited	unaudited	bounded_theorem	flavor-koide
docs/KOIDE_BAE_PROBE_F1_CANONICAL_FUNCTIONAL_BOUNDED_OBSTRUCTION_NOTE_2026-05-09_probe18.md	0	3	superseded-memo-cite:3	koide_bae_probe_f1_canonical_functional_bounded_obstruction_note_2026-05-09_probe18	unaudited	unaudited	bounded_theorem	flavor-koide
docs/KOIDE_BAE_PROBE_HW_SECTOR_IDENTIFICATION_BOUNDED_OBSTRUCTION_NOTE_2026-05-09_probe27.md	0	2	superseded-memo-cite:2	koide_bae_probe_hw_sector_identification_bounded_obstruction_note_2026-05-09_probe27	unaudited	unaudited	bounded_theorem	flavor-koide
docs/KOIDE_BAE_PROBE_INTERACTING_DYNAMICS_BOUNDED_OBSTRUCTION_NOTE_2026-05-09_probe28.md	0	4	superseded-memo-cite:4	koide_bae_probe_interacting_dynamics_bounded_obstruction_note_2026-05-09_probe28	unaudited	unaudited	bounded_theorem	flavor-koide
docs/KOIDE_BAE_PROBE_KAPPA_PREDICTION_TEST_PARTIAL_FALSIFICATION_NOTE_2026-05-09_probe29.md	0	4	superseded-memo-cite:4	koide_bae_probe_kappa_prediction_test_partial_falsification_note_2026-05-09_probe29	unaudited	unaudited	bounded_theorem	flavor-koide
docs/KOIDE_BAE_PROBE_LEPTON_TRIPLET_C3_CYCLE_BOUNDED_NOTE_2026-05-09_probe23.md	0	3	superseded-memo-cite:3	koide_bae_probe_lepton_triplet_c3_cycle_bounded_note_2026-05-09_probe23	unaudited	unaudited	bounded_theorem	flavor-koide
docs/KOIDE_BAE_PROBE_NATIVE_LATTICE_FLOW_BOUNDED_OBSTRUCTION_NOTE_2026-05-09_probe21.md	0	3	superseded-memo-cite:3	koide_bae_probe_native_lattice_flow_bounded_obstruction_note_2026-05-09_probe21	unaudited	unaudited	bounded_theorem	flavor-koide
docs/KOIDE_BAE_PROBE_PHI_FROM_Z3_CHARACTER_NOTE_2026-05-09_probe24.md	0	2	superseded-memo-cite:2	koide_bae_probe_phi_from_z3_character_note_2026-05-09_probe24	unaudited	unaudited	bounded_theorem	flavor-koide
docs/KOIDE_BAE_PROBE_PHYSICAL_EXTREMIZATION_BOUNDED_OBSTRUCTION_NOTE_2026-05-09_probe25.md	0	4	superseded-memo-cite:4	koide_bae_probe_physical_extremization_bounded_obstruction_note_2026-05-09_probe25	unaudited	unaudited	bounded_theorem	flavor-koide
docs/KOIDE_BAE_PROBE_RADIAN_FROM_DIMENSIONS_BOUNDED_NOTE_2026-05-09_probe30.md	0	4	superseded-memo-cite:4	koide_bae_probe_radian_from_dimensions_bounded_note_2026-05-09_probe30	unaudited	unaudited	bounded_theorem	flavor-koide
docs/KOIDE_BAE_PROBE_SPECTRUM_CONE_BOUNDED_OBSTRUCTION_NOTE_2026-05-09_probe22.md	0	3	superseded-memo-cite:3	koide_bae_probe_spectrum_cone_bounded_obstruction_note_2026-05-09_probe22	unaudited	unaudited	bounded_theorem	flavor-koide
docs/KOIDE_BAE_PROBE_VM_CUBIC_EXTREMA_BOUNDED_OBSTRUCTION_NOTE_2026-05-09_probe20.md	0	3	superseded-memo-cite:3	koide_bae_probe_vm_cubic_extrema_bounded_obstruction_note_2026-05-09_probe20	unaudited	unaudited	bounded_theorem	flavor-koide
docs/KOIDE_BAE_PROBE_WILSON_CHAIN_MASS_NOTE_2026-05-09_probe19.md	0	2	superseded-memo-cite:2	koide_bae_probe_wilson_chain_mass_note_2026-05-09_probe19	unaudited	unaudited	bounded_theorem	flavor-koide
docs/KOIDE_BAE_PROBE_WILSON_DIMENSIONAL_CONSISTENCY_BOUNDED_NOTE_2026-05-09_probe26.md	0	1	superseded-memo-cite:1	koide_bae_probe_wilson_dimensional_consistency_bounded_note_2026-05-09_probe26	unaudited	unaudited	bounded_theorem	flavor-koide
docs/KOIDE_DELTA_RANK2_SELECTOR_IS_THE_CLIFFORD_CHIRALITY_DOMAIN_WALL_EDGE_BOUNDED_NOTE_2026-06-05.md	0	2	superseded-memo-cite:2	koide_delta_rank2_selector_is_the_clifford_chirality_domain_wall_edge_bounded_note_2026-06-05	unaudited	unaudited	bounded_theorem	flavor-koide
docs/KOIDE_DIMENSIONLESS_RADIAN_NATIVE_UNIT_SEPARATION_NARROW_THEOREM_NOTE_2026-05-25.md	0	1	superseded-memo-cite:1	koide_dimensionless_radian_native_unit_separation_narrow_theorem_note_2026-05-25	unaudited	unaudited	bounded_theorem	flavor-koide
docs/KOIDE_DIRAC_MASS_FORCES_R_ONE_LR_COUPLING_BERRY_FLAT_BOUNDED_NO_GO_NOTE_2026-06-05.md	0	2	superseded-memo-cite:2	koide_dirac_mass_forces_r_one_lr_coupling_berry_flat_bounded_no_go_note_2026-06-05	unaudited	unaudited	no_go	flavor-koide
docs/KOIDE_DOUBLET_IS_FROBENIUS_SCHUR_COMPLEX_TYPE_ORIENTATION_BOUNDED_NOTE_2026-06-07.md	0	3	quantum-axiom-name:1,superseded-memo-cite:2	koide_doublet_is_frobenius_schur_complex_type_orientation_bounded_note_2026-06-07	unaudited	unaudited	bounded_theorem	flavor-koide
docs/KOIDE_FIRST_ORDER_SELECTOR_IS_THE_CHIRAL_LR_COUPLING_NOT_A_SYMMETRY_NARROW_NOTE_2026-06-05.md	0	2	superseded-memo-cite:2	koide_first_order_selector_is_the_chiral_lr_coupling_not_a_symmetry_narrow_note_2026-06-05	unaudited	unaudited	bounded_theorem	flavor-koide
docs/KOIDE_FLUCTUATION_MODULUS_GIVES_R_ONE_CHIRALITY_IS_PHASE_ONLY_FRONTIER_CORRECTION_NOTE_2026-06-04.md	0	1	superseded-memo-cite:1	koide_fluctuation_modulus_gives_r_one_chirality_is_phase_only_frontier_correction_note_2026-06-04	unaudited	unaudited	no_go	flavor-koide
docs/KOIDE_FULL_LATTICE_SCHUR_INHERITANCE_NOTE_2026-04-18.md	0	3	superseded-memo-cite:3	koide_full_lattice_schur_inheritance_note_2026-04-18	unaudited	unaudited	bounded_theorem	flavor-koide
docs/KOIDE_GAMMA5_FACTOR_BRIDGE_NO_GO_NOTE_2026-06-06.md	0	1	quantum-axiom-name:1	koide_gamma5_factor_bridge_no_go_note_2026-06-06	unaudited	unaudited	no_go	flavor-koide
docs/KOIDE_GENERATION_CHANNEL_SPACE_HOLOMORPHY_CHANNEL_INDEPENDENCE_BOUNDED_THEOREM_NOTE_2026-06-11.md	0	2	superseded-memo-cite:2	koide_generation_channel_space_holomorphy_channel_independence_bounded_theorem_note_2026-06-11	unaudited	unaudited	bounded_theorem	flavor-koide
docs/KOIDE_INFOGEOM_FOOT45_METRIC_WALL_NARROW_NO_GO_NOTE_2026-06-04.md	1	2	lattice-quantum-record:1,superseded-memo-cite:2	koide_infogeom_foot45_metric_wall_narrow_no_go_note_2026-06-04	unaudited	unaudited	no_go	flavor-koide
docs/KOIDE_KAHLER_DIRAC_REALIZATION_GIVES_R_ONE_INDEX_ROUTE_CLOSED_BOUNDED_NO_GO_NOTE_2026-06-08.md	0	2	superseded-memo-cite:2	koide_kahler_dirac_realization_gives_r_one_index_route_closed_bounded_no_go_note_2026-06-08	unaudited	unaudited	no_go	flavor-koide
docs/KOIDE_KODIM_REAL_STRUCTURE_ROUTE_EMPTY_R_UNDETERMINED_BOUNDED_NO_GO_NOTE_2026-06-08.md	3	2	lattice-quantum-record:3,superseded-memo-cite:2	koide_kodim_real_structure_route_empty_r_undetermined_bounded_no_go_note_2026-06-08	unaudited	unaudited	no_go	flavor-koide
docs/KOIDE_MATTER_ATTACHMENT_GATE_EXTRA_ASSUMPTIONS_REVIEW_NOTE_2026-06-02.md	0	1	superseded-memo-cite:1	koide_matter_attachment_gate_extra_assumptions_review_note_2026-06-02	unaudited	unaudited	bounded_theorem	flavor-koide
docs/KOIDE_MATTER_ATTACHMENT_GRADED_STATISTICS_GATE_NARROW_THEOREM_NOTE_2026-06-02.md	0	1	superseded-memo-cite:1	koide_matter_attachment_graded_statistics_gate_narrow_theorem_note_2026-06-02	unaudited	unaudited	bounded_theorem	flavor-koide
docs/KOIDE_ORBIT_OCCUPANCY_INDEPENDENCE_AND_PREMISE_CANDIDATE_NOTE_2026-06-09.md	0	4	superseded-memo-cite:3,three-axiom-baseline:1	koide_orbit_occupancy_independence_and_premise_candidate_note_2026-06-09	unaudited	unaudited	bounded_theorem	flavor-koide
docs/KOIDE_Q_MINIMAL_SCALE_FREE_SELECTOR_NOTE_2026-04-22.md	0	1	superseded-memo-cite:1	koide_q_minimal_scale_free_selector_note_2026-04-22	unaudited	unaudited	positive_theorem	flavor-koide
docs/KOIDE_Q_REDUCED_CARRIER_PHYSICAL_IDENTIFICATION_OBSTRUCTION_NOTE_2026-06-12.md	0	4	quantum-axiom-name:2,superseded-memo-cite:2	koide_q_reduced_carrier_physical_identification_obstruction_note_2026-06-12	unaudited	unaudited	open_gate	flavor-koide
docs/KOIDE_Q_REDUCED_OBSERVABLE_RESTRICTION_THEOREM_2026-04-22.md	0	1	quantum-axiom-name:1	koide_q_reduced_observable_restriction_theorem_2026-04-22	unaudited	unaudited	bounded_theorem	flavor-koide
docs/KOIDE_Q_SO2_PHASE_ERASURE_SUPPORT_NOTE_2026-04-25.md	0	3	superseded-memo-cite:3	koide_q_so2_phase_erasure_support_note_2026-04-25	unaudited	unaudited	bounded_theorem	flavor-koide
docs/KOIDE_Q_SOURCE_DOMAIN_CANONICAL_DESCENT_THEOREM_NOTE_2026-04-25.md	0	3	superseded-memo-cite:3	koide_q_source_domain_canonical_descent_theorem_note_2026-04-25	unaudited	unaudited	bounded_theorem	flavor-koide
docs/KOIDE_RECORDS_OBJECTIVITY_CONDITIONAL_NOTE_2026-05-31.md	1	0	durable-registration:1	koide_records_objectivity_conditional_note_2026-05-31	unaudited	unaudited	open_gate	flavor-koide
docs/KOIDE_RECORD_ORBIT_COUNT_DOES_NOT_SELECT_R_HALF_NO_GO_NOTE_2026-06-07.md	0	2	superseded-memo-cite:2	koide_record_orbit_count_does_not_select_r_half_no_go_note_2026-06-07	unaudited	unaudited	no_go	flavor-koide
docs/KOIDE_RECORD_SIGN_AGNOSTIC_ETA_REFUTED_2026-06-04.md	0	2	superseded-memo-cite:2	koide_record_sign_agnostic_eta_refuted_2026-06-04	unaudited	unaudited	open_gate	flavor-koide
docs/KOIDE_RP_SPECTRUM_REDUCE_TO_TRANSFER_POSITIVITY_NARROW_THEOREM_NOTE_2026-06-02.md	0	1	superseded-memo-cite:1	koide_rp_spectrum_reduce_to_transfer_positivity_narrow_theorem_note_2026-06-02	unaudited	unaudited	bounded_theorem	flavor-koide
docs/KOIDE_R_HALF_DURABILITY_STATIONARITY_CONDITIONAL_CHAIN_BOUNDED_THEOREM_NOTE_2026-06-11.md	0	2	superseded-memo-cite:2	koide_r_half_durability_stationarity_conditional_chain_bounded_theorem_note_2026-06-11	unaudited	unaudited	bounded_theorem	flavor-koide
docs/KOIDE_R_HALF_INDEX_READOUT_NON_SUSY_STAGGERED_DIRAC_GATE_META_NOTE_2026-06-05.md	0	2	superseded-memo-cite:2	koide_r_half_index_readout_non_susy_staggered_dirac_gate_meta_note_2026-06-05	unaudited	meta	meta	flavor-koide
docs/KOIDE_R_HALF_POLARIZATION_SELECTOR_TESTED_STATIC_READOUT_NO_GO_NOTE_2026-06-08.md	0	4	superseded-memo-cite:4	koide_r_half_polarization_selector_tested_static_readout_no_go_note_2026-06-08	unaudited	unaudited	no_go	flavor-koide
docs/KOIDE_R_POLARIZATION_ORBIT_QUOTIENT_GATE_SHARPENING_NOTE_2026-06-09.md	1	3	kcpt-orbit-realized:1,superseded-memo-cite:3	koide_r_polarization_orbit_quotient_gate_sharpening_note_2026-06-09	unaudited	unaudited	open_gate	flavor-koide
docs/KOIDE_R_REDUCES_TO_CHIRAL_VS_VECTOR_YUKAWA_BINARY_NARROW_THEOREM_NOTE_2026-06-04.md	0	1	superseded-memo-cite:1	koide_r_reduces_to_chiral_vs_vector_yukawa_binary_narrow_theorem_note_2026-06-04	unaudited	unaudited	open_gate	flavor-koide
docs/KOIDE_STAGGERED_FIRST_ORDER_GENERATION_DETERMINANT_BOUNDED_THEOREM_NOTE_2026-06-11.md	0	2	superseded-memo-cite:2	koide_staggered_first_order_generation_determinant_bounded_theorem_note_2026-06-11	unaudited	unaudited	bounded_theorem	flavor-koide
docs/KOIDE_S_L1_TOPOLOGICAL_CHERN_SIMONS_NOTE_2026-05-08_probeS_L1_topological.md	0	1	superseded-memo-cite:1	koide_s_l1_topological_chern_simons_note_2026-05-08_probes_l1_topological	unaudited	unaudited	bounded_theorem	flavor-koide
docs/KOIDE_S_SUBSTEP4_ACLAMBDA_NEW_SCIENCE_NOTE_2026-05-08_probeS_substep4_aclambda.md	0	4	superseded-memo-cite:4	koide_s_substep4_aclambda_new_science_note_2026-05-08_probes_substep4_aclambda	unaudited	unaudited	bounded_theorem	flavor-koide
docs/KOIDE_T_BAE_HOPF_COPRODUCT_ISOTYPE_NOTE_2026-05-08_probeT_bae_hopf.md	0	2	superseded-memo-cite:2	koide_t_bae_hopf_coproduct_isotype_note_2026-05-08_probet_bae_hopf	unaudited	unaudited	bounded_theorem	flavor-koide
docs/KOIDE_U_BAE_NCG_SPECTRAL_TRIPLE_NOTE_2026-05-08_probeU_bae_ncg.md	0	5	superseded-memo-cite:5	koide_u_bae_ncg_spectral_triple_note_2026-05-08_probeu_bae_ncg	unaudited	unaudited	no_go	flavor-koide
docs/KOIDE_U_BAE_QUANTUM_DEFORMATION_NOTE_2026-05-08_probeU_bae_qdeformation.md	0	4	superseded-memo-cite:4	koide_u_bae_quantum_deformation_note_2026-05-08_probeu_bae_qdeformation	unaudited	unaudited	no_go	flavor-koide
docs/KOIDE_U_L1_RESURGENCE_TRANS_SERIES_NOTE_2026-05-08_probeU_L1_resurgence.md	0	2	superseded-memo-cite:2	koide_u_l1_resurgence_trans_series_note_2026-05-08_probeu_l1_resurgence	unaudited	unaudited	no_go	flavor-koide
docs/KOIDE_V_BAE_MAXENTROPY_THERMAL_NOTE_2026-05-08_probeV_bae_maxent.md	0	11	superseded-memo-cite:11	koide_v_bae_maxentropy_thermal_note_2026-05-08_probev_bae_maxent	unaudited	unaudited	no_go	flavor-koide
docs/KOIDE_V_BAE_S3_REFLECTION_NOTE_2026-05-08_probeV_bae_s3.md	0	7	superseded-memo-cite:7	koide_v_bae_s3_reflection_note_2026-05-08_probev_bae_s3	unaudited	unaudited	no_go	flavor-koide
docs/KOIDE_W_SUBSTRATE_CHIRALITY_CL3_Z2_NOTE_2026-05-10_probeW_substrate_chirality.md	0	2	superseded-memo-cite:2	koide_w_substrate_chirality_cl3_z2_note_2026-05-10_probew_substrate_chirality	unaudited	unaudited	no_go	flavor-koide
docs/KOIDE_X_BAE_PAULI_ANTISYMMETRIZATION_NOTE_2026-05-08_probeX_bae_pauli.md	0	6	superseded-memo-cite:6	koide_x_bae_pauli_antisymmetrization_note_2026-05-08_probex_bae_pauli	unaudited	unaudited	bounded_theorem	flavor-koide
docs/KOIDE_X_L1_THRESHOLD_HEAVY_QUARK_WILSON_NOTE_2026-05-08_probeX_L1_threshold.md	0	1	superseded-memo-cite:1	koide_x_l1_threshold_heavy_quark_wilson_note_2026-05-08_probex_l1_threshold	unaudited	unaudited	bounded_theorem	flavor-koide
docs/KOIDE_Y_BAE_TOPOLOGICAL_INDEX_KTHEORY_NOTE_2026-05-10_probeY_bae_topological.md	0	1	superseded-memo-cite:1	koide_y_bae_topological_index_ktheory_note_2026-05-10_probey_bae_topological	unaudited	unaudited	bounded_theorem	flavor-koide
docs/KOIDE_Z_SUBSTRATE_COLOR_GEOMETRIC_NOTE_2026-05-08_probeZ_substrate_color_geometric.md	0	3	superseded-memo-cite:3	koide_z_substrate_color_geometric_note_2026-05-08_probez_substrate_color_geometric	unaudited	unaudited	bounded_theorem	flavor-koide
docs/KOIDE_Z_SUBSTRATE_GENERATION_Z3_NOTE_2026-05-08_probeZ_substrate_generation_z3.md	0	12	superseded-memo-cite:12	koide_z_substrate_generation_z3_note_2026-05-08_probez_substrate_generation_z3	unaudited	unaudited	bounded_theorem	flavor-koide
docs/KRAUS_CHOI_REPRESENTATION_DEPS_CHANGED_HYGIENE_COMPANION_NOTE_2026-06-04.md	0	5	quantum-axiom-name:1,superseded-memo-cite:4	kraus_choi_representation_deps_changed_hygiene_companion_note_2026-06-04	unaudited	meta	meta	misc
docs/KRAUS_CHOI_REPRESENTATION_NORMALIZATION_RECONCILED_NARROW_THEOREM_NOTE_2026-06-05.md	0	4	superseded-memo-cite:4	kraus_choi_representation_normalization_reconciled_narrow_theorem_note_2026-06-05	audited_clean	retained	positive_theorem	foundations-record-dynamics
docs/KRAUS_CHOI_REPRESENTATION_ON_QUBIT_LATTICE_NARROW_THEOREM_NOTE_2026-05-20.md	0	5	quantum-axiom-name:1,superseded-memo-cite:4	kraus_choi_representation_on_qubit_lattice_narrow_theorem_note_2026-05-20	audited_conditional	audited_conditional	decoration	foundations-record-dynamics
docs/L3A_V3_TRACE_SURFACE_BOUNDED_OBSTRUCTION_NOTE_2026-05-07_l3a.md	0	4	superseded-memo-cite:4	l3a_v3_trace_surface_bounded_obstruction_note_2026-05-07_l3a	unaudited	unaudited	bounded_theorem	misc
docs/LATTICE_GREENS_MARADUDIN_ASYMPTOTIC_ACCEPTED_PREMISE_BRIDGE_BOUNDED_NOTE_2026-05-27.md	0	2	superseded-memo-cite:2	lattice_greens_maradudin_asymptotic_accepted_premise_bridge_bounded_note_2026-05-27	audited_decoration	decoration_under_lattice_greens_function_maradudin_textbook_import_note_2026-05-18	decoration	gravity-records
docs/LATTICE_LAPLACIAN_SHELL_LOCALIZATION_IDENTITY_BOUNDED_THEOREM_NOTE_2026-06-16.md	0	2	superseded-memo-cite:2	lattice_laplacian_shell_localization_identity_bounded_theorem_note_2026-06-16	unaudited	unaudited	bounded_theorem	misc
docs/LATTICE_PHYSICAL_MATCHING_THEOREM_BOUNDED_OBSTRUCTION_NOTE_2026-05-10_match.md	0	5	superseded-memo-cite:5	lattice_physical_matching_theorem_bounded_obstruction_note_2026-05-10_match	unaudited	unaudited	bounded_theorem	misc
docs/LH_DOUBLET_EIGENVALUE_RATIO_PROOF_WALK_LATTICE_INDEPENDENCE_BOUNDED_NOTE_2026-05-10.md	0	1	superseded-memo-cite:1	lh_doublet_eigenvalue_ratio_proof_walk_lattice_independence_bounded_note_2026-05-10	unaudited	unaudited	bounded_theorem	misc
docs/LH_DOUBLET_TRACELESS_ABELIAN_EIGENVALUE_RATIO_NARROW_THEOREM_NOTE_2026-05-02.md	0	3	superseded-memo-cite:3	lh_doublet_traceless_abelian_eigenvalue_ratio_narrow_theorem_note_2026-05-02	audited_decoration	decoration_under_graph_first_su3_integration_note	decoration	foundations-record-dynamics
docs/LINEAR_RESPONSE_DERIVATION_NOTE.md	0	2	superseded-memo-cite:2	linear_response_derivation_note	audited_clean	open_gate	open_gate	misc
docs/LINEAR_RESPONSE_SECOND_ORDER_KUBO_NOTE.md	0	1	superseded-memo-cite:1	linear_response_second_order_kubo_note	unaudited	unaudited	bounded_theorem	misc
docs/LOCAL_TOMOGRAPHY_FROM_QUBIT_COMPLEX_STRUCTURE_NARROW_THEOREM_NOTE_2026-06-03.md	0	6	quantum-axiom-name:2,superseded-memo-cite:4	local_tomography_from_qubit_complex_structure_narrow_theorem_note_2026-06-03	unaudited	unaudited	bounded_theorem	foundations-record-dynamics
docs/LORENTZ_NATURALNESS_GAP_QUANTIFIED_OBSTRUCTION_NOTE_2026-06-06.md	0	2	superseded-memo-cite:2	lorentz_naturalness_gap_quantified_obstruction_note_2026-06-06	unaudited	unaudited	bounded_theorem	misc
docs/LSP_PROJECTIVE_CANONICAL_KP_EQUALS_P_NARROW_THEOREM_NOTE_2026-06-05.md	0	4	superseded-memo-cite:4	lsp_projective_canonical_kp_equals_p_narrow_theorem_note_2026-06-05	audited_clean	retained_bounded	bounded_theorem	foundations-record-dynamics
docs/LSP_PROJECTIVE_DERIVATION_FROM_NAIMARK_FRAME_NARROW_THEOREM_NOTE_2026-05-22.md	0	2	superseded-memo-cite:2	lsp_projective_derivation_from_naimark_frame_narrow_theorem_note_2026-05-22	audited_conditional	audited_conditional	bounded_theorem	foundations-record-dynamics
docs/LSP_PROJECTIVE_RATIFICATION_REAUDIT_MANIFEST_NOTE_2026-05-22.md	0	4	superseded-memo-cite:4	lsp_projective_ratification_reaudit_manifest_note_2026-05-22	unaudited	meta	meta	misc
docs/LUDERS_RULE_FROM_COMPOSITION_CONSISTENCY_DEPS_CHANGED_HYGIENE_COMPANION_NOTE_2026-06-04.md	0	16	quantum-axiom-name:3,superseded-memo-cite:13	luders_rule_from_composition_consistency_deps_changed_hygiene_companion_note_2026-06-04	unaudited	meta	meta	misc
docs/LUDERS_RULE_FROM_COMPOSITION_CONSISTENCY_NOTE_2026-05-20.md	2	4	durable-registration:1,lattice-quantum-record:1,superseded-memo-cite:4	luders_rule_from_composition_consistency_note_2026-05-20	unaudited	unaudited	bounded_theorem	misc
docs/LUDERS_SEQUENTIAL_EFFECT_COMPOSITION_PEP_BRIDGE_NARROW_THEOREM_NOTE_2026-06-05.md	0	5	quantum-axiom-name:1,superseded-memo-cite:4	luders_sequential_effect_composition_pep_bridge_narrow_theorem_note_2026-06-05	audited_clean	retained_bounded	bounded_theorem	foundations-record-dynamics
docs/LUDERS_SEQUENTIAL_PRODUCT_CONDITIONAL_BRIDGE_NARROW_THEOREM_NOTE_2026-05-22.md	0	4	superseded-memo-cite:4	luders_sequential_product_conditional_bridge_narrow_theorem_note_2026-05-22	unaudited	unaudited	bounded_theorem	foundations-record-dynamics
docs/MAGNITUDE_READS_MINIMAL_RECORD_BLOCK_2026-06-06.md	1	7	durable-registration:1,superseded-memo-cite:7	magnitude_reads_minimal_record_block_2026-06-06	unaudited	unaudited	no_go	foundations-record-dynamics
docs/MATTER_GAUGE_MINIMAL_COUPLING_FIBER_FRAME_FORCES_CONNECTION_NARROW_THEOREM_NOTE_2026-06-08.md	1	2	lattice-quantum-record:1,quantum-axiom-name:2	matter_gauge_minimal_coupling_fiber_frame_forces_connection_narrow_theorem_note_2026-06-08	unaudited	unaudited	bounded_theorem	gauge-theta
docs/MESON_GAUGE_INVARIANT_OS_TRANSFER_REPRESENTATION_BOUNDED_NOTE_2026-05-30.md	0	1	superseded-memo-cite:1	meson_gauge_invariant_os_transfer_representation_bounded_note_2026-05-30	audited_failed	audited_failed	bounded_theorem	gauge-theta
docs/MICROCAUSALITY_FINITE_RANGE_H_AND_VLR_BRIDGE_THEOREM_NOTE_2026-05-09.md	0	8	superseded-memo-cite:8	microcausality_finite_range_h_and_vlr_bridge_theorem_note_2026-05-09	unaudited	unaudited	bounded_theorem	misc
docs/MINIMAL_AXIOMS_2026-04-11.md	0	2	superseded-memo-cite:2	minimal_axioms_2026-04-11	unaudited	meta	meta	excluded-historical
docs/MINIMAL_AXIOMS_2026-05-03.md	0	1	superseded-memo-cite:1	minimal_axioms_2026-05-03	unaudited	meta	meta	excluded-historical
docs/MINIMAL_AXIOMS_2026-05-20.md	0	7	superseded-memo-cite:7					excluded-historical
docs/MINIMAL_AXIOMS_2026-06-04.md	2	2	lattice-quantum-record:1,superseded-memo-cite:1,three-axiom-baseline:1,three-framework-axioms:1					excluded-historical
docs/MINIMAL_AXIOMS_2026-06-05.md	6	2	central-sector-readout-context:1,durable-registration:2,kcpt-orbit-realized:1,lattice-quantum-record:1,superseded-memo-cite:1,three-axiom-baseline:1,three-framework-axioms:1					excluded-historical
docs/MINIMAL_AXIOMS_2026-06-29.md	3	1	durable-registration:2,lattice-quantum-record:1,superseded-memo-cite:1	minimal_axioms	unaudited	meta	meta	excluded-historical
docs/MIXED_ENTANGLED_OS_TRANSFER_REPRESENTATION_BOUNDED_NOTE_2026-05-30.md	0	1	superseded-memo-cite:1	mixed_entangled_os_transfer_representation_bounded_note_2026-05-30	unaudited	unaudited	bounded_theorem	misc
docs/MIXED_OS_TRANSFER_REPRESENTATION_BOUNDED_NOTE_2026-05-30.md	0	2	superseded-memo-cite:2	mixed_os_transfer_representation_bounded_note_2026-05-30	unaudited	unaudited	bounded_theorem	misc
docs/MULTIFACTOR_CONNES_LOTT_PURCHASES_NOT_DERIVES_KOIDE_MULTIPLICITY_NARROW_OBSTRUCTION_NOTE_2026-06-04.md	0	1	superseded-memo-cite:1	multifactor_connes_lott_purchases_not_derives_koide_multiplicity_narrow_obstruction_note_2026-06-04	unaudited	unaudited	no_go	flavor-koide
docs/N5_SINGLE_GENERATOR_CLOCK_EXCHANGE_INVARIANCE_NARROW_NO_GO_NOTE_2026-06-17.md	2	1	durable-registration:1,lattice-quantum-record:1,quantum-axiom-name:1	n5_single_generator_clock_exchange_invariance_narrow_no_go_note_2026-06-17	unaudited	unaudited	no_go	gravity-records
docs/NATIVE_CARRIER_REGISTRATION_KERNEL_RATE_VS_UNIT_VARIANCE_POINT_THEOREM_NOTE_2026-07-02.md	1	0	locks-one-nonadmissible:1	native_carrier_registration_kernel_rate_vs_unit_variance_point_theorem_note_2026-07-02	unaudited	unaudited	bounded_theorem	gravity-records
docs/NEUTRINO_AXIOM3_READING_STUCK_FANOUT_NOTE_2026-04-28.md	0	5	superseded-memo-cite:5	neutrino_axiom3_reading_stuck_fanout_note_2026-04-28	unaudited	unaudited	no_go	foundations-record-dynamics
docs/NEUTRINO_LANE4_4F_SIGMA_M_NU_FUNCTIONAL_FORM_THEOREM_NOTE_2026-04-28.md	0	1	superseded-memo-cite:1	neutrino_lane4_4f_sigma_m_nu_functional_form_theorem_note_2026-04-28	audited_failed	audited_failed	positive_theorem	misc
docs/NEUTRINO_LANE4_4F_SIGMA_M_NU_THEOREM_PLAN_NOTE_2026-04-28.md	0	1	superseded-memo-cite:1	neutrino_lane4_4f_sigma_m_nu_theorem_plan_note_2026-04-28	unaudited	unaudited	open_gate	misc
docs/NEUTRINO_LANE4_THEOREM_PLAN_NOTE_2026-04-28.md	0	2	superseded-memo-cite:2	neutrino_lane4_theorem_plan_note_2026-04-28	unaudited	meta	meta	misc
docs/NEUTRINO_LANE4_WORKSTREAM_CLOSEOUT_NOTE_2026-04-28.md	0	2	superseded-memo-cite:2	neutrino_lane4_workstream_closeout_note_2026-04-28	unaudited	meta	meta	misc
docs/NEUTRINO_NORMAL_GRAMMAR_U1_RIGIDITY_NOTE_2026-04-28.md	0	8	superseded-memo-cite:8	neutrino_normal_grammar_u1_rigidity_note_2026-04-28	unaudited	unaudited	open_gate	misc
docs/NEWPHYSICS_NP_CKM_WOLFENSTEIN_NOTE_2026-05-10_npCKM.md	0	2	superseded-memo-cite:2	newphysics_np_ckm_wolfenstein_note_2026-05-10_npckm	unaudited	unaudited	no_go	flavor-koide
docs/NEWPHYSICS_NP_MUON_G2_NOTE_2026-05-10_npG2.md	0	3	superseded-memo-cite:3	newphysics_np_muon_g2_note_2026-05-10_npg2	unaudited	unaudited	bounded_theorem	misc
docs/NEWPHYSICS_NP_NEUTRINO_PMNS_NOTE_2026-05-10_npNu.md	0	7	superseded-memo-cite:7	newphysics_np_neutrino_pmns_note_2026-05-10_npnu	unaudited	unaudited	bounded_theorem	flavor-koide
docs/NEWPHYSICS_NP_STRONG_CP_THETA_NOTE_2026-05-10_npCP.md	0	5	superseded-memo-cite:5	newphysics_np_strong_cp_theta_note_2026-05-10_npcp	unaudited	unaudited	bounded_theorem	gauge-theta
docs/NO_PER_SITE_BOSONIC_CCR_THEOREM_NOTE_2026-05-02.md	0	4	superseded-memo-cite:4	no_per_site_bosonic_ccr_theorem_note_2026-05-02	unaudited	unaudited	no_go	misc
docs/NO_PER_SITE_CHIRALITY_THEOREM_NOTE_2026-05-02.md	0	2	superseded-memo-cite:2	no_per_site_chirality_theorem_note_2026-05-02	unaudited	unaudited	no_go	misc
docs/N_F_TRACE_SPACE_BOUNDED_OBSTRUCTION_NOTE_2026-05-07_w2binary.md	0	1	superseded-memo-cite:1	n_f_trace_space_bounded_obstruction_note_2026-05-07_w2binary	unaudited	unaudited	open_gate	misc
docs/N_F_V3_NORMALIZATION_BOUNDED_NOTE_2026-05-07_w2norm.md	0	3	superseded-memo-cite:3	n_f_v3_normalization_bounded_note_2026-05-07_w2norm	unaudited	unaudited	bounded_theorem	misc
docs/OBSERVABLE_PRINCIPLE_CONSUMED_SECTOR_BOUNDED_BY_AC_PHI_LAMBDA_NARROW_THEOREM_NOTE_2026-06-05.md	0	4	superseded-memo-cite:4	observable_principle_consumed_sector_bounded_by_ac_phi_lambda_narrow_theorem_note_2026-06-05	unaudited	unaudited	bounded_theorem	foundations-record-dynamics
docs/OBSERVABLE_PRINCIPLE_FROM_AXIOM_NOTE.md	0	9	superseded-memo-cite:9	observable_principle_from_axiom_note	unaudited	unaudited	bounded_theorem	foundations-record-dynamics
docs/OBSERVABLE_PRINCIPLE_P1P2_TWO_STAGE_SYNTHESIS_NARROW_THEOREM_NOTE_2026-05-28.md	0	1	superseded-memo-cite:1	observable_principle_p1p2_two_stage_synthesis_narrow_theorem_note_2026-05-28	unaudited	unaudited	bounded_theorem	foundations-record-dynamics
docs/OBSERVABLE_PRINCIPLE_P1_BRIDGE_CONNES_NC_SPECTRAL_NARROW_NOTE_2026-05-21.md	0	2	superseded-memo-cite:2	observable_principle_p1_bridge_connes_nc_spectral_narrow_note_2026-05-21	unaudited	unaudited	no_go	foundations-record-dynamics
docs/OBSERVABLE_PRINCIPLE_P1_BRIDGE_EXTENSIVITY_PRIMITIVE_NARROW_NOTE_2026-05-21.md	0	3	superseded-memo-cite:3	observable_principle_p1_bridge_extensivity_primitive_narrow_note_2026-05-21	unaudited	unaudited	no_go	foundations-record-dynamics
docs/OBSERVABLE_PRINCIPLE_P1_BRIDGE_GLEASON_BUSCH_ROUTE_NARROW_NOTE_2026-05-21.md	0	10	superseded-memo-cite:10	observable_principle_p1_bridge_gleason_busch_route_narrow_note_2026-05-21	unaudited	unaudited	no_go	probability-born
docs/OBSERVABLE_PRINCIPLE_P1_BRIDGE_JONES_INDEX_SUBFACTOR_NARROW_NOTE_2026-05-21.md	0	3	superseded-memo-cite:3	observable_principle_p1_bridge_jones_index_subfactor_narrow_note_2026-05-21	audited_failed	audited_failed	no_go	foundations-record-dynamics
docs/OBSERVABLE_PRINCIPLE_P1_BRIDGE_LOCALITY_OF_SOURCE_DERIVATIVES_NARROW_NOTE_2026-05-21.md	0	5	superseded-memo-cite:5	observable_principle_p1_bridge_locality_of_source_derivatives_narrow_note_2026-05-21	unaudited	unaudited	no_go	gravity-records
docs/OBSERVABLE_PRINCIPLE_P1_BRIDGE_OPERATOR_ALGEBRAIC_QUBIT_REATTEMPT_NARROW_NOTE_2026-05-21.md	0	8	superseded-memo-cite:8	observable_principle_p1_bridge_operator_algebraic_qubit_reattempt_narrow_note_2026-05-21	unaudited	unaudited	bounded_theorem	foundations-record-dynamics
docs/OBSERVABLE_PRINCIPLE_P1_BRIDGE_PRE_RECORD_TRACIAL_ROUTE_NARROW_NOTE_2026-05-21.md	0	13	superseded-memo-cite:13	observable_principle_p1_bridge_pre_record_tracial_route_narrow_note_2026-05-21	unaudited	unaudited	bounded_theorem	foundations-record-dynamics
docs/OBSERVABLE_PRINCIPLE_P1_BRIDGE_TOMITA_GIBBS_MODULAR_NARROW_NOTE_2026-05-21.md	0	1	superseded-memo-cite:1	observable_principle_p1_bridge_tomita_gibbs_modular_narrow_note_2026-05-21	unaudited	unaudited	no_go	foundations-record-dynamics
docs/OBSERVABLE_PRINCIPLE_P1_CAMPAIGN_CLOSURE_SYNTHESIS_NOTE_2026-05-18.md	0	1	superseded-memo-cite:1	observable_principle_p1_campaign_closure_synthesis_note_2026-05-18	unaudited	unaudited	bounded_theorem	misc
docs/OBSERVABLE_PRINCIPLE_P1_CAP_K_FROM_FINITE_SPEED_REGISTRATION_NARROW_THEOREM_NOTE_2026-06-10.md	0	2	superseded-memo-cite:2	observable_principle_p1_cap_k_from_finite_speed_registration_narrow_theorem_note_2026-06-10	unaudited	unaudited	bounded_theorem	gravity-records
docs/OBSERVABLE_PRINCIPLE_P1_EXPONENT_FIXING_IRREDUCIBILITY_NARROW_NOTE_2026-05-31.md	0	1	superseded-memo-cite:1	observable_principle_p1_exponent_fixing_irreducibility_narrow_note_2026-05-31	audited_failed	audited_failed	no_go	foundations-record-dynamics
docs/OBSERVABLE_PRINCIPLE_P1_P2_FROM_QUBIT_TRACE_NOTE_2026-05-20.md	0	5	superseded-memo-cite:5	observable_principle_p1_p2_from_qubit_trace_note_2026-05-20	unaudited	unaudited	bounded_theorem	misc
docs/OBSERVABLE_PRINCIPLE_P1_REGISTRATION_REALIZATION_PIN_CONSOLIDATION_NARROW_THEOREM_NOTE_2026-06-11.md	1	4	lattice-quantum-record:1,superseded-memo-cite:4	observable_principle_p1_registration_realization_pin_consolidation_narrow_theorem_note_2026-06-11	unaudited	unaudited	bounded_theorem	gravity-records
docs/OBSERVABLE_PRINCIPLE_P1_SYMMETRY_TYPE_ENERGY_READOUT_NARROW_NOTE_2026-06-02.md	4	6	lattice-quantum-record:4,quantum-axiom-name:1,superseded-memo-cite:5	observable_principle_p1_symmetry_type_energy_readout_narrow_note_2026-06-02	unaudited	unaudited	no_go	foundations-record-dynamics
docs/OBSERVABLE_PRINCIPLE_P2_DET_REALIZATION_BRIDGE_CONDITIONAL_ON_FERMIONIC_FRAME_NARROW_THEOREM_NOTE_2026-05-28.md	0	2	superseded-memo-cite:2	observable_principle_p2_det_realization_bridge_conditional_on_fermionic_frame_narrow_theorem_note_2026-05-28	unaudited	unaudited	bounded_theorem	foundations-record-dynamics
docs/OBSERVABLE_PRINCIPLE_P2_PHASE_BLINDNESS_SECTOR_RESOLVED_NARROW_THEOREM_NOTE_2026-06-04.md	0	4	superseded-memo-cite:4	observable_principle_p2_phase_blindness_sector_resolved_narrow_theorem_note_2026-06-04	unaudited	unaudited	bounded_theorem	foundations-record-dynamics
docs/OBSERVABLE_PRINCIPLE_RECORD_SCALAR_MAP_NO_GO_NOTE_2026-06-05.md	0	2	superseded-memo-cite:2	observable_principle_record_scalar_map_no_go_note_2026-06-05	audited_clean	retained_no_go	no_go	foundations-record-dynamics
docs/OBSERVABLE_PRINCIPLE_SOURCE_COUPLED_LOCAL_ACTION_ADMISSION_CANDIDATE_NOTE_2026-05-21.md	0	11	superseded-memo-cite:11	observable_principle_source_coupled_local_action_admission_candidate_note_2026-05-21	unaudited	unaudited	open_gate	gravity-records
docs/OBSERVABLE_PRINCIPLE_T1D_DETERMINANT_CONTEXT_QUOTIENT_BRIDGE_NOTE_2026-06-18.md	0	1	superseded-memo-cite:1	observable_principle_t1d_determinant_context_quotient_bridge_note_2026-06-18	unaudited	unaudited	bounded_theorem	misc
docs/OBSERVABLE_PRINCIPLE_T1D_DETERMINANT_READOUT_INDEPENDENCE_NO_GO_NOTE_2026-06-16.md	2	2	lattice-quantum-record:2,superseded-memo-cite:2	observable_principle_t1d_determinant_readout_independence_no_go_note_2026-06-16	unaudited	unaudited	no_go	misc
docs/OBSERVABLE_PRINCIPLE_T1D_POSITIVE_DIAGONAL_READOUT_CLASSIFIER_NOTE_2026-06-18.md	0	2	superseded-memo-cite:2	observable_principle_t1d_positive_diagonal_readout_classifier_note_2026-06-18	unaudited	unaudited	bounded_theorem	misc
docs/OCCUPANCY_ATOM_IS_THE_OUTCOME_DICTIONARY_FLOW_SELECTS_EQUIPARTITION_BOUNDED_NOTE_2026-06-12.md	2	2	central-sector-readout-context:1,kcpt-orbit-realized:1,superseded-memo-cite:2	occupancy_atom_is_the_outcome_dictionary_flow_selects_equipartition_bounded_note_2026-06-12	unaudited	unaudited	bounded_theorem	misc
docs/OCCUPANCY_NONEXCLUSIVITY_MIXTURE_BOUND_NOTE_2026-06-09.md	0	2	superseded-memo-cite:2	occupancy_nonexclusivity_mixture_bound_note_2026-06-09	unaudited	unaudited	open_gate	misc
docs/OCCUPANCY_READOUT_EXPONENT_BEREZIN_SUBSUMPTION_BOUNDED_THEOREM_NOTE_2026-06-09.md	0	2	superseded-memo-cite:2	occupancy_readout_exponent_berezin_subsumption_bounded_theorem_note_2026-06-09	unaudited	unaudited	bounded_theorem	misc
docs/OH_SEVEN_SITE_STAR_SHELL_LEVERAGE_POSITIVE_THEOREM_NOTE_2026-06-10.md	0	2	superseded-memo-cite:2	oh_seven_site_star_shell_leverage_positive_theorem_note_2026-06-10	unaudited	unaudited	positive_theorem	misc
docs/ONE_TIME_DIMENSION_DT1_REDUCES_TO_EMERGENT_DYNAMICS_GATE_OPEN_GATE_NOTE_2026-06-17.md	1	0	lattice-quantum-record:1	one_time_dimension_dt1_reduces_to_emergent_dynamics_gate_open_gate_note_2026-06-17	unaudited	unaudited	open_gate	foundations-record-dynamics
docs/ORBIT_OCCUPANCY_NEUTRINO_OUT_OF_SAMPLE_PROGRAM_NOTE_2026-06-09.md	0	2	superseded-memo-cite:2	orbit_occupancy_neutrino_out_of_sample_program_note_2026-06-09	unaudited	unaudited	open_gate	misc
docs/OSTERWALDER_SCHRADER_FROM_FRAMEWORK_NARROW_THEOREM_NOTE_2026-05-27.md	0	2	superseded-memo-cite:2	osterwalder_schrader_from_framework_narrow_theorem_note_2026-05-27	unaudited	unaudited	bounded_theorem	foundations-record-dynamics
docs/P2_KCPT_ORBIT_TEMPORAL_FACTOR_NO_GO_2026-06-06.md	1	5	kcpt-orbit-realized:1,superseded-memo-cite:5	p2_kcpt_orbit_temporal_factor_no_go_2026-06-06	unaudited	unaudited	no_go	misc
docs/P2_NATIVE_LORENTZIAN_MAGNITUDE_TEST_2026-06-05.md	0	2	superseded-memo-cite:2	p2_native_lorentzian_magnitude_test_2026-06-05	unaudited	meta	meta	misc
docs/P2_WICK_ROTATION_SIGN_EPSILON_CLOSURE_NARROW_THEOREM_NOTE_2026-05-27.md	0	1	superseded-memo-cite:1	p2_wick_rotation_sign_epsilon_closure_narrow_theorem_note_2026-05-27	unaudited	unaudited	bounded_theorem	foundations-record-dynamics
docs/PERSISTENT_RECORD_INSTRUMENT_CONSTRUCTION_NARROW_THEOREM_NOTE_2026-05-22.md	0	4	superseded-memo-cite:4	persistent_record_instrument_construction_narrow_theorem_note_2026-05-22	unaudited	unaudited	bounded_theorem	foundations-record-dynamics
docs/PER_SITE_K_EQUALS_1_RATIFICATION_REAUDIT_MANIFEST_NOTE_2026-05-22.md	0	5	superseded-memo-cite:5	per_site_k_equals_1_ratification_reaudit_manifest_note_2026-05-22	unaudited	meta	meta	misc
docs/PER_SITE_SU2_BRIDGE_BOUNDED_OBSTRUCTION_NOTE_2026-05-07_w2bridge.md	0	2	superseded-memo-cite:2	per_site_su2_bridge_bounded_obstruction_note_2026-05-07_w2bridge	unaudited	unaudited	bounded_theorem	misc
docs/PER_SITE_SU2_SPIN_HALF_THEOREM_NOTE_2026-05-02.md	0	4	superseded-memo-cite:4	per_site_su2_spin_half_theorem_note_2026-05-02	unaudited	unaudited	positive_theorem	misc
docs/PHYSICAL_LATTICE_FOUNDATIONAL_INTERPRETATION_NOTE_2026-05-08.md	0	1	superseded-memo-cite:1	physical_lattice_foundational_interpretation_note_2026-05-08	unaudited	meta	meta	misc
docs/PHYSICAL_LATTICE_NECESSITY_DEP_DECLARATION_AUDIT_NOTE_2026-05-02.md	0	2	superseded-memo-cite:2	physical_lattice_necessity_dep_declaration_audit_note_2026-05-02	unaudited	meta	meta	misc
docs/PLANCK_BOUNDARY_ACTION_DENSITY_ACCEPTED_PREMISE_BRIDGE_BOUNDED_NOTE_2026-05-26.md	0	1	superseded-memo-cite:1	planck_boundary_action_density_accepted_premise_bridge_bounded_note_2026-05-26	unaudited	unaudited	bounded_theorem	misc
docs/PLANCK_FROM_STRUCTURE_PATH_OPENING_META_NOTE_2026-05-10.md	0	10	superseded-memo-cite:10	planck_from_structure_path_opening_meta_note_2026-05-10	unaudited	meta	meta	misc
docs/PLANCK_HIDDEN_CHARACTER_DELTA_ZERO_POSITIVE_THEOREM_NOTE_2026-05-10_planckP2.md	0	3	superseded-memo-cite:3	planck_hidden_character_delta_zero_positive_theorem_note_2026-05-10_planckp2	unaudited	unaudited	positive_theorem	gauge-theta
docs/PLANCK_LINK_LOCAL_FIRST_VARIATION_P_A_FORCING_THEOREM_NOTE_2026-04-30.md	1	3	lattice-quantum-record:1,superseded-memo-cite:3	planck_link_local_first_variation_p_a_forcing_theorem_note_2026-04-30	unaudited	unaudited	bounded_theorem	misc
docs/PLANCK_ORIENTATION_PRINCIPLE_BOUNDED_NOTE_2026-05-10_planckP3.md	0	2	superseded-memo-cite:2	planck_orientation_principle_bounded_note_2026-05-10_planckp3	unaudited	unaudited	bounded_theorem	misc
docs/PLANCK_PRIMITIVE_COFRAME_BOUNDARY_CARRIER_THEOREM_NOTE_2026-04-25.md	0	1	superseded-memo-cite:1	planck_primitive_coframe_boundary_carrier_theorem_note_2026-04-25	unaudited	unaudited	positive_theorem	misc
docs/PLANCK_SUBSTRATE_TO_CARRIER_FORCING_BOUNDED_NOTE_2026-05-10_planckP1.md	0	6	superseded-memo-cite:6	planck_substrate_to_carrier_forcing_bounded_note_2026-05-10_planckp1	unaudited	unaudited	bounded_theorem	misc
docs/PLANCK_TARGET3_COFRAME_RESPONSE_ACCEPTED_PREMISE_BRIDGE_BOUNDED_NOTE_2026-05-26.md	0	1	superseded-memo-cite:1	planck_target3_coframe_response_accepted_premise_bridge_bounded_note_2026-05-26	unaudited	unaudited	bounded_theorem	misc
docs/PMNS_C3_CHARACTER_MODE_REDUCTION_NOTE.md	0	3	superseded-memo-cite:3	pmns_c3_character_mode_reduction_note	unaudited	unaudited	bounded_theorem	flavor-koide
docs/PMNS_DCP_FORECAST_STANDING_DEGRADES_UNDER_NUFIT6_BOUNDED_NOTE_2026-06-08.md	0	2	superseded-memo-cite:2	pmns_dcp_forecast_standing_degrades_under_nufit6_bounded_note_2026-06-08	unaudited	unaudited	bounded_theorem	flavor-koide
docs/PMNS_RIGHT_CONJUGACY_INVARIANT_RECORD_AXIOM_INVARIANCE_COMPANION_NOTE_2026-06-04.md	1	15	lattice-quantum-record:1,quantum-axiom-name:2,superseded-memo-cite:13	pmns_right_conjugacy_invariant_record_axiom_invariance_companion_note_2026-06-04	unaudited	meta	meta	flavor-koide
docs/PMNS_SELECTOR_BANK_NONREALIZATION_NOTE.md	0	3	superseded-memo-cite:3	pmns_selector_bank_nonrealization_note	unaudited	unaudited	bounded_theorem	flavor-koide
docs/PMNS_TM2_TRIMAXIMAL_COLUMN_FROM_RECORD_CENTRAL_SECTOR_NARROW_THEOREM_NOTE_2026-06-05.md	2	2	central-sector-readout-context:1,kcpt-orbit-realized:1,superseded-memo-cite:2	pmns_tm2_trimaximal_column_from_record_central_sector_narrow_theorem_note_2026-06-05	unaudited	unaudited	positive_theorem	flavor-koide
docs/PMNS_TWISTED_FLUX_TRANSFER_HOLONOMY_BOUNDARY_NOTE.md	0	2	superseded-memo-cite:2	pmns_twisted_flux_transfer_holonomy_boundary_note	unaudited	unaudited	bounded_theorem	flavor-koide
docs/POST_RECORD_SELECTOR_TANGENT_READOUT_WEIGHT_PROTOTYPE_2026-06-06.md	1	2	durable-registration:1,superseded-memo-cite:2	post_record_selector_tangent_readout_weight_prototype_2026-06-06	audited_conditional	audited_conditional	open_gate	foundations-record-dynamics
docs/POWERS_UHF_TRACIAL_UNIQUENESS_ON_QUBIT_LATTICE_NARROW_THEOREM_NOTE_2026-05-20.md	0	4	superseded-memo-cite:4	powers_uhf_tracial_uniqueness_on_qubit_lattice_narrow_theorem_note_2026-05-20	unaudited	unaudited	positive_theorem	foundations-record-dynamics
docs/PRE_RECORD_REFERENCE_STATE_MAXIMAL_SYMMETRY_OPEN_GATE_NOTE_2026-06-05.md	0	4	superseded-memo-cite:4	pre_record_reference_state_maximal_symmetry_open_gate_note_2026-06-05	unaudited	unaudited	open_gate	foundations-record-dynamics
docs/PRE_RECORD_REFERENCE_STATE_TRACIAL_DERIVATION_NOTE_2026-05-20.md	0	2	superseded-memo-cite:2	pre_record_reference_state_tracial_derivation_note_2026-05-20	audited_decoration	retained_pending_chain	decoration	foundations-record-dynamics
docs/PRIMITIVE_P_L1_CHANNEL_WEIGHT_PROPOSAL_NOTE_2026-05-10_pPl1.md	0	4	superseded-memo-cite:4	primitive_p_l1_channel_weight_proposal_note_2026-05-10_ppl1	unaudited	unaudited	open_gate	misc
docs/PRIMITIVE_P_L1_D_PERIOD_FUNCTOR_NOTE_2026-05-10_pPl1_d.md	0	2	superseded-memo-cite:2	primitive_p_l1_d_period_functor_note_2026-05-10_ppl1_d	unaudited	unaudited	open_gate	misc
docs/PRIMITIVE_P_LH_CONTENT_PROPOSAL_NOTE_2026-05-10_pPlh.md	0	2	superseded-memo-cite:2	primitive_p_lh_content_proposal_note_2026-05-10_pplh	unaudited	unaudited	open_gate	misc
docs/PRIMITIVE_P_LH_NCG_NATIVE_NOTE_2026-05-10_pPlh_ncg_native.md	0	1	superseded-memo-cite:1	primitive_p_lh_ncg_native_note_2026-05-10_pplh_ncg_native	unaudited	unaudited	open_gate	misc
docs/PRODUCT_FORM_PREMISE_WEAKENS_TO_OUTCOME_FACTORIZATION_BOUNDED_NOTE_2026-06-12.md	0	2	superseded-memo-cite:2	product_form_premise_weakens_to_outcome_factorization_bounded_note_2026-06-12	unaudited	unaudited	bounded_theorem	misc
docs/PRR_LOCAL_DERIVATION_FROM_JAYNES_MAX_ENTROPY_NARROW_THEOREM_NOTE_2026-05-22.md	0	2	superseded-memo-cite:2	prr_local_derivation_from_jaynes_max_entropy_narrow_theorem_note_2026-05-22	unaudited	unaudited	bounded_theorem	foundations-record-dynamics
docs/PWC_DERIVATION_FROM_CUMULANT_GENERATING_FUNCTIONAL_NARROW_THEOREM_NOTE_2026-05-22.md	1	2	lattice-quantum-record:1,superseded-memo-cite:2	pwc_derivation_from_cumulant_generating_functional_narrow_theorem_note_2026-05-22	unaudited	unaudited	bounded_theorem	foundations-record-dynamics
docs/P_FLUX_FINITE_SPECIES_DENSITY_FROM_DETERMINANT_MATSUBARA_SURFACE_NARROW_NO_GO_NOTE_2026-06-10.md	0	2	superseded-memo-cite:2	p_flux_finite_species_density_from_determinant_matsubara_surface_narrow_no_go_note_2026-06-10	unaudited	unaudited	no_go	foundations-record-dynamics
docs/P_FLUX_POINT_ZERO_SET_FROM_RETAINED_ROWS_NARROW_NO_GO_NOTE_2026-06-10.md	1	2	lattice-quantum-record:1,superseded-memo-cite:2	p_flux_point_zero_set_from_retained_rows_narrow_no_go_note_2026-06-10	unaudited	unaudited	no_go	foundations-record-dynamics
docs/P_FLUX_SELECTION_FROM_MATTER_CONTENT_NARROW_NO_GO_NOTE_2026-06-10.md	0	2	superseded-memo-cite:2	p_flux_selection_from_matter_content_narrow_no_go_note_2026-06-10	unaudited	unaudited	no_go	matter-kinetic
docs/P_FLUX_SELECTION_VIA_FSB_K_AND_Z_CERTIFICATE_CONDITIONAL_THEOREM_NOTE_2026-06-11.md	0	2	superseded-memo-cite:2	p_flux_selection_via_fsb_k_and_z_certificate_conditional_theorem_note_2026-06-11	unaudited	unaudited	bounded_theorem	misc
docs/P_LH_NCG_PRIMITIVE_UNDERDETERMINATION_BOUNDARY_NOTE_2026-06-18.md	0	3	quantum-axiom-name:1,superseded-memo-cite:2	p_lh_ncg_primitive_underdetermination_boundary_note_2026-06-18	audited_conditional	audited_conditional	bounded_theorem	misc
docs/QUANTUM_LOCAL_ALGEBRA_DOES_NOT_FORCE_BOOST_ACTION_FAITH_NO_GO_NOTE_2026-06-02.md	0	2	superseded-memo-cite:2	quantum_local_algebra_does_not_force_boost_action_faith_no_go_note_2026-06-02	unaudited	unaudited	no_go	misc
docs/QUARK_BAE_ANALOG_BOUNDED_OBSTRUCTION_NOTE_2026-05-10_quarkBAE.md	0	6	superseded-memo-cite:6	quark_bae_analog_bounded_obstruction_note_2026-05-10_quarkbae	unaudited	unaudited	bounded_theorem	misc
docs/QUARK_BICAC_ENDPOINT_OBSTRUCTION_THEOREM_NOTE_2026-04-19.md	0	3	superseded-memo-cite:3	quark_bicac_endpoint_obstruction_theorem_note_2026-04-19	unaudited	unaudited	bounded_theorem	misc
docs/QUARK_BIMODULE_NORM_NATURALITY_THEOREM_NOTE_2026-04-19.md	0	3	superseded-memo-cite:3	quark_bimodule_norm_naturality_theorem_note_2026-04-19	unaudited	unaudited	bounded_theorem	misc
docs/QUARK_FIVE_SIXTHS_SCALE_SELECTION_BOUNDARY_NOTE_2026-04-28.md	0	1	superseded-memo-cite:1	quark_five_sixths_scale_selection_boundary_note_2026-04-28	unaudited	unaudited	bounded_theorem	misc
docs/QUARK_LANE3_BOUNDED_COMPANION_RETENTION_FIREWALL_NOTE_2026-04-27.md	0	3	superseded-memo-cite:3	quark_lane3_bounded_companion_retention_firewall_note_2026-04-27	unaudited	unaudited	bounded_theorem	misc
docs/QUARK_LANE3_BOUNDED_COMPANION_RETENTION_FIREWALL_RECORD_AXIOM_INVARIANCE_COMPANION_NOTE_2026-06-04.md	0	6	superseded-memo-cite:6	quark_lane3_bounded_companion_retention_firewall_record_axiom_invariance_companion_note_2026-06-04	unaudited	meta	meta	foundations-record-dynamics
docs/QUARK_LANE3_STUCK_FANOUT_SYNTHESIS_2026-04-28.md	0	3	superseded-memo-cite:3	quark_lane3_stuck_fanout_synthesis_2026-04-28	unaudited	unaudited	bounded_theorem	misc
docs/QUARK_ROUTE2_CENTER_PRIMITIVE_EQUIVALENCE_ATLAS_NOTE_2026-06-21.md	0	5	superseded-memo-cite:5	quark_route2_center_primitive_equivalence_atlas_note_2026-06-21	unaudited	unaudited	no_go	gauge-theta
docs/QUARK_ROUTE2_COLOR_COMPLEMENT_SEVEN_EIGHTHS_BRIDGE_NO_GO_NOTE_2026-06-21.md	0	2	superseded-memo-cite:2	quark_route2_color_complement_seven_eighths_bridge_no_go_note_2026-06-21	unaudited	unaudited	no_go	gauge-theta
docs/QUARK_ROUTE2_DENSITY_SQUARE_PRIMITIVE_GAP_NOTE_2026-06-21.md	0	2	superseded-memo-cite:2	quark_route2_density_square_primitive_gap_note_2026-06-21	unaudited	unaudited	no_go	misc
docs/QUARK_ROUTE2_E_CENTER_LIFT_DERIVATION_ATTEMPT_BOUNDED_NOTE_2026-06-12.md	0	2	superseded-memo-cite:2	quark_route2_e_center_lift_derivation_attempt_bounded_note_2026-06-12	unaudited	unaudited	bounded_theorem	gauge-theta
docs/QUARK_ROUTE2_E_CHANNEL_SOURCE_READOUT_CONSTRUCTION_BOUNDED_NOTE_2026-06-12.md	0	2	superseded-memo-cite:2	quark_route2_e_channel_source_readout_construction_bounded_note_2026-06-12	unaudited	unaudited	bounded_theorem	gravity-records
docs/QUARK_ROUTE2_FIXED_CARRIER_SELECTOR_EQUATION_BOUNDARY_NOTE_2026-06-21.md	0	5	superseded-memo-cite:5	quark_route2_fixed_carrier_selector_equation_boundary_note_2026-06-21	unaudited	unaudited	no_go	misc
docs/QUARK_ROUTE2_INVERSE_SQUARE_CENTER_LIFT_BOUNDARY_NOTE_2026-06-21.md	0	5	superseded-memo-cite:5	quark_route2_inverse_square_center_lift_boundary_note_2026-06-21	unaudited	unaudited	no_go	gauge-theta
docs/QUARK_ROUTE2_LOG_BARRIER_RECORD_PRIMITIVE_GATE_NOTE_2026-06-21.md	0	2	superseded-memo-cite:2	quark_route2_log_barrier_record_primitive_gate_note_2026-06-21	unaudited	unaudited	no_go	foundations-record-dynamics
docs/QUARK_ROUTE2_METRIC_SELECTOR_RATIO_BOUNDARY_NOTE_2026-06-21.md	0	5	superseded-memo-cite:5	quark_route2_metric_selector_ratio_boundary_note_2026-06-21	unaudited	unaudited	no_go	misc
docs/QUARK_ROUTE2_POSITIVE_DIAGONAL_E_CENTER_SELECTOR_NO_GO_NOTE_2026-06-21.md	0	5	superseded-memo-cite:5	quark_route2_positive_diagonal_e_center_selector_no_go_note_2026-06-21	unaudited	unaudited	no_go	gauge-theta
docs/QUARK_ROUTE2_RCONN_CENTER_RATIO_BRIDGE_OBSTRUCTION_NOTE_2026-04-28.md	0	1	superseded-memo-cite:1	quark_route2_rconn_center_ratio_bridge_obstruction_note_2026-04-28	unaudited	unaudited	bounded_theorem	gauge-theta
docs/QUARK_ROUTE2_RCONN_SIGNED_CENTER_BRIDGE_SELECTOR_FIREWALL_NOTE_2026-06-21.md	0	2	superseded-memo-cite:2	quark_route2_rconn_signed_center_bridge_selector_firewall_note_2026-06-21	unaudited	unaudited	no_go	gauge-theta
docs/QUARK_ROUTE2_RCONN_TYPED_BRIDGE_DERIVATION_BOUNDED_NOTE_2026-06-12.md	0	2	superseded-memo-cite:2	quark_route2_rconn_typed_bridge_derivation_bounded_note_2026-06-12	unaudited	unaudited	bounded_theorem	misc
docs/QUARK_ROUTE2_RECORD_RAW_Q_SELECTOR_GATE_NOTE_2026-06-21.md	1	2	durable-registration:1,superseded-memo-cite:2	quark_route2_record_raw_q_selector_gate_note_2026-06-21	unaudited	unaudited	no_go	foundations-record-dynamics
docs/QUARK_ROUTE2_SIGNED_CANCELLATION_FIREWALL_NOTE_2026-06-21.md	0	2	superseded-memo-cite:2	quark_route2_signed_cancellation_firewall_note_2026-06-21	unaudited	unaudited	no_go	misc
docs/QUARK_ROUTE2_T_ROW_PRIMITIVE_MINIMALITY_SELECTOR_BOUNDARY_NOTE_2026-06-22.md	0	2	superseded-memo-cite:2	quark_route2_t_row_primitive_minimality_selector_boundary_note_2026-06-22	unaudited	unaudited	no_go	misc
docs/QUARK_ROUTE2_T_SIDE_ENDPOINT_THEOREM_ATTEMPT_BOUNDED_NOTE_2026-06-12.md	0	2	superseded-memo-cite:2	quark_route2_t_side_endpoint_theorem_attempt_bounded_note_2026-06-12	unaudited	unaudited	bounded_theorem	misc
docs/QUBIT_AXIOM_HARDENING_NOTE_2026-05-20.md	0	6	superseded-memo-cite:6	qubit_axiom_hardening_note_2026-05-20	unaudited	meta	meta	foundations-record-dynamics
docs/QUBIT_K1_DERIVATION_FROM_MINIMALITY_NARROW_THEOREM_NOTE_2026-05-22.md	0	4	superseded-memo-cite:4	qubit_k1_derivation_from_minimality_narrow_theorem_note_2026-05-22	unaudited	unaudited	positive_theorem	foundations-record-dynamics
docs/QUBIT_LINK_U2_CONNECTION_ALGEBRA_BOUNDED_THEOREM_NOTE_2026-06-04.md	1	2	lattice-quantum-record:1,superseded-memo-cite:2	qubit_link_u2_connection_algebra_bounded_theorem_note_2026-06-04	unaudited	unaudited	bounded_theorem	misc
docs/Q_INTEGER_SPECTRUM_THEOREM_NOTE_2026-05-02.md	0	4	superseded-memo-cite:4	q_integer_spectrum_theorem_note_2026-05-02	unaudited	unaudited	positive_theorem	misc
docs/RADIAN_BRIDGE_EXPANDED_INVENTORY_BOUNDED_NOTE_2026-05-10_radianexp.md	0	3	superseded-memo-cite:3	radian_bridge_expanded_inventory_bounded_note_2026-05-10_radianexp	unaudited	unaudited	bounded_theorem	misc
docs/RADIAN_UNIT_CONVENTION_RECLASSIFICATION_NOTE_2026-05-10_radianconv.md	0	6	superseded-memo-cite:6	radian_unit_convention_reclassification_note_2026-05-10_radianconv	unaudited	meta	meta	misc
docs/RCONN_KAPPA_EW_REGISTER_NOT_READ_COLOR_TRACE_OPEN_GATE_NOTE_2026-06-08.md	0	3	quantum-axiom-name:1,superseded-memo-cite:2	rconn_kappa_ew_register_not_read_color_trace_open_gate_note_2026-06-08	unaudited	unaudited	open_gate	gauge-theta
docs/RD_BRIDGE_ANATOMY_AGREEMENT_CONDITIONED_DOUBLE_REGISTRATION_BOUNDED_NOTE_2026-06-12.md	0	2	superseded-memo-cite:2	rd_bridge_anatomy_agreement_conditioned_double_registration_bounded_note_2026-06-12	unaudited	unaudited	bounded_theorem	gravity-records
docs/REALIZED_KINETIC_BRANCH_CONDITIONAL_RECORD_REGISTRATION_NARROW_THEOREM_NOTE_2026-07-02.md	1	0	lattice-quantum-record:1	realized_kinetic_branch_conditional_record_registration_narrow_theorem_note_2026-07-02	unaudited	unaudited	bounded_theorem	matter-kinetic
docs/REAL_DIAGONAL_SOURCE_DET_POSITIVITY_AND_LOG_READOUT_LEMMA_NOTE_2026-06-08.md	0	2	superseded-memo-cite:2	real_diagonal_source_det_positivity_and_log_readout_lemma_note_2026-06-08	unaudited	unaudited	bounded_theorem	gravity-records
docs/REAL_RECORD_NO_I_UNIFICATION_PROPOSAL_NARROW_THEOREM_NOTE_2026-06-04.md	0	6	quantum-axiom-name:2,superseded-memo-cite:4	real_record_no_i_unification_proposal_narrow_theorem_note_2026-06-04	unaudited	meta	meta	foundations-record-dynamics
docs/RECORD_CLASSICALIZATION_DYNAMICS_FIREWALL_2026-06-05.md	5	2	durable-registration:1,kcpt-orbit-realized:4,superseded-memo-cite:2	record_classicalization_dynamics_firewall_2026-06-05	unaudited	unaudited	bounded_theorem	foundations-record-dynamics
docs/RECORD_CONTEXT_GENERATOR_NONIDENTIFIABILITY_NO_GO_2026-06-17.md	0	2	superseded-memo-cite:2	record_context_generator_nonidentifiability_no_go_2026-06-17	unaudited	unaudited	no_go	foundations-record-dynamics
docs/RECORD_COUNT_BOUNDS_COMPOSITION_WORDS_FINITE_DIAL_BOUNDED_NOTE_2026-07-02.md	1	0	invariant-repeated-readout:1	record_count_bounds_composition_words_finite_dial_bounded_note_2026-07-02	unaudited	unaudited	bounded_theorem	foundations-record-dynamics
docs/RECORD_DENSITY_SLOWS_LR_FRONT_OPTICAL_METRIC_TOY_BOUNDED_THEOREM_NOTE_2026-06-09.md	4	4	durable-registration:2,lattice-quantum-record:2,superseded-memo-cite:4	record_density_slows_lr_front_optical_metric_toy_bounded_theorem_note_2026-06-09	unaudited	unaudited	bounded_theorem	foundations-record-dynamics
docs/RECORD_DURABILITY_DERIVES_GRANULARITY_NOT_WEIGHT_BOUNDED_THEOREM_NOTE_2026-06-09.md	0	2	superseded-memo-cite:2	record_durability_derives_granularity_not_weight_bounded_theorem_note_2026-06-09	unaudited	unaudited	bounded_theorem	foundations-record-dynamics
docs/RECORD_FINITE_ALPHABET_POST_RECORD_DYNAMICS_2026-06-05.md	0	2	superseded-memo-cite:2	record_finite_alphabet_post_record_dynamics_2026-06-05	unaudited	unaudited	positive_theorem	foundations-record-dynamics
docs/RECORD_FORMATION_APPEND_CONSISTENCY_SWEEP_2026-07-04.md	3	2	lattice-quantum-record:3,superseded-memo-cite:2	record_formation_append_consistency_sweep_2026-07-04	unaudited	meta	meta	foundations-record-dynamics
docs/RECORD_FORMATION_NOT_UNCONDITIONALLY_FORCED_BY_MINIMAL_AXIOMS_NARROW_NO_GO_NOTE_2026-06-06.md	1	0	lattice-quantum-record:1	record_formation_not_unconditionally_forced_by_minimal_axioms_narrow_no_go_note_2026-06-06	audited_clean	retained_no_go	no_go	foundations-record-dynamics
docs/RECORD_GENERATION_READOUT_TWO_SECTORS_2026-06-05.md	3	3	central-sector-readout-context:1,durable-registration:1,kcpt-orbit-realized:1,superseded-memo-cite:3	record_generation_readout_two_sectors_2026-06-05	unaudited	unaudited	bounded_theorem	foundations-record-dynamics
docs/RECORD_HISTORY_MONOID_UNBOUNDED_RETENTION_2026-06-05.md	0	2	superseded-memo-cite:2	record_history_monoid_unbounded_retention_2026-06-05	unaudited	unaudited	bounded_theorem	foundations-record-dynamics
docs/RECORD_HISTORY_ORDER_TIME_RATE_FIREWALL_2026-06-05.md	0	2	superseded-memo-cite:2	record_history_order_time_rate_firewall_2026-06-05	unaudited	unaudited	no_go	foundations-record-dynamics
docs/RECORD_INSTRUMENT_KERNEL_INTERFACE_2026-06-05.md	0	2	superseded-memo-cite:2	record_instrument_kernel_interface_2026-06-05	unaudited	unaudited	bounded_theorem	foundations-record-dynamics
docs/RECORD_LOCAL_OBSERVABILITY_DECODER_CRITERION_2026-06-05.md	0	2	superseded-memo-cite:2	record_local_observability_decoder_criterion_2026-06-05	unaudited	unaudited	bounded_theorem	foundations-record-dynamics
docs/RECORD_OUTCOME_OBSERVABLE_PRINCIPLE_CANONICAL_PROPOSAL_NOTE_2026-06-05.md	2	1	central-sector-readout-context:1,kcpt-orbit-realized:1,superseded-memo-cite:1	record_outcome_observable_principle_canonical_proposal_note_2026-06-05	unaudited	meta	meta	foundations-record-dynamics
docs/RECORD_P1_DEPENDENCY_AUDIT_NOTE_2026-06-04.md	2	10	lattice-quantum-record:2,superseded-memo-cite:8,three-axiom-baseline:2	record_p1_dependency_audit_note_2026-06-04	unaudited	meta	meta	foundations-record-dynamics
docs/RECORD_PRERECORD_INSTRUMENT_KERNEL_GATE_2026-06-06.md	0	3	superseded-memo-cite:3	record_prerecord_instrument_kernel_gate_2026-06-06	unaudited	unaudited	bounded_theorem	foundations-record-dynamics
docs/RECORD_PRIOR_STABILITY_SELECTOR_2026-06-05.md	0	2	superseded-memo-cite:2	record_prior_stability_selector_2026-06-05	unaudited	unaudited	bounded_theorem	foundations-record-dynamics
docs/RECORD_PRODUCTION_INTERFACE_PRINCIPLE_2026-06-06.md	2	3	durable-registration:2,quantum-axiom-name:1,superseded-memo-cite:2	record_production_interface_principle_2026-06-06	unaudited	unaudited	bounded_theorem	foundations-record-dynamics
docs/RECORD_PRODUCTION_RESIDUAL_CHECKLIST_2026-06-05.md	0	2	superseded-memo-cite:2	record_production_residual_checklist_2026-06-05	unaudited	meta	meta	foundations-record-dynamics
docs/RECORD_UNBOUNDED_FINITE_ADDITIVITY_SCHEMA_2026-06-06.md	2	2	durable-registration:1,lattice-quantum-record:1,superseded-memo-cite:2	record_unbounded_finite_additivity_schema_2026-06-06	unaudited	unaudited	open_gate	foundations-record-dynamics
docs/REDUNDANCY_NOT_FORCED_BY_PND_LOCALITY_NO_GO_NOTE_2026-06-08.md	1	2	lattice-quantum-record:1,superseded-memo-cite:2	redundancy_not_forced_by_pnd_locality_no_go_note_2026-06-08	unaudited	unaudited	no_go	misc
docs/REFLECTION_POSITIVITY_GAUGE_HALF_CAUCHY_SCHWARZ_NARROW_THEOREM_NOTE_2026-05-10.md	0	1	superseded-memo-cite:1	reflection_positivity_gauge_half_cauchy_schwarz_narrow_theorem_note_2026-05-10	audited_clean	retained	positive_theorem	gauge-theta
docs/REGGE_CURVED_PRISM_TICK_DISPERSION_NARROW_THEOREM_NOTE_2026-06-17.md	0	2	superseded-memo-cite:2	regge_curved_prism_tick_dispersion_narrow_theorem_note_2026-06-17	unaudited	unaudited	bounded_theorem	matter-kinetic
docs/REGGE_OK4_FRAME_SECTION_NARROW_THEOREM_NOTE_2026-06-17.md	0	2	superseded-memo-cite:2	regge_ok4_frame_section_narrow_theorem_note_2026-06-17	unaudited	unaudited	bounded_theorem	foundations-record-dynamics
docs/RESIDUAL_D_POWER_DIVERGENT_CS_REGENERATION_B4_NOTE_2026-06-13.md	0	2	superseded-memo-cite:2	residual_d_power_divergent_cs_regeneration_b4_note_2026-06-13	unaudited	unaudited	positive_theorem	misc
docs/RETA_ALGEBRAIC_IRREDUCIBILITY_GENUINE_READOUT_ADMISSION_BOUNDED_NOTE_2026-06-12.md	0	2	superseded-memo-cite:2	reta_algebraic_irreducibility_genuine_readout_admission_bounded_note_2026-06-12	unaudited	unaudited	bounded_theorem	misc
docs/RETA_MAGNITUDE_IS_CONTINUUM_INDEX_THEOREM_LATTICE_INDEX_IS_INTEGER_BOUNDED_NOTE_2026-06-12.md	0	2	superseded-memo-cite:2	reta_magnitude_is_continuum_index_theorem_lattice_index_is_integer_bounded_note_2026-06-12	unaudited	unaudited	bounded_theorem	misc
docs/RING_MONODROMY_DOES_NOT_FORCE_CAR_NOTE_2026-06-04.md	0	2	superseded-memo-cite:2	ring_monodromy_does_not_force_car_note_2026-06-04	unaudited	unaudited	no_go	misc
docs/RP_MIXED_OBSERVABLE_SINGLE_TRANSFER_MATRIX_NARROW_THEOREM_NOTE_2026-05-29.md	0	2	superseded-memo-cite:2	rp_mixed_observable_single_transfer_matrix_narrow_theorem_note_2026-05-29	unaudited	unaudited	bounded_theorem	foundations-record-dynamics
docs/RP_P2_GAUGE_EXTENSION_AND_REALIZATION_RESIDUAL_NOTE_2026-05-28.md	2	2	lattice-quantum-record:2,superseded-memo-cite:2	rp_p2_gauge_extension_and_realization_residual_note_2026-05-28	audited_conditional	audited_conditional	bounded_theorem	gauge-theta
docs/RP_RHO_REF_RADON_NIKODYM_COMPATIBILITY_NOTE_2026-05-20.md	0	4	superseded-memo-cite:4	rp_rho_ref_radon_nikodym_compatibility_note_2026-05-20	unaudited	unaudited	bounded_theorem	misc
docs/S3_TASTE_CUBE_DECOMPOSITION_NOTE.md	0	4	superseded-memo-cite:4	s3_taste_cube_decomposition_note	audited_clean	retained	positive_theorem	matter-kinetic
docs/SCALAR_I_AND_REAL_GENERATION_STRUCTURE_K_PARITY_SEPARATION_BOUNDED_NOTE_2026-06-08.md	0	2	superseded-memo-cite:2	scalar_i_and_real_generation_structure_k_parity_separation_bounded_note_2026-06-08	unaudited	unaudited	bounded_theorem	misc
docs/SIGNED_GRAVITY_PARITY_GRADING_ESCAPE_DICHOTOMY_NARROW_THEOREM_NOTE_2026-06-11.md	0	2	superseded-memo-cite:2	signed_gravity_parity_grading_escape_dichotomy_narrow_theorem_note_2026-06-11	unaudited	unaudited	bounded_theorem	gravity-records
docs/SIGNED_GRAVITY_PRODUCT_GRADING_ETA_SECTOR_SELECTION_BRIDGE_NARROW_THEOREM_NOTE_2026-06-11.md	0	2	superseded-memo-cite:2	signed_gravity_product_grading_eta_sector_selection_bridge_narrow_theorem_note_2026-06-11	unaudited	unaudited	bounded_theorem	gravity-records
docs/SIGNED_GRAVITY_WILSON_MASS_HOLONOMY_TWISTED_EDGE_REALIZATION_NARROW_THEOREM_NOTE_2026-06-11.md	0	2	superseded-memo-cite:2	signed_gravity_wilson_mass_holonomy_twisted_edge_realization_narrow_theorem_note_2026-06-11	unaudited	unaudited	bounded_theorem	gauge-theta
docs/SIN2THETAW_PROOF_WALK_LATTICE_INDEPENDENCE_BOUNDED_NOTE_2026-05-08.md	0	1	superseded-memo-cite:1	sin2thetaw_proof_walk_lattice_independence_bounded_note_2026-05-08	unaudited	unaudited	bounded_theorem	gauge-theta
docs/SINGLE_AXIOM_HILBERT_NOTE.md	0	7	superseded-memo-cite:7	single_axiom_hilbert_note	unaudited	unaudited	bounded_theorem	foundations-record-dynamics
docs/SINGLE_AXIOM_INFORMATION_NOTE.md	0	6	superseded-memo-cite:6	single_axiom_information_note	unaudited	meta	meta	foundations-record-dynamics
docs/SINGLE_CLOCK_ANTIPERIODIC_AXIS_DATUM_S4_TRANSPORT_BOUNDED_THEOREM_NOTE_2026-06-17.md	1	2	lattice-quantum-record:1,superseded-memo-cite:2	single_clock_antiperiodic_axis_datum_s4_transport_bounded_theorem_note_2026-06-17	audited_conditional	audited_conditional	bounded_theorem	gravity-records
docs/SINGLE_CLOCK_AXIS_SELECTION_FROM_RECORD_DURABILITY_NARROW_NO_GO_NOTE_2026-06-11.md	0	5	superseded-memo-cite:5	single_clock_axis_selection_from_record_durability_narrow_no_go_note_2026-06-11	unaudited	unaudited	no_go	gravity-records
docs/SINGLE_CLOCK_BLOCKED_TIME_UNIT_SPLIT_N2_SUPPORT_NOTE_2026-06-17.md	1	2	lattice-quantum-record:1,superseded-memo-cite:2	single_clock_blocked_time_unit_split_n2_support_note_2026-06-17	unaudited	unaudited	bounded_theorem	gravity-records
docs/SINGLE_CLOCK_INDEPENDENT_COMMUTING_TRANSFER_FACTOR_N5_NO_GO_NOTE_2026-06-17.md	4	1	lattice-quantum-record:4,superseded-memo-cite:1	single_clock_independent_commuting_transfer_factor_n5_no_go_note_2026-06-17	unaudited	unaudited	no_go	gravity-records
docs/SINGLE_CLOCK_PHYSICAL_CLOCK_ADMISSION_INVENTORY_N5_SUPPORT_NOTE_2026-06-17.md	1	1	lattice-quantum-record:1,superseded-memo-cite:1	single_clock_physical_clock_admission_inventory_n5_support_note_2026-06-17	unaudited	unaudited	bounded_theorem	gravity-records
docs/SLAB_BOUNDARY_ETA_GLOBALLY_ZERO_PER_EDGE_NONUNIVERSAL_NO_FRACTIONAL_CARRIER_BOUNDED_NOTE_2026-06-12.md	0	2	superseded-memo-cite:2	slab_boundary_eta_globally_zero_per_edge_nonuniversal_no_fractional_carrier_bounded_note_2026-06-12	unaudited	unaudited	bounded_theorem	misc
docs/SM_ANOMALY_CLOSURE_RETAINED_ANCHORS_DECOUPLED_BOUNDED_THEOREM_NOTE_2026-06-08.md	1	2	lattice-quantum-record:1,superseded-memo-cite:2	sm_anomaly_closure_retained_anchors_decoupled_bounded_theorem_note_2026-06-08	unaudited	unaudited	bounded_theorem	misc
docs/SO4_UNIQUE_SU2_SU2_SPLIT_NARROW_THEOREM_NOTE_2026-05-26.md	0	2	superseded-memo-cite:2	so4_unique_su2_su2_split_narrow_theorem_note_2026-05-26	unaudited	unaudited	positive_theorem	foundations-record-dynamics
docs/SOMMER_SCALE_FROM_WILSON_CHAIN_PARTIAL_NOTE_2026-05-10_sommer.md	0	6	superseded-memo-cite:6	sommer_scale_from_wilson_chain_partial_note_2026-05-10_sommer	unaudited	unaudited	bounded_theorem	gauge-theta
docs/SOURCE_MEASURE_SHARP_RECORD_ORTHONORMAL_RESPONSE_BASIS_NARROW_THEOREM_NOTE_2026-06-05.md	0	1	superseded-memo-cite:1	source_measure_sharp_record_orthonormal_response_basis_narrow_theorem_note_2026-06-05	audited_clean	retained_bounded	bounded_theorem	gravity-records
docs/SPATIAL_SLAB_TRANSFER_OPERATOR_POSITIVITY_AND_DELTA_X_REAL_NOTE_2026-05-19.md	0	1	superseded-memo-cite:1	spatial_slab_transfer_operator_positivity_and_delta_x_real_note_2026-05-19	unaudited	unaudited	bounded_theorem	misc
docs/SPECIES_BRIDGE_MINIMUM_DECOMPOSITION_BOUNDED_THEOREM_NOTE_2026-06-13.md	0	2	superseded-memo-cite:2	species_bridge_minimum_decomposition_bounded_theorem_note_2026-06-13	unaudited	unaudited	bounded_theorem	misc
docs/SPIN_STATISTICS_FS_ADMISSION_LOCATED_EXERCISE_NOTE_2026-06-06.md	1	4	lattice-quantum-record:1,quantum-axiom-name:1,superseded-memo-cite:3	spin_statistics_fs_admission_located_exercise_note_2026-06-06	unaudited	unaudited	bounded_theorem	misc
docs/STACK_SPECTRAL_TRANSCRIPTION_WEAK_REGISTRATION_FAITHFUL_LIMIT_BOUNDED_THEOREM_NOTE_2026-06-11.md	0	1	superseded-memo-cite:1	stack_spectral_transcription_weak_registration_faithful_limit_bounded_theorem_note_2026-06-11	unaudited	unaudited	bounded_theorem	gravity-records
docs/STAGGERED_CHIRALITY_SELECTOR_ENUMERATOR_NARROW_THEOREM_NOTE_2026-06-06.md	1	3	lattice-quantum-record:1,superseded-memo-cite:3	staggered_chirality_selector_enumerator_narrow_theorem_note_2026-06-06	unaudited	unaudited	bounded_theorem	matter-kinetic
docs/STAGGERED_DIRAC_EXERCISE_HONEST_REASSESSMENT_NOTE_2026-06-06.md	2	3	lattice-quantum-record:2,superseded-memo-cite:3	staggered_dirac_exercise_honest_reassessment_note_2026-06-06	unaudited	unaudited	bounded_theorem	matter-kinetic
docs/STAGGERED_DIRAC_GATE_CLOSURE_SYNTHESIS_THEOREM_NOTE_2026-05-17.md	0	6	superseded-memo-cite:6	staggered_dirac_gate_closure_synthesis_theorem_note_2026-05-17	unaudited	unaudited	bounded_theorem	matter-kinetic
docs/STAGGERED_DIRAC_GRASSMANN_FORCING_THEOREM_NOTE_2026-05-07.md	0	7	quantum-axiom-name:3,superseded-memo-cite:4	staggered_dirac_grassmann_forcing_theorem_note_2026-05-07	unaudited	unaudited	bounded_theorem	matter-kinetic
docs/STAGGERED_DIRAC_HW1_THREE_EIGENVALUE_STRUCTURE_POSITIVE_THEOREM_NOTE_2026-05-10.md	0	2	superseded-memo-cite:2	staggered_dirac_hw1_three_eigenvalue_structure_positive_theorem_note_2026-05-10	unaudited	unaudited	positive_theorem	matter-kinetic
docs/STAGGERED_DIRAC_KINETIC_CLASS_TWO_COMPONENT_EXCLUSION_NARROW_THEOREM_NOTE_2026-06-11.md	0	3	superseded-memo-cite:3	staggered_dirac_kinetic_class_two_component_exclusion_narrow_theorem_note_2026-06-11	unaudited	unaudited	bounded_theorem	matter-kinetic
docs/STAGGERED_DIRAC_SUBSTEP1_GRASSMANN_FORCING_BRIDGE_NARROW_THEOREM_NOTE_2026-05-16.md	0	5	quantum-axiom-name:3,superseded-memo-cite:2	staggered_dirac_substep1_grassmann_forcing_bridge_narrow_theorem_note_2026-05-16	unaudited	unaudited	positive_theorem	matter-kinetic
docs/STAGGERED_DIRAC_SUBSTEP1_JW_BRIDGE_NARROW_THEOREM_NOTE_2026-05-17.md	0	2	superseded-memo-cite:2	staggered_dirac_substep1_jw_bridge_narrow_theorem_note_2026-05-17	audited_decoration	decoration_under_cl3_complexification_split_narrow_theorem_note_2026-05-10	decoration	matter-kinetic
docs/STAGGERED_DIRAC_SUBSTEP1_STATISTICS_AGNOSTIC_NO_FORCING_NOTE_2026-05-25.md	0	7	superseded-memo-cite:7	staggered_dirac_substep1_statistics_agnostic_no_forcing_note_2026-05-25	unaudited	unaudited	no_go	matter-kinetic
docs/STAGGERED_DIRAC_SUBSTEP1_STATISTICS_GL_F_CONDITIONAL_DISCRIMINATOR_BOUNDED_THEOREM_NOTE_2026-06-10.md	1	3	lattice-quantum-record:1,quantum-axiom-name:1,superseded-memo-cite:2	staggered_dirac_substep1_statistics_gl_f_conditional_discriminator_bounded_theorem_note_2026-06-10	unaudited	unaudited	bounded_theorem	matter-kinetic
docs/STAGGERED_DIRAC_SUBSTEP1_U4_CONDITIONAL_SINGLE_MODULE_NARROW_BOUNDED_NOTE_2026-05-17.md	0	2	superseded-memo-cite:2	staggered_dirac_substep1_u4_conditional_single_module_narrow_bounded_note_2026-05-17	unaudited	unaudited	bounded_theorem	matter-kinetic
docs/STAGGERED_DIRAC_SUBSTEP2_KAHLER_DIRAC_EQUIVALENCE_NARROW_THEOREM_NOTE_2026-05-17.md	0	1	superseded-memo-cite:1	staggered_dirac_substep2_kahler_dirac_equivalence_narrow_theorem_note_2026-05-17	unaudited	unaudited	bounded_theorem	matter-kinetic
docs/STAGGERED_DIRAC_SUBSTEP3_BZ_CORNER_HAMMING_ORBIT_NARROW_THEOREM_NOTE_2026-05-17.md	0	1	superseded-memo-cite:1	staggered_dirac_substep3_bz_corner_hamming_orbit_narrow_theorem_note_2026-05-17	audit_in_progress	audit_in_progress	positive_theorem	matter-kinetic
docs/STAGGERED_DIRAC_SUBSTEP4_AC_LAMBDA_SIMULTANEOUS_DIAGONALIZATION_BRIDGE_NARROW_THEOREM_NOTE_2026-05-17.md	0	1	superseded-memo-cite:1	staggered_dirac_substep4_ac_lambda_simultaneous_diagonalization_bridge_narrow_theorem_note_2026-05-17	audit_in_progress	audit_in_progress	positive_theorem	matter-kinetic
docs/STAGGERED_DIRAC_SUBSTEP4_AC_NARROW_BOUNDED_NOTE_2026-05-07_substep4ac.md	0	6	superseded-memo-cite:6	staggered_dirac_substep4_ac_narrow_bounded_note_2026-05-07_substep4ac	unaudited	unaudited	bounded_theorem	matter-kinetic
docs/STAGGERED_DIRAC_SUBSTEP4_AC_PHI_TRACE_EQUIPARTITION_BRIDGE_NARROW_THEOREM_NOTE_2026-05-17.md	0	1	superseded-memo-cite:1	staggered_dirac_substep4_ac_phi_trace_equipartition_bridge_narrow_theorem_note_2026-05-17	unaudited	unaudited	positive_theorem	matter-kinetic
docs/STAGGERED_DIRAC_SUBSTEP4_LABELING_NO_GO_NOTE_2026-05-17.md	0	2	superseded-memo-cite:2	staggered_dirac_substep4_labeling_no_go_note_2026-05-17	unaudited	unaudited	no_go	matter-kinetic
docs/STAGGERED_KERNEL_SATISFIES_Z_POINT_CONE_CERTIFICATE_NARROW_THEOREM_NOTE_2026-06-11.md	0	2	superseded-memo-cite:2	staggered_kernel_satisfies_z_point_cone_certificate_narrow_theorem_note_2026-06-11	unaudited	unaudited	positive_theorem	matter-kinetic
docs/STAGGERED_ONLY_DET_POSITIVITY_CASE_A_NOTE_2026-05-17.md	0	1	superseded-memo-cite:1	staggered_only_det_positivity_case_a_note_2026-05-17	audited_clean	retained	positive_theorem	matter-kinetic
docs/STAGGERED_SCALAR_MASS_CLASS_BOUNDED_PREMISE_BRIDGE_NOTE_2026-06-03.md	1	0	lattice-quantum-record:1	staggered_scalar_mass_class_bounded_premise_bridge_note_2026-06-03	unaudited	unaudited	bounded_theorem	matter-kinetic
docs/STAGGERED_SCHEME_FORCED_BY_ONE_QUBIT_PER_SITE_LOCALITY_NARROW_THEOREM_NOTE_2026-06-06.md	0	4	quantum-axiom-name:1,superseded-memo-cite:3	staggered_scheme_forced_by_one_qubit_per_site_locality_narrow_theorem_note_2026-06-06	unaudited	unaudited	bounded_theorem	matter-kinetic
docs/STAGGERED_TASTE_IS_THE_QUBIT_NO_SEPARATE_KOIDE_MULTIPLICITY_NARROW_OBSTRUCTION_NOTE_2026-06-04.md	0	3	quantum-axiom-name:1,superseded-memo-cite:2	staggered_taste_is_the_qubit_no_separate_koide_multiplicity_narrow_obstruction_note_2026-06-04	unaudited	unaudited	no_go	flavor-koide
docs/STAGGERED_WILSON_DET_POSITIVITY_BRIDGE_THEOREM_NOTE_2026-05-05.md	0	2	superseded-memo-cite:2	staggered_wilson_det_positivity_bridge_theorem_note_2026-05-05	unaudited	unaudited	positive_theorem	gauge-theta
docs/STATIC_SOURCE_READOUT_I1_ACCEPTED_PREMISE_BRIDGE_BOUNDED_NOTE_2026-05-27.md	0	2	quantum-axiom-name:1,superseded-memo-cite:1	static_source_readout_i1_accepted_premise_bridge_bounded_note_2026-05-27	unaudited	unaudited	bounded_theorem	gravity-records
docs/STATISTICS_ATOM_REDUCES_TO_PRODUCT_FORM_ON_RETAINED_GLEASON_SURFACE_BOUNDED_NOTE_2026-06-12.md	0	2	superseded-memo-cite:2	statistics_atom_reduces_to_product_form_on_retained_gleason_surface_bounded_note_2026-06-12	unaudited	unaudited	bounded_theorem	probability-born
docs/STATISTICS_PRODUCT_INSTANCE_CRITERION_BRIDGE_BOUNDED_THEOREM_NOTE_2026-06-17.md	0	2	superseded-memo-cite:2	statistics_product_instance_criterion_bridge_bounded_theorem_note_2026-06-17	unaudited	unaudited	bounded_theorem	misc
docs/STRONG_CP_DETERMINANT_READOUT_BRIDGE_NARROW_THEOREM_NOTE_2026-06-12.md	0	2	superseded-memo-cite:2	strong_cp_determinant_readout_bridge_narrow_theorem_note_2026-06-12	unaudited	unaudited	bounded_theorem	foundations-record-dynamics
docs/STRONG_CP_GAUGE_THETA_MULTIPLAQUETTE_FTF_IS_ADMISSIBLE_NOT_CLEAN_CLOSEABLE_BOUNDED_NOTE_2026-06-07.md	1	2	lattice-quantum-record:1,superseded-memo-cite:2	strong_cp_gauge_theta_multiplaquette_ftf_is_admissible_not_clean_closeable_bounded_note_2026-06-07	unaudited	unaudited	no_go	gauge-theta
docs/STRONG_CP_GAUGE_THETA_NOT_FORCED_BY_REALITY_POSITIVITY_OR_CPT_BOUNDED_NOTE_2026-06-07.md	1	2	lattice-quantum-record:1,superseded-memo-cite:2	strong_cp_gauge_theta_not_forced_by_reality_positivity_or_cpt_bounded_note_2026-06-07	unaudited	unaudited	no_go	gauge-theta
docs/STRONG_CP_PARITY_MEASURE_CORRECTION_ORIENTATION_GATE_NO_GO_NOTE_2026-06-08.md	0	2	superseded-memo-cite:2	strong_cp_parity_measure_correction_orientation_gate_no_go_note_2026-06-08	unaudited	unaudited	no_go	probability-born
docs/SU2_DOUBLE_USE_REDUCES_TO_ONE_INDEX_PAIRING_ADMISSION_BOUNDED_NOTE_2026-06-08.md	1	4	lattice-quantum-record:1,quantum-axiom-name:2,superseded-memo-cite:2	su2_double_use_reduces_to_one_index_pairing_admission_bounded_note_2026-06-08	unaudited	unaudited	bounded_theorem	misc
docs/SU3_BETA6_GAP_BULK_CRITICALITY_REDUCTION_BOUNDED_THEOREM_NOTE_2026-06-09.md	0	2	superseded-memo-cite:2	su3_beta6_gap_bulk_criticality_reduction_bounded_theorem_note_2026-06-09	unaudited	unaudited	open_gate	misc
docs/SU5_DECOMPOSITION_PROOF_WALK_LATTICE_INDEPENDENCE_BOUNDED_NOTE_2026-05-08.md	0	1	superseded-memo-cite:1	su5_decomposition_proof_walk_lattice_independence_bounded_note_2026-05-08	unaudited	unaudited	bounded_theorem	misc
docs/SU5_EMBEDDING_FROM_GRAPH_FIRST_SURFACE_THEOREM_NOTE_2026-05-07.md	0	4	superseded-memo-cite:4	su5_embedding_from_graph_first_surface_theorem_note_2026-05-07	unaudited	unaudited	bounded_theorem	misc
docs/SUBSTEP4_AC_LAMBDA_SEPARATE_CLOSURE_NOTE_2026-05-10_aclambda.md	0	6	superseded-memo-cite:6	substep4_ac_lambda_separate_closure_note_2026-05-10_aclambda	unaudited	unaudited	bounded_theorem	misc
docs/SUBSTEP4_RATCHET_NAMED_PRIMITIVES_META_NOTE_2026-05-10_s4ratchet.md	0	10	superseded-memo-cite:10	substep4_ratchet_named_primitives_meta_note_2026-05-10_s4ratchet	unaudited	meta	meta	misc
docs/SUBSTRATE_TO_P_A_FORCING_THEOREM_NOTE_2026-04-30.md	0	1	superseded-memo-cite:1	substrate_to_p_a_forcing_theorem_note_2026-04-30	unaudited	unaudited	no_go	misc
docs/SUPERTRACE_INDEX_HOLOMORPHIC_ROUTE_TO_KOIDE_R_HALF_OPEN_LEAD_NOTE_2026-06-04.md	0	1	superseded-memo-cite:1	supertrace_index_holomorphic_route_to_koide_r_half_open_lead_note_2026-06-04	unaudited	unaudited	open_gate	flavor-koide
docs/TASTE_SCALAR_FERMION_CW_ISOTROPY_NARROW_THEOREM_NOTE_2026-05-02.md	0	5	superseded-memo-cite:5	taste_scalar_fermion_cw_isotropy_narrow_theorem_note_2026-05-02	audited_clean	retained_bounded	bounded_theorem	matter-kinetic
docs/TASTE_SECTOR_MARGINAL_LV_B4_PROTECTION_ON_OS0_BOUNDED_THEOREM_NOTE_2026-06-13.md	1	2	lattice-quantum-record:1,superseded-memo-cite:2	taste_sector_marginal_lv_b4_protection_on_os0_bounded_theorem_note_2026-06-13	unaudited	unaudited	bounded_theorem	matter-kinetic
docs/TELEPORTATION_NATIVE_RECORD_APPARATUS_NOTE.md	0	2	superseded-memo-cite:2	teleportation_native_record_apparatus_note	unaudited	unaudited	open_gate	foundations-record-dynamics
docs/TELEPORTATION_RESOURCE_FROM_POISSON_CRITICALITY_BUMP_HYGIENE_COMPANION_NOTE_2026-06-04.md	0	6	superseded-memo-cite:6	teleportation_resource_from_poisson_criticality_bump_hygiene_companion_note_2026-06-04	unaudited	meta	meta	gravity-records
docs/TELEPORTATION_RESOURCE_FROM_POISSON_NOTE.md	2	4	lattice-quantum-record:2,superseded-memo-cite:4	teleportation_resource_from_poisson_note	unaudited	unaudited	open_gate	gravity-records
docs/TENSOR_COMPOSITION_REQUIRES_LOCAL_TOMOGRAPHY_BEYOND_LOCALITY_NARROW_NO_GO_NOTE_2026-06-03.md	2	8	lattice-quantum-record:2,quantum-axiom-name:4,superseded-memo-cite:4	tensor_composition_requires_local_tomography_beyond_locality_narrow_no_go_note_2026-06-03	audit_in_progress	audit_in_progress	no_go	foundations-record-dynamics
docs/TENSOR_MATCHING_COMPLETION_THEOREM_NOTE.md	0	2	superseded-memo-cite:2	tensor_matching_completion_theorem_note	unaudited	unaudited	bounded_theorem	misc
docs/TENSOR_PRODUCT_TRANSLATION_FERMION_OPERATOR_BRIDGE_NARROW_THEOREM_NOTE_2026-05-25.md	0	4	superseded-memo-cite:4	tensor_product_translation_fermion_operator_bridge_narrow_theorem_note_2026-05-25	unaudited	unaudited	positive_theorem	foundations-record-dynamics
docs/THEOREM_BAE_NEWTON_GIRARD_UNIFIED_OBSTRUCTION_NOTE_2026-05-10_t2bae.md	0	4	superseded-memo-cite:4	theorem_bae_newton_girard_unified_obstruction_note_2026-05-10_t2bae	unaudited	unaudited	no_go	misc
docs/THEOREM_L1_4ATTACK_TERMINALITY_NOTE_2026-05-10_t2l1.md	0	4	superseded-memo-cite:4	theorem_l1_4attack_terminality_note_2026-05-10_t2l1	unaudited	unaudited	no_go	misc
docs/THETA_EMERGENT_Q_WEIGHTING_REALITY_RG_STABLE_BOUNDED_THEOREM_NOTE_2026-06-13.md	0	2	superseded-memo-cite:2	theta_emergent_q_weighting_reality_rg_stable_bounded_theorem_note_2026-06-13	unaudited	unaudited	bounded_theorem	gauge-theta
docs/THETA_GAUGE_SUBSTRATE_NO_WINDING_CARRIER_EMERGENT_Q_BRIDGE_BOUNDED_THEOREM_NOTE_2026-06-11.md	0	2	superseded-memo-cite:2	theta_gauge_substrate_no_winding_carrier_emergent_q_bridge_bounded_theorem_note_2026-06-11	unaudited	unaudited	bounded_theorem	gauge-theta
docs/THETA_MASS_SIDE_EPSILON_HERMITICITY_REALITY_BRIDGE_DISCHARGE_BOUNDED_THEOREM_NOTE_2026-06-11.md	0	2	superseded-memo-cite:2	theta_mass_side_epsilon_hermiticity_reality_bridge_discharge_bounded_theorem_note_2026-06-11	unaudited	unaudited	bounded_theorem	gauge-theta
docs/THETA_P2_DETERMINANT_READOUT_EXHAUSTION_BRIDGE_BOUNDED_THEOREM_NOTE_2026-06-11.md	1	4	kcpt-orbit-realized:1,superseded-memo-cite:4	theta_p2_determinant_readout_exhaustion_bridge_bounded_theorem_note_2026-06-11	unaudited	unaudited	bounded_theorem	gauge-theta
docs/THETA_P2_K_CPT_DETERMINANT_CHARACTER_PHASE_ERASURE_BOUNDED_NOTE_2026-06-10.md	0	2	superseded-memo-cite:2	theta_p2_k_cpt_determinant_character_phase_erasure_bounded_note_2026-06-10	unaudited	unaudited	bounded_theorem	gauge-theta
docs/THREE_GENERATION_LOCAL_ALGEBRA_NARROW_THEOREM_NOTE_2026-05-10.md	0	4	superseded-memo-cite:4	three_generation_local_algebra_narrow_theorem_note_2026-05-10	unaudited	unaudited	bounded_theorem	foundations-record-dynamics
docs/TOMITA_TENSOR_TRACE_ON_FINITE_DIM_MATRIX_NARROW_THEOREM_NOTE_2026-05-20.md	0	4	superseded-memo-cite:4	tomita_tensor_trace_on_finite_dim_matrix_narrow_theorem_note_2026-05-20	unaudited	unaudited	positive_theorem	foundations-record-dynamics
docs/TRYSQUARED_PROOF_WALK_LATTICE_INDEPENDENCE_BOUNDED_NOTE_2026-05-08.md	0	1	superseded-memo-cite:1	trysquared_proof_walk_lattice_independence_bounded_note_2026-05-08	unaudited	unaudited	bounded_theorem	misc
docs/TWO_ENDPOINT_GAUSS_LAW_INVARIANCE_PROFILE_BOUNDED_THEOREM_NOTE_2026-06-05.md	1	2	lattice-quantum-record:1,superseded-memo-cite:2	two_endpoint_gauss_law_invariance_profile_bounded_theorem_note_2026-06-05	unaudited	unaudited	bounded_theorem	misc
docs/TWO_SITE_QUBIT_TENSOR_CARRIER_BRIDGE_NARROW_THEOREM_NOTE_2026-06-06.md	0	3	quantum-axiom-name:1,superseded-memo-cite:2	two_site_qubit_tensor_carrier_bridge_narrow_theorem_note_2026-06-06	unaudited	unaudited	positive_theorem	foundations-record-dynamics
docs/U4_CLOSES_UNDER_QUBIT_REFRAME_NARROW_THEOREM_NOTE_2026-05-20.md	0	17	quantum-axiom-name:6,superseded-memo-cite:9,three-axiom-baseline:2	u4_closes_under_qubit_reframe_narrow_theorem_note_2026-05-20	unaudited	unaudited	positive_theorem	foundations-record-dynamics
docs/UNIVERSAL_GR_BD_CONGRUENCE_INVARIANCE_BOUNDED_NOTE_2026-05-10.md	0	1	superseded-memo-cite:1	universal_gr_bd_congruence_invariance_bounded_note_2026-05-10	audited_clean	retained_bounded	bounded_theorem	misc
docs/UNIVERSAL_GR_SO3_ISOTYPIC_ORBIT_FLAT_NARROW_THEOREM_NOTE_2026-05-10.md	0	3	superseded-memo-cite:3	universal_gr_so3_isotypic_orbit_flat_narrow_theorem_note_2026-05-10	audited_clean	retained	positive_theorem	foundations-record-dynamics
docs/UNORDERED_MASS_MULTISET_REGISTRABILITY_BRIDGE_NARROW_THEOREM_NOTE_2026-06-11.md	1	0	kcpt-orbit-realized:1	unordered_mass_multiset_registrability_bridge_narrow_theorem_note_2026-06-11	unaudited	unaudited	bounded_theorem	matter-kinetic
docs/UNORDERED_MASS_PDEP_RECORD_INDEPENDENCE_NO_GO_NOTE_2026-06-18.md	0	2	superseded-memo-cite:2	unordered_mass_pdep_record_independence_no_go_note_2026-06-18	unaudited	unaudited	no_go	matter-kinetic
docs/UNRAVELED_RECORD_TRAJECTORIES_SUPPLY_NONDEGENERATE_STEP_DISTRIBUTION_BOUNDED_THEOREM_NOTE_2026-06-10.md	1	0	durable-registration:1	unraveled_record_trajectories_supply_nondegenerate_step_distribution_bounded_theorem_note_2026-06-10	unaudited	unaudited	bounded_theorem	foundations-record-dynamics
docs/V_EFF_TOTAL_NJL_STYLE_BOUNDED_THEOREM_NOTE_2026-05-10.md	0	2	superseded-memo-cite:2	v_eff_total_njl_style_bounded_theorem_note_2026-05-10	unaudited	unaudited	bounded_theorem	misc
docs/V_TASTE_ONE_LOOP_CW_BOUNDED_THEOREM_NOTE_2026-05-10.md	0	8	superseded-memo-cite:8	v_taste_one_loop_cw_bounded_theorem_note_2026-05-10	unaudited	unaudited	bounded_theorem	matter-kinetic
docs/WALD_NOETHER_BP5_BOUNDED_THEOREM_NOTE_2026-05-10.md	0	6	superseded-memo-cite:6	wald_noether_bp5_bounded_theorem_note_2026-05-10	unaudited	unaudited	bounded_theorem	misc
docs/WARD_BOGOLIUBOV_NO_CONTINUOUS_SSB_LOW_D_BRIDGE_THEOREM_NOTE_2026-06-11.md	0	4	quantum-axiom-name:2,superseded-memo-cite:2	ward_bogoliubov_no_continuous_ssb_low_d_bridge_theorem_note_2026-06-11	unaudited	unaudited	bounded_theorem	misc
docs/WILSON_BZ_CORNER_HAMMING_STAIRCASE_BOUNDED_NOTE_2026-05-08.md	0	1	superseded-memo-cite:1	wilson_bz_corner_hamming_staircase_bounded_note_2026-05-08	unaudited	unaudited	bounded_theorem	gauge-theta
docs/WILSON_BZ_CORNER_HAMMING_STAIRCASE_CLOSED_FORM_NOTE_2026-05-09.md	0	1	superseded-memo-cite:1	wilson_bz_corner_hamming_staircase_closed_form_note_2026-05-09	unaudited	unaudited	bounded_theorem	gauge-theta
docs/WILSON_CORRECTED_V_TASTE_TREE_LEVEL_BOUNDED_NOTE_2026-05-08.md	0	1	superseded-memo-cite:1	wilson_corrected_v_taste_tree_level_bounded_note_2026-05-08	unaudited	unaudited	bounded_theorem	gauge-theta
docs/WILSON_M_H_PER_CHANNEL_CLOSURE_BOUNDED_NOTE_2026-05-09.md	0	1	superseded-memo-cite:1	wilson_m_h_per_channel_closure_bounded_note_2026-05-09	unaudited	unaudited	bounded_theorem	gauge-theta
docs/WILSON_M_H_TREE_AT_EXTREMUM_ALL_ORDERS_BOUNDED_NOTE_2026-05-08.md	1	2	lattice-quantum-record:1,superseded-memo-cite:2	wilson_m_h_tree_at_extremum_all_orders_bounded_note_2026-05-08	unaudited	unaudited	bounded_theorem	gauge-theta
docs/WILSON_M_H_TREE_AT_EXTREMUM_LEADING_ORDER_IN_R_BOUNDED_NOTE_2026-05-08.md	0	1	superseded-memo-cite:1	wilson_m_h_tree_at_extremum_leading_order_in_r_bounded_note_2026-05-08	unaudited	unaudited	bounded_theorem	gauge-theta
docs/WILSON_REAL_POSITIVE_MEASURE_BOUNDED_PREMISE_BRIDGE_NOTE_2026-06-03.md	1	0	lattice-quantum-record:1	wilson_real_positive_measure_bounded_premise_bridge_note_2026-06-03	unaudited	unaudited	bounded_theorem	gauge-theta
docs/WILSON_SMALL_A_MATCHING_BETA_GBARE_NARROW_THEOREM_NOTE_2026-06-07.md	1	0	three-framework-axioms:1	wilson_small_a_matching_beta_gbare_narrow_theorem_note_2026-06-07	audited_clean	retained_bounded	bounded_theorem	gauge-theta
docs/WILSON_VTASTE_EXTREMUM_LEADING_ORDER_IN_R_BOUNDED_NOTE_2026-05-08.md	0	1	superseded-memo-cite:1	wilson_vtaste_extremum_leading_order_in_r_bounded_note_2026-05-08	unaudited	unaudited	bounded_theorem	gauge-theta
docs/YANG_MILLS_COUPLING_MARGINALITY_FORCES_D_FOUR_NARROW_THEOREM_NOTE_2026-05-26.md	0	2	superseded-memo-cite:2	yang_mills_coupling_marginality_forces_d_four_narrow_theorem_note_2026-05-26	unaudited	unaudited	positive_theorem	foundations-record-dynamics
docs/YGUT_NORMALIZATION_PROOF_WALK_LATTICE_INDEPENDENCE_BOUNDED_NOTE_2026-05-08.md	0	1	superseded-memo-cite:1	ygut_normalization_proof_walk_lattice_independence_bounded_note_2026-05-08	unaudited	unaudited	bounded_theorem	misc
docs/YT_AXIOM_FIRST_MICROSCOPIC_BRIDGE_THEOREM.md	0	2	superseded-memo-cite:2	yt_axiom_first_microscopic_bridge_theorem	unaudited	unaudited	positive_theorem	foundations-record-dynamics
docs/YT_EW_NEUTRAL_PROJECTOR_SAME_SURFACE_CARRIER_THEOREM_NOTE_2026-06-18.md	0	2	superseded-memo-cite:2	yt_ew_neutral_projector_same_surface_carrier_theorem_note_2026-06-18	unaudited	unaudited	bounded_theorem	misc
docs/YT_LSP_SIGNED_RECORD_SOURCE_READOUT_RUNNER_HASH_HYGIENE_COMPANION_NOTE_2026-06-04.md	0	2	superseded-memo-cite:2	yt_lsp_signed_record_source_readout_runner_hash_hygiene_companion_note_2026-06-04	unaudited	meta	meta	gravity-records
docs/YT_LSP_SIGNED_RECORD_SOURCE_READOUT_SUPPORT_NOTE_2026-05-24.md	0	2	superseded-memo-cite:2	yt_lsp_signed_record_source_readout_support_note_2026-05-24	unaudited	unaudited	bounded_theorem	gravity-records
docs/YT_LSP_SOURCE_SCALE_BOUNDARY_AND_STRICT_RESPONSE_CONTRACT_NOTE_2026-05-26.md	0	2	superseded-memo-cite:2	yt_lsp_source_scale_boundary_and_strict_response_contract_note_2026-05-26	unaudited	unaudited	bounded_theorem	gravity-records
docs/YT_P1_DELTA_R_FERMION_REGULATOR_DEPENDENCE_AND_SCALAR_NTASTE_RESOLUTION_NOTE_2026-06-16.md	0	3	superseded-memo-cite:3	yt_p1_delta_r_fermion_regulator_dependence_and_scalar_ntaste_resolution_note_2026-06-16	unaudited	unaudited	bounded_theorem	matter-kinetic
docs/YT_P1_H_UNIT_RENORMALIZATION_FRAMEWORK_NATIVE_NOTE_2026-04-17.md	0	3	superseded-memo-cite:3	yt_p1_h_unit_renormalization_framework_native_note_2026-04-17	unaudited	unaudited	positive_theorem	misc
docs/YT_P1_I_S_NATIVE_KERNEL_SETTLED_BOUNDED_THEOREM_NOTE_2026-06-16.md	0	2	superseded-memo-cite:2	yt_p1_i_s_native_kernel_settled_bounded_theorem_note_2026-06-16	unaudited	unaudited	bounded_theorem	misc
docs/YT_PRIMITIVE_UNIT_SOURCE_ACTION_PHYSICAL_PREMISE_NO_GO_HYGIENE_COMPANION_NOTE_2026-06-04.md	0	15	quantum-axiom-name:2,superseded-memo-cite:13	yt_primitive_unit_source_action_physical_premise_no_go_hygiene_companion_note_2026-06-04	unaudited	meta	meta	gravity-records
docs/YT_PRIMITIVE_UNIT_SOURCE_ACTION_PHYSICAL_PREMISE_NO_GO_NOTE_2026-05-25.md	0	1	superseded-memo-cite:1	yt_primitive_unit_source_action_physical_premise_no_go_note_2026-05-25	unaudited	unaudited	no_go	gravity-records
docs/YT_QUBIT_NEUTRAL_HIGGS_CARRIER_RAY_BRIDGE_NOTE_2026-05-25.md	0	2	superseded-memo-cite:2	yt_qubit_neutral_higgs_carrier_ray_bridge_note_2026-05-25	unaudited	unaudited	bounded_theorem	misc
docs/YT_QUBIT_NEUTRAL_HIGGS_CARRIER_RAY_BRIDGE_RECORD_AXIOM_INVARIANCE_COMPANION_NOTE_2026-06-04.md	0	15	quantum-axiom-name:1,superseded-memo-cite:14	yt_qubit_neutral_higgs_carrier_ray_bridge_record_axiom_invariance_companion_note_2026-06-04	unaudited	meta	meta	foundations-record-dynamics
docs/YT_SIGNED_RECORD_LOWER_PROJECTOR_NEUTRAL_RAY_ALGEBRA_CORE_BOUNDED_NOTE_2026-06-18.md	0	2	superseded-memo-cite:2	yt_signed_record_lower_projector_neutral_ray_algebra_core_bounded_note_2026-06-18	unaudited	unaudited	bounded_theorem	foundations-record-dynamics
docs/YT_VERTEX_POWER_DERIVATION.md	0	2	superseded-memo-cite:2	yt_vertex_power_derivation	unaudited	unaudited	bounded_theorem	misc
docs/YT_VERTEX_POWER_OPERATOR_COUNTING_LEMMA_NOTE_2026-05-17.md	0	4	superseded-memo-cite:4	yt_vertex_power_operator_counting_lemma_note_2026-05-17	unaudited	unaudited	bounded_theorem	misc
docs/YT_WARD_IDENTITY_DERIVATION_THEOREM.md	0	7	superseded-memo-cite:7	yt_ward_identity_derivation_theorem	unaudited	unaudited	bounded_theorem	misc
docs/YT_WARD_RATIO_TADPOLE_CANCELLATION_NARROW_THEOREM_NOTE_2026-05-17.md	0	1	superseded-memo-cite:1	yt_ward_ratio_tadpole_cancellation_narrow_theorem_note_2026-05-17	unaudited	unaudited	positive_theorem	foundations-record-dynamics
docs/YT_WARD_RECORD_AXIOM_INVARIANCE_COMPANION_NOTE_2026-06-04.md	0	18	quantum-axiom-name:4,superseded-memo-cite:14	yt_ward_record_axiom_invariance_companion_note_2026-06-04	unaudited	meta	meta	foundations-record-dynamics
docs/YT_WARD_STEP3_CONTACT_4FERMION_VANISHING_NARROW_THEOREM_NOTE_2026-05-17.md	0	6	superseded-memo-cite:6	yt_ward_step3_contact_4fermion_vanishing_narrow_theorem_note_2026-05-17	unaudited	unaudited	bounded_theorem	foundations-record-dynamics
docs/YT_WARD_TADPOLE_CANCELLATION_PREMISE_DERIVATION_NARROW_THEOREM_NOTE_2026-06-06.md	0	2	superseded-memo-cite:2	yt_ward_tadpole_cancellation_premise_derivation_narrow_theorem_note_2026-06-06	unaudited	unaudited	bounded_theorem	foundations-record-dynamics
docs/YT_ZERO_IMPORT_BOUNDARY_RATIO_AUTHORITY_THEOREM_NOTE_2026-05-17.md	0	2	superseded-memo-cite:2	yt_zero_import_boundary_ratio_authority_theorem_note_2026-05-17	unaudited	unaudited	positive_theorem	misc
docs/ai_methodology/raw/claude_subagent_dispatches.md	0	1	superseded-memo-cite:1					misc
docs/ai_methodology/raw/prompts_session_6c2d4f26_jonreilly.md	0	1	superseded-memo-cite:1					misc
docs/ai_methodology/raw/prompts_session_f85e702e_jonreilly.md	0	1	superseded-memo-cite:1					misc
docs/ai_methodology/raw/repo_audit.md	0	2	superseded-memo-cite:2					misc
docs/audit/AXIOM_MINIMALITY_POLICY.md	12	2	durable-registration:2,invariant-repeated-readout:1,kcpt-orbit-realized:1,lattice-quantum-record:2,locks-one-nonadmissible:1,site-need-not-carry:1,subset-available-under-admissibility:2,superseded-memo-cite:2,three-framework-axioms:2					excluded-historical
docs/audit/AXIOM_RESET_IMPACT_2026-06-29.md	1	0	lattice-quantum-record:1					foundations-record-dynamics
docs/audit/BOUNDED_TO_RETAINED_REAUDIT_QUEUE_2026-05-28.md	0	1	superseded-memo-cite:1					misc
docs/audit/FULL_RETENTION_REVIEW_GENERATION_LOCAL_ALGEBRA_2026-05-21.md	0	1	superseded-memo-cite:1					misc
docs/audit/FULL_RETENTION_REVIEW_GRAPH_GAUGE_STRUCTURE_2026-05-21.md	0	1	superseded-memo-cite:1					gauge-theta
docs/audit/FULL_RETENTION_REVIEW_LOCAL_CLIFFORD_2026-05-21.md	0	1	superseded-memo-cite:1					misc
docs/audit/FULL_RETENTION_REVIEW_SU3_TOOLKIT_ALGEBRA_2026-05-21.md	0	1	superseded-memo-cite:1					misc
docs/audit/PROMOTION_REAUDIT_QUEUE_2026-05-22.md	0	1	superseded-memo-cite:1					misc
docs/publication/ci3_z3/CLAIMS_TABLE.md	0	4	superseded-memo-cite:4	publication.ci3_z3.claims_table	unaudited	meta	meta	misc
docs/publication/ci3_z3/CLAIMS_TABLE_EFFECTIVE_STATUS.md	0	4	superseded-memo-cite:4					misc
docs/publication/ci3_z3/DERIVATION_ATLAS.md	0	2	superseded-memo-cite:2	publication.ci3_z3.derivation_atlas	unaudited	meta	meta	misc
docs/publication/ci3_z3/DERIVATION_ATLAS_EFFECTIVE_STATUS.md	0	2	superseded-memo-cite:2					misc
docs/publication/ci3_z3/DERIVATION_VALIDATION_MAP.md	0	4	superseded-memo-cite:4	publication.ci3_z3.derivation_validation_map	unaudited	meta	meta	misc
docs/publication/ci3_z3/DERIVATION_VALIDATION_MAP_EFFECTIVE_STATUS.md	0	4	superseded-memo-cite:4					misc
docs/publication/ci3_z3/EXTERNAL_REVIEWER_GUIDE.md	0	2	superseded-memo-cite:2	publication.ci3_z3.external_reviewer_guide	unaudited	meta	meta	misc
docs/publication/ci3_z3/FALSIFIABLE_PREDICTIONS_2026-06-08.md	1	0	lattice-quantum-record:1					misc
docs/publication/ci3_z3/FULL_CLAIM_LEDGER.md	0	2	superseded-memo-cite:2	publication.ci3_z3.full_claim_ledger	unaudited	meta	meta	misc
docs/publication/ci3_z3/FULL_CLAIM_LEDGER_EFFECTIVE_STATUS.md	0	2	superseded-memo-cite:2					misc
docs/publication/ci3_z3/PUBLICATION_MATRIX.md	0	2	superseded-memo-cite:2	publication.ci3_z3.publication_matrix	unaudited	meta	meta	misc
docs/publication/ci3_z3/PUBLICATION_MATRIX_EFFECTIVE_STATUS.md	0	2	superseded-memo-cite:2					misc
docs/publication/ci3_z3/RESULTS_INDEX.md	0	2	superseded-memo-cite:2	publication.ci3_z3.results_index	unaudited	meta	meta	misc
docs/publication/ci3_z3/RESULTS_INDEX_EFFECTIVE_STATUS.md	0	2	superseded-memo-cite:2					misc
docs/repo/CONTROLLED_VOCABULARY.md	0	1	superseded-memo-cite:1					misc
docs/repo/FOUR_AXIOM_NARRATIVE_SCRUB_PLAN_2026-07-04.md	1	7	lattice-quantum-record:1,superseded-memo-cite:4,three-axiom-baseline:3					foundations-record-dynamics
docs/repo/VOCABULARY_HYGIENE_DESIGN.md	0	6	superseded-memo-cite:6					misc
docs/work_history/atomic/HYDROGEN_HELIUM_ATOMIC_COMPANION_NOTE_2026-04-18.md	0	4	superseded-memo-cite:4	work_history.atomic.hydrogen_helium_atomic_companion_note_2026-04-18	unaudited	unaudited	bounded_theorem	misc
scripts/ac_phi_lambda_c3_equivariance_schur_diagnostic_2026_05_10.py	0	2	superseded-memo-cite:2					misc
scripts/adjacency_rank_qubit_clifford_bound_2026_06_10.py	0	1	quantum-axiom-name:1					misc
scripts/alpha_bare_four_pi_from_z3_plancherel_bridge_2026_05_26.py	0	3	superseded-memo-cite:3					misc
scripts/anomaly_forces_time_premise_manifest_recheck_2026_06_17.py	1	0	lattice-quantum-record:1					misc
scripts/audit_companion_busch_povm_extension_deps_changed_hygiene_2026_06_04.py	0	8	quantum-axiom-name:4,superseded-memo-cite:4					misc
scripts/audit_companion_fs_rotation_exchange_record_axiom_invariance_2026_06_04.py	0	6	quantum-axiom-name:1,superseded-memo-cite:5					foundations-record-dynamics
scripts/audit_companion_g_bare_forced_by_ward_rep_b_record_axiom_invariance_2026_06_04.py	0	5	superseded-memo-cite:5					foundations-record-dynamics
scripts/audit_companion_gauge_wilson_isotropy_boundary_record_axiom_invariance_2026_06_04.py	0	9	quantum-axiom-name:2,superseded-memo-cite:7					gauge-theta
scripts/audit_companion_koide_r_reduces_to_chiral_vs_vector_yukawa_binary_exact.py	0	1	superseded-memo-cite:1					flavor-koide
scripts/audit_companion_kraus_choi_representation_deps_changed_hygiene_2026_06_04.py	0	2	superseded-memo-cite:2					misc
scripts/audit_companion_luders_rule_from_composition_consistency_deps_changed_2026_06_04.py	0	9	quantum-axiom-name:4,superseded-memo-cite:5					misc
scripts/audit_companion_minimal_axioms_clean_base_exact.py	0	5	superseded-memo-cite:5					foundations-record-dynamics
scripts/audit_companion_observable_principle_p1_symmetry_type_energy_readout_2026_06_02.py	1	1	lattice-quantum-record:1,quantum-axiom-name:1					misc
scripts/audit_companion_observable_principle_p2_phase_blindness_sector_resolved_2026_06_04.py	0	2	superseded-memo-cite:2					misc
scripts/audit_companion_pmns_right_conjugacy_invariant_record_axiom_invariance_2026_06_04.py	2	6	lattice-quantum-record:2,quantum-axiom-name:1,superseded-memo-cite:5					flavor-koide
scripts/audit_companion_quark_lane3_bounded_companion_retention_firewall_record_axiom_invariance_2026_06_04.py	0	4	superseded-memo-cite:4					foundations-record-dynamics
scripts/audit_companion_real_record_no_i_unification_2026_06_04.py	0	2	quantum-axiom-name:2					foundations-record-dynamics
scripts/audit_companion_redundancy_not_forced_pnd_locality_2026_06_07.py	1	0	lattice-quantum-record:1					misc
scripts/audit_companion_staggered_dirac_substep1_grassmann_forcing_bridge_2026_05_16.py	0	6	quantum-axiom-name:5,superseded-memo-cite:1					matter-kinetic
scripts/audit_companion_staggered_dirac_substep1_u4_conditional_single_module_2026_05_17.py	0	1	superseded-memo-cite:1					matter-kinetic
scripts/audit_companion_strong_cp_gauge_theta_not_forced_by_reality_positivity_cpt_exact.py	1	0	lattice-quantum-record:1					gauge-theta
scripts/audit_companion_teleportation_resource_from_poisson_criticality_bump_hygiene_2026_06_04.py	0	3	superseded-memo-cite:3					gravity-records
scripts/audit_companion_wilson_small_a_matching_beta_gbare_2026_06_07.py	1	0	three-framework-axioms:1					gauge-theta
scripts/audit_companion_yt_primitive_unit_source_action_physical_premise_no_go_hygiene_2026_06_04.py	0	9	quantum-axiom-name:2,superseded-memo-cite:7					gravity-records
scripts/audit_companion_yt_qubit_neutral_higgs_carrier_ray_bridge_record_axiom_invariance_2026_06_04.py	0	6	quantum-axiom-name:1,superseded-memo-cite:5					foundations-record-dynamics
scripts/audit_companion_yt_ward_record_axiom_invariance_2026_06_04.py	0	7	quantum-axiom-name:2,superseded-memo-cite:5					foundations-record-dynamics
scripts/axiom_first_lattice_noether_check.py	0	1	superseded-memo-cite:1					foundations-record-dynamics
scripts/axiom_first_spin_statistics_source_packet_certificate_2026_06_11.py	0	6	quantum-axiom-name:2,superseded-memo-cite:4					gravity-records
scripts/bz_volume_two_pi_cubed_substrate_internal_runner_2026_05_26.py	0	2	superseded-memo-cite:2					misc
scripts/cl3_a3_r2_hostile_review_2026_05_08_r2hr.py	0	2	superseded-memo-cite:2					misc
scripts/cl3_alpha_s_4loop_running_derivation_2026_05_10_4loop.py	0	2	superseded-memo-cite:2					misc
scripts/cl3_bae_max_entropy_retained_2026_05_10_baemaxent.py	0	1	superseded-memo-cite:1					misc
scripts/cl3_frame_free_ambient_chiral_grading_no_go_2026_06_02.py	0	2	quantum-axiom-name:2					misc
scripts/cl3_higgs_mass_wilson_loop_spectroscopy_2026_05_10_higgsH3.py	0	2	superseded-memo-cite:2					gauge-theta
scripts/cl3_koide_a1_probe_spectral_action_2026_05_08_probe4.py	0	1	superseded-memo-cite:1					flavor-koide
scripts/cl3_koide_bae_probe_radian_from_dimensions_2026_05_09_probe30.py	0	1	superseded-memo-cite:1					flavor-koide
scripts/cl3_koide_z_substrate_generation_z3_2026_05_08_probeZ_substrate_generation_z3.py	0	2	superseded-memo-cite:2					flavor-koide
scripts/cl3_lattice_physical_matching_2026_05_10_match.py	0	1	superseded-memo-cite:1					misc
scripts/cl3_normalization_i3_accepted_premise_runner.py	0	1	superseded-memo-cite:1					misc
scripts/color_base_covariance_nc_equals_d_support_2026_06_08.py	1	0	lattice-quantum-record:1					gauge-theta
scripts/flavor_lane_panel_reduces_to_doublet_mode_count_2026_05_31.py	0	2	quantum-axiom-name:2					flavor-koide
scripts/flavor_logdet_factor_2_record_readout_realization_2026_06_04.py	0	1	superseded-memo-cite:1					flavor-koide
scripts/flavor_logdet_factor_4a_source_action_identification_2026_06_04.py	0	1	superseded-memo-cite:1					flavor-koide
scripts/flavor_logdet_factor_4b_jacobi_derivative_2026_06_04.py	0	2	superseded-memo-cite:2					flavor-koide
scripts/flavor_missing_axiom_carrier_measure_2026_05_30.py	0	1	superseded-memo-cite:1					flavor-koide
scripts/flavor_occupancy_boundary_checks_2026_06_13.py	0	1	superseded-memo-cite:1					flavor-koide
scripts/flavor_tracial_reference_does_not_select_q23_no_go_2026_06_02.py	0	1	superseded-memo-cite:1					flavor-koide
scripts/frontier_3d_correction_master_note_meta_narrowing_check.py	0	8	superseded-memo-cite:8					foundations-record-dynamics
scripts/frontier_a1_11_probe_campaign_synthesis.py	0	2	superseded-memo-cite:2					misc
scripts/frontier_acphilambda_occupancy_realized_state_reduction_2026_06_11.py	0	1	superseded-memo-cite:1					foundations-record-dynamics
scripts/frontier_acphilambda_r_eta_w2_registrability_context_bridge_2026_06_18.py	0	1	superseded-memo-cite:1					misc
scripts/frontier_alpha_s_direct_wilson_loop.py	0	2	superseded-memo-cite:2					gauge-theta
scripts/frontier_alpha_s_direct_wilson_loop_honest_status_audit.py	0	3	superseded-memo-cite:3					gauge-theta
scripts/frontier_anomaly_cancellation_proof_walk_lattice_independence.py	0	2	superseded-memo-cite:2					misc
scripts/frontier_arrow_from_record_formation_2026_06_05.py	2	1	durable-registration:1,lattice-quantum-record:1,superseded-memo-cite:1					foundations-record-dynamics
scripts/frontier_atomic_helium_hartree_companion.py	0	1	superseded-memo-cite:1					misc
scripts/frontier_atomic_helium_jastrow_companion.py	0	1	superseded-memo-cite:1					misc
scripts/frontier_atomic_hydrogen_lattice_companion.py	0	1	superseded-memo-cite:1					misc
scripts/frontier_axiom_stack_minimality_cl4c_no_go.py	0	1	superseded-memo-cite:1					foundations-record-dynamics
scripts/frontier_bae_30_probe_terminal_synthesis.py	0	2	superseded-memo-cite:2					misc
scripts/frontier_bae_rename_meta.py	0	1	superseded-memo-cite:1					misc
scripts/frontier_block_spin_cp_compression_color_reemergence_2026_06_08.py	0	2	quantum-axiom-name:2					gauge-theta
scripts/frontier_bridge_lanes_promotion_2026_05_10_lanes.py	0	3	superseded-memo-cite:3					misc
scripts/frontier_c3_symmetry_preserved_interpretation.py	0	2	superseded-memo-cite:2					misc
scripts/frontier_campaign_consistency_survey_2026_05_10_meta.py	0	1	superseded-memo-cite:1					misc
scripts/frontier_charged_lepton_radiative_yukawa_theorem.py	0	1	superseded-memo-cite:1					flavor-koide
scripts/frontier_ckm_a_squared_below_w2_y_quantum_closure.py	0	4	superseded-memo-cite:4					flavor-koide
scripts/frontier_ckm_ew_lattice_a4_bridge.py	0	1	superseded-memo-cite:1					flavor-koide
scripts/frontier_ckm_koide_cross_sector_z3_closure.py	0	2	superseded-memo-cite:2					flavor-koide
scripts/frontier_clifford_chirality_dimension_narrow.py	0	1	superseded-memo-cite:1					foundations-record-dynamics
scripts/frontier_color_depolarization_adm2_admission_collapse_2026_06_09.py	1	0	lattice-quantum-record:1					gauge-theta
scripts/frontier_color_su3_bridge_from_record_2026_06_05.py	2	3	lattice-quantum-record:2,quantum-axiom-name:3					gauge-theta
scripts/frontier_continuum_equivariant_eta_delta_firewall_2026_06_12.py	0	1	superseded-memo-cite:1					misc
scripts/frontier_conventions_unification.py	0	2	superseded-memo-cite:2					misc
scripts/frontier_correlator_cycle_phases_dichotomy_2026_06_12.py	0	1	superseded-memo-cite:1					misc
scripts/frontier_d3_upper_bound_import_scope_gate_2026_06_06.py	1	0	lattice-quantum-record:1					misc
scripts/frontier_darwinism_bridge_residual_2026_06_05.py	0	1	superseded-memo-cite:1					misc
scripts/frontier_det_holonomy_trivial_hermitian_positive_circulant_2026_06_12.py	0	1	superseded-memo-cite:1					misc
scripts/frontier_dm_m_dm_inverse_band_gauge_audit.py	0	2	superseded-memo-cite:2					gauge-theta
scripts/frontier_dm_neutrino_weak_triplet_coefficient_axiom_boundary.py	1	1	lattice-quantum-record:1,superseded-memo-cite:1					foundations-record-dynamics
scripts/frontier_dt1_time_dimension_proof_walk_lattice_independence.py	0	2	superseded-memo-cite:2					misc
scripts/frontier_dynamics_sort_records_accumulate_2026_07_03.py	5	0	durable-registration:1,invariant-repeated-readout:2,locks-one-nonadmissible:1,subset-available-under-admissibility:1					foundations-record-dynamics
scripts/frontier_edge_two_site_framing_no_native_color_route_record_text_2026_06_08.py	5	4	durable-registration:4,kcpt-orbit-realized:1,superseded-memo-cite:4					gauge-theta
scripts/frontier_eident_decomposition_ctx_match_2026_07_02.py	2	0	central-sector-readout-context:1,kcpt-orbit-realized:1					misc
scripts/frontier_epsstar_full_kernel_coefficient_2026_06_12.py	0	2	superseded-memo-cite:2					misc
scripts/frontier_equivariant_wilson_eta_densities_vanish_2026_06_12.py	0	3	superseded-memo-cite:3					gauge-theta
scripts/frontier_ew_kappa_weighting_not_axiom_derivable.py	0	2	quantum-axiom-name:1,superseded-memo-cite:1					foundations-record-dynamics
scripts/frontier_ew_lattice_cos_sq_theta_w_complement_bridge.py	0	1	superseded-memo-cite:1					gauge-theta
scripts/frontier_exercise_spin_statistics_fs_admission_located_2026_06_06.py	1	0	lattice-quantum-record:1					misc
scripts/frontier_exercise_staggered_dirac_reassessment_2026_06_06.py	2	0	lattice-quantum-record:2					matter-kinetic
scripts/frontier_g_bare_derivation.py	0	2	quantum-axiom-name:2					misc
scripts/frontier_gauge_vacuum_plaquette_finite_tensor_word_packet.py	0	2	superseded-memo-cite:2					gauge-theta
scripts/frontier_gauge_vacuum_plaquette_hierarchy_obstruction_lemmas.py	0	2	superseded-memo-cite:2					gauge-theta
scripts/frontier_gbare_wilson_action_internal_proof_walk.py	0	2	superseded-memo-cite:2					gauge-theta
scripts/frontier_gleason_qubit_lattice_projection_narrow_2026_07_09.py	0	1	superseded-memo-cite:1					probability-born
scripts/frontier_hadron_lane1_sqrt_sigma_gate_source_packet.py	1	1	lattice-quantum-record:1,superseded-memo-cite:1					gravity-records
scripts/frontier_hierarchy_meron_substrate_bridge_su2_su3_mismatch_narrow.py	0	1	superseded-memo-cite:1					hierarchy
scripts/frontier_hierarchy_observable_principle_from_axiom.py	0	1	superseded-memo-cite:1					hierarchy
scripts/frontier_higgs_channel_effective_ntaste_boundary.py	0	3	superseded-memo-cite:3					matter-kinetic
scripts/frontier_higgs_classicality_operator_absence_no_go.py	0	1	superseded-memo-cite:1					misc
scripts/frontier_higgs_taste_singlet_projection.py	0	2	superseded-memo-cite:2					matter-kinetic
scripts/frontier_hkd_correspondence_equivalence_2026_06_12.py	0	2	superseded-memo-cite:2					misc
scripts/frontier_hubble_lane5_cosmic_history_ratio_no_go_source_packet.py	1	1	lattice-quantum-record:1,superseded-memo-cite:1					gravity-records
scripts/frontier_hydrogen_helium_atomic_lattice_kinetic_dependency_narrow_repair_verifier.py	0	1	superseded-memo-cite:1					matter-kinetic
scripts/frontier_hypercharge_proof_walk_lattice_independence.py	0	2	superseded-memo-cite:2					misc
scripts/frontier_koide_kodim_route_empty_independence_2026_06_08.py	1	0	lattice-quantum-record:1					flavor-koide
scripts/frontier_koide_orbit_occupancy_independence_2026_06_09.py	0	1	superseded-memo-cite:1					flavor-koide
scripts/frontier_koide_q_minimal_scale_free_selector.py	0	1	superseded-memo-cite:1					flavor-koide
scripts/frontier_koide_q_reduced_carrier_physical_identification_obstruction_2026_06_12.py	0	2	quantum-axiom-name:1,superseded-memo-cite:1					flavor-koide
scripts/frontier_koide_r_half_durability_stationarity_chain_2026_06_11.py	0	1	superseded-memo-cite:1					flavor-koide
scripts/frontier_koide_r_polarization_orbit_quotient_2026_06_09.py	1	0	kcpt-orbit-realized:1					flavor-koide
scripts/frontier_koide_records_objectivity_conditional_2026_05_31.py	1	0	durable-registration:1					flavor-koide
scripts/frontier_lh_doublet_eigenvalue_ratio_proof_walk_lattice_independence.py	0	2	superseded-memo-cite:2					misc
scripts/frontier_observable_principle_p1_bridge_gleason_busch_route.py	0	1	superseded-memo-cite:1					probability-born
scripts/frontier_observable_principle_p1_bridge_pre_record_tracial_route.py	0	1	superseded-memo-cite:1					foundations-record-dynamics
scripts/frontier_observable_principle_record_scalar_map_no_go_2026_06_05.py	0	1	superseded-memo-cite:1					foundations-record-dynamics
scripts/frontier_observable_principle_source_coupled_local_action_admission.py	0	1	superseded-memo-cite:1					gravity-records
scripts/frontier_observable_principle_t1d_determinant_readout_independence_2026_06_16.py	0	1	superseded-memo-cite:1					misc
scripts/frontier_occupancy_atom_outcome_dictionary_2026_06_12.py	2	2	central-sector-readout-context:1,kcpt-orbit-realized:1,superseded-memo-cite:2					misc
scripts/frontier_orbit_occupancy_maxent_relocation_2026_06_09.py	0	1	superseded-memo-cite:1					misc
scripts/frontier_p_lh_ncg_primitive_underdetermination_2026_06_18.py	0	4	quantum-axiom-name:3,superseded-memo-cite:1					misc
scripts/frontier_persistent_record_instrument_construction.py	0	1	superseded-memo-cite:1					foundations-record-dynamics
scripts/frontier_physical_lattice_foundational_interpretation.py	0	1	superseded-memo-cite:1					misc
scripts/frontier_physical_lattice_necessity.py	0	1	superseded-memo-cite:1					misc
scripts/frontier_planck_from_structure_path_opening.py	0	3	superseded-memo-cite:3					misc
scripts/frontier_planck_primitive_coframe_boundary_carrier.py	0	2	superseded-memo-cite:2					misc
scripts/frontier_plaquette_beta6_perturbative_derivation_2026_05_27.py	1	0	lattice-quantum-record:1					gauge-theta
scripts/frontier_post_record_selector_tangent_readout_weight_prototype_2026_06_06.py	1	1	central-sector-readout-context:1,superseded-memo-cite:1					foundations-record-dynamics
scripts/frontier_pre_record_reference_state_2026_06_05.py	0	2	quantum-axiom-name:1,superseded-memo-cite:1					foundations-record-dynamics
scripts/frontier_product_form_weakens_to_outcome_factorization_2026_06_12.py	0	2	superseded-memo-cite:2					misc
scripts/frontier_quark_generation_equivariant_ward_degeneracy_no_go.py	0	1	superseded-memo-cite:1					misc
scripts/frontier_quark_route2_center_primitive_equivalence_atlas_2026_06_21.py	0	2	superseded-memo-cite:2					gauge-theta
scripts/frontier_quark_route2_color_complement_seven_eighths_bridge_no_go_2026_06_21.py	0	1	superseded-memo-cite:1					gauge-theta
scripts/frontier_quark_route2_density_square_primitive_gap_2026_06_21.py	0	1	superseded-memo-cite:1					misc
scripts/frontier_quark_route2_fixed_carrier_selector_equation_boundary_2026_06_21.py	0	2	superseded-memo-cite:2					misc
scripts/frontier_quark_route2_inverse_square_center_lift_boundary_2026_06_21.py	0	2	superseded-memo-cite:2					gauge-theta
scripts/frontier_quark_route2_log_barrier_record_primitive_gate_2026_06_21.py	0	1	superseded-memo-cite:1					foundations-record-dynamics
scripts/frontier_quark_route2_metric_selector_ratio_boundary_2026_06_21.py	0	3	superseded-memo-cite:3					misc
scripts/frontier_quark_route2_non_color_e_center_source_primitive_firewall_2026_06_21.py	0	1	superseded-memo-cite:1					gauge-theta
scripts/frontier_quark_route2_positive_diagonal_e_center_selector_no_go_2026_06_21.py	0	1	superseded-memo-cite:1					gauge-theta
scripts/frontier_quark_route2_rconn_signed_center_bridge_selector_firewall_2026_06_21.py	0	1	superseded-memo-cite:1					gauge-theta
scripts/frontier_quark_route2_rconn_typed_bridge_derivation_bounded_2026_06_12.py	0	1	superseded-memo-cite:1					misc
scripts/frontier_quark_route2_record_raw_q_selector_gate_2026_06_21.py	2	1	durable-registration:2,superseded-memo-cite:1					foundations-record-dynamics
scripts/frontier_quark_route2_signed_cancellation_firewall_2026_06_21.py	0	1	superseded-memo-cite:1					misc
scripts/frontier_quark_route2_t_row_primitive_minimality_selector_boundary_2026_06_22.py	0	3	superseded-memo-cite:3					misc
scripts/frontier_qubit_lattice_joint_presentation_tensor_substrate_2026_07_09.py	0	2	superseded-memo-cite:2					misc
scripts/frontier_radian_unit_convention_reclassification_2026_05_10_radianconv.py	0	2	superseded-memo-cite:2					misc
scripts/frontier_rconn_kappa_ew_register_not_read.py	0	1	superseded-memo-cite:1					misc
scripts/frontier_rd_bridge_anatomy_agreement_conditioning_2026_06_12.py	0	3	superseded-memo-cite:3					misc
scripts/frontier_record_context_generator_nonidentifiability_no_go_2026_06_17.py	0	3	superseded-memo-cite:3					foundations-record-dynamics
scripts/frontier_record_count_bounds_composition_words_2026_07_02.py	1	0	invariant-repeated-readout:1					foundations-record-dynamics
scripts/frontier_record_p1_dependency_audit_verifier.py	0	6	superseded-memo-cite:5,three-axiom-baseline:1					foundations-record-dynamics
scripts/frontier_record_prerecord_instrument_kernel_gate_2026_06_06.py	1	1	durable-registration:1,superseded-memo-cite:1					foundations-record-dynamics
scripts/frontier_record_production_interface_principle_2026_06_06.py	1	2	durable-registration:1,superseded-memo-cite:2					foundations-record-dynamics
scripts/frontier_record_unbounded_additivity_schema_2026_06_06.py	1	2	durable-registration:1,superseded-memo-cite:2					foundations-record-dynamics
scripts/frontier_reta_algebraic_irreducibility_2026_06_12.py	0	2	superseded-memo-cite:2					misc
scripts/frontier_sin2thetaW_proof_walk_lattice_independence.py	0	2	superseded-memo-cite:2					gauge-theta
scripts/frontier_slab_boundary_eta_nonuniversal_2026_06_12.py	0	1	superseded-memo-cite:1					misc
scripts/frontier_source_measure_pcal_rn_cocycle.py	0	1	superseded-memo-cite:1					gravity-records
scripts/frontier_source_measure_record_intervention_theorem.py	0	1	superseded-memo-cite:1					gravity-records
scripts/frontier_source_measure_sharp_record_tangent_space.py	0	1	superseded-memo-cite:1					gravity-records
scripts/frontier_staggered_chirality_selector_enumerator_2026_06_06.py	3	0	lattice-quantum-record:3					matter-kinetic
scripts/frontier_staggered_dirac_gate_closure_synthesis_2026_05_17.py	0	2	superseded-memo-cite:2					matter-kinetic
scripts/frontier_staggered_scheme_forced_by_one_qubit_locality_2026_06_06.py	0	2	quantum-axiom-name:2					matter-kinetic
scripts/frontier_statistics_atom_reduces_to_product_form_2026_06_12.py	0	3	superseded-memo-cite:3					misc
scripts/frontier_statistics_product_instance_criterion_bridge_2026_06_17.py	0	3	superseded-memo-cite:3					misc
scripts/frontier_strong_cp_determinant_readout_bridge_2026_06_12.py	0	1	superseded-memo-cite:1					misc
scripts/frontier_su2_double_use_reduces_to_pairing_admission_2026_06_08.py	0	3	quantum-axiom-name:3					misc
scripts/frontier_su5_decomposition_proof_walk_lattice_independence.py	0	2	superseded-memo-cite:2					misc
scripts/frontier_substep4_ratchet_named_primitives_2026_05_10_s4ratchet.py	0	2	superseded-memo-cite:2					misc
scripts/frontier_taste_scalar_fermion_cw_isotropy_narrow.py	0	1	superseded-memo-cite:1					matter-kinetic
scripts/frontier_teleportation_poisson_resource_scope_repair.py	1	3	lattice-quantum-record:1,superseded-memo-cite:3					gravity-records
scripts/frontier_theta_gauge_substrate_winding_vacuity_2026_06_11.py	0	1	superseded-memo-cite:1					gauge-theta
scripts/frontier_theta_p2_k_cpt_determinant_character_phase_erasure_2026_06_10.py	0	1	superseded-memo-cite:1					gauge-theta
scripts/frontier_tier_a_korbit_determinant_orientation_invariance_2026_06_09.py	0	1	superseded-memo-cite:1					misc
scripts/frontier_trYsquared_proof_walk_lattice_independence.py	0	2	superseded-memo-cite:2					misc
scripts/frontier_u4_qubit_reframe_closure.py	1	8	lattice-quantum-record:1,quantum-axiom-name:4,superseded-memo-cite:4					misc
scripts/frontier_universal_gr_bd_congruence_invariance.py	0	2	superseded-memo-cite:2					misc
scripts/frontier_universal_gr_so3_isotypic_orbit_flat_narrow.py	0	3	superseded-memo-cite:3					foundations-record-dynamics
scripts/frontier_unordered_mass_multiset_registrability_bridge_2026_06_11.py	0	1	superseded-memo-cite:1					matter-kinetic
scripts/frontier_wald_noether_bp5_bounded.py	0	1	superseded-memo-cite:1					misc
scripts/frontier_wilson_bz_corner_hamming_staircase.py	0	3	superseded-memo-cite:3					gauge-theta
scripts/frontier_wilson_corrected_v_taste_tree_level.py	0	2	superseded-memo-cite:2					gauge-theta
scripts/frontier_wilson_m_h_per_channel_closure.py	0	2	superseded-memo-cite:2					gauge-theta
scripts/frontier_wilson_m_h_tree_at_extremum_all_orders.py	0	2	superseded-memo-cite:2					gauge-theta
scripts/frontier_wilson_m_h_tree_at_extremum_leading_order_in_r.py	0	2	superseded-memo-cite:2					gauge-theta
scripts/frontier_wilson_vtaste_extremum_leading_order_in_r.py	0	2	superseded-memo-cite:2					gauge-theta
scripts/frontier_ygut_normalization_proof_walk_lattice_independence.py	0	2	superseded-memo-cite:2					misc
scripts/frontier_yt_ew_neutral_projector_same_surface_carrier.py	0	2	superseded-memo-cite:2					misc
scripts/frontier_yt_lsp_signed_record_source_readout_support.py	0	3	superseded-memo-cite:3					gravity-records
scripts/frontier_yt_lsp_source_scale_boundary_and_strict_response_contract.py	0	1	superseded-memo-cite:1					gravity-records
scripts/frontier_yt_operational_source_action_bridge_theorem_attempt.py	0	1	superseded-memo-cite:1					gravity-records
scripts/frontier_yt_p1_h_unit_renormalization.py	0	1	superseded-memo-cite:1					misc
scripts/frontier_yt_physical_top_intervention_identification_candidate.py	0	1	superseded-memo-cite:1					misc
scripts/frontier_yt_primitive_source_unit_fisher_normalization.py	0	1	superseded-memo-cite:1					gravity-records
scripts/frontier_yt_primitive_unit_source_action_physical_premise_no_go.py	0	1	superseded-memo-cite:1					gravity-records
scripts/frontier_yt_qubit_democratic_top_coefficient_candidate.py	0	1	superseded-memo-cite:1					misc
scripts/frontier_yt_qubit_neutral_higgs_carrier_ray_bridge.py	0	1	superseded-memo-cite:1					misc
scripts/frontier_yt_qubit_signed_linear_source_response_bridge_candidate.py	0	1	superseded-memo-cite:1					gravity-records
scripts/frontier_yt_signed_linear_democratic_tangent_physical_bridge_attempt.py	0	1	superseded-memo-cite:1					misc
scripts/frontier_yt_signed_record_lower_projector_neutral_ray_algebra_core_2026_06_18.py	0	1	superseded-memo-cite:1					foundations-record-dynamics
scripts/frontier_yt_ward_step3_contact_4fermion_vanishing.py	0	2	superseded-memo-cite:2					misc
scripts/g_bare_two_ward_h_unit_residue_accepted_premise_runner.py	0	2	superseded-memo-cite:2					misc
scripts/gate_b_local_stencil_connectivity_bridge_2026_06_18.py	0	1	superseded-memo-cite:1					misc
scripts/gauge_algebra_supplied_carrier_2026_06_08.py	2	1	lattice-quantum-record:2,quantum-axiom-name:1					gauge-theta
scripts/generation_dial_occupancy_free_input_2026_06_05.py	3	0	durable-registration:1,lattice-quantum-record:2					misc
scripts/generation_weight_dial_structure_2026_06_05.py	1	0	lattice-quantum-record:1					misc
scripts/gl_f_identification_bridge_check_2026_06_11.py	0	2	quantum-axiom-name:2					misc
scripts/kcpt_orbit_clause_kinvariant_surface_equivalence_2026_06_10.py	1	1	central-sector-readout-context:1,superseded-memo-cite:1					misc
scripts/kinetic_isotropy_composition_closure_2026_06_09.py	0	2	quantum-axiom-name:2					matter-kinetic
scripts/koide_infogeom_foot45_native.py	1	0	lattice-quantum-record:1					flavor-koide
scripts/koide_q_reduced_reaudit_packet_verifier_2026_06_17.py	0	1	quantum-axiom-name:1					flavor-koide
scripts/koide_tracial_standard_form_carrier_2026_06_02.py	0	1	superseded-memo-cite:1					flavor-koide
scripts/lattice_greens_maradudin_asymptotic_accepted_premise_runner.py	0	3	superseded-memo-cite:3					gravity-records
scripts/luders_measurement_semantics_audit_split_guard_2026_06_08.py	0	1	superseded-memo-cite:1					probability-born
scripts/magnitude_reads_minimal_record_block_2026_06_06.py	1	1	durable-registration:1,superseded-memo-cite:1					foundations-record-dynamics
scripts/no_per_site_bosonic_ccr_check.py	0	1	superseded-memo-cite:1					misc
scripts/no_per_site_chirality_check.py	0	1	superseded-memo-cite:1					misc
scripts/observable_principle_p1_cap_k_check_2026_06_10.py	0	3	quantum-axiom-name:3					misc
scripts/observable_principle_t1d_positive_diagonal_readout_classifier_2026_06_18.py	0	2	superseded-memo-cite:2					misc
scripts/one_time_dimension_dt1_reduction_check_2026_06_17.py	1	0	lattice-quantum-record:1					misc
scripts/p_flux_point_zero_set_check_2026_06_10.py	0	1	superseded-memo-cite:1					misc
scripts/per_site_su2_spin_half_check.py	0	1	superseded-memo-cite:1					misc
scripts/planck_boundary_action_density_accepted_premise_runner.py	0	1	superseded-memo-cite:1					misc
scripts/planck_target3_coframe_response_accepted_premise_runner.py	0	1	superseded-memo-cite:1					misc
scripts/pmns_tm2_trimaximal_from_record_central_sector_runner.py	1	0	kcpt-orbit-realized:1					flavor-koide
scripts/q_integer_spectrum_check.py	0	1	superseded-memo-cite:1					misc
scripts/quark_route2_e_channel_source_readout_construction_bounded_2026_06_12.py	0	1	superseded-memo-cite:1					gravity-records
scripts/quark_route2_t_side_endpoint_theorem_attempt_bounded_2026_06_12.py	0	1	superseded-memo-cite:1					misc
scripts/record_generation_readout_two_sectors_2026_06_05.py	0	1	superseded-memo-cite:1					foundations-record-dynamics
scripts/record_outcome_observable_principle_runner.py	1	0	kcpt-orbit-realized:1					foundations-record-dynamics
scripts/single_clock_axis_selection_check_2026_06_11.py	0	2	superseded-memo-cite:2					gravity-records
scripts/single_clock_blocked_time_unit_split_n2_support_2026_06_17.py	1	5	lattice-quantum-record:1,superseded-memo-cite:5					gravity-records
scripts/single_clock_independent_commuting_transfer_factor_n5_no_go_2026_06_17.py	0	1	superseded-memo-cite:1					gravity-records
scripts/single_clock_physical_clock_admission_inventory_n5_support_2026_06_17.py	0	2	superseded-memo-cite:2					gravity-records
scripts/staggered_scalar_mass_class_bounded_premise_runner.py	1	0	lattice-quantum-record:1					matter-kinetic
scripts/static_source_readout_i1_accepted_premise_runner.py	0	3	superseded-memo-cite:3					gravity-records
