===== runner cache v1 =====
runner: scripts/frontier_cycle795_discriminator_census_2026_07_28.py
runner_sha256: 6a52229e9ac3bf5ab45bd25a4088e354c759fc499b58462aa0c2401f89474e7f
input_fingerprint_sha256: 1a066d6578ddbe07b5e03557b293f0d53ad30aa1edc108b841a23ecbae631340
timeout_sec: 1500
exit_code: 0
elapsed_sec: 64.34
status: ok
----- stdout -----
PASS A_anchors_and_resolved_key_identity_controls
DATA A_ANCHORS {"AUDIT_INPUT_PATHS":["scripts/frontier_cycle790_horizon_extension_2026_07_28.py","scripts/frontier_cycle791_open_keys_resolution_2026_07_28.py","scripts/frontier_cycle762_residual_as_content_probe_2026_07_28.py","scripts/frontier_cycle762_residual_probe_independent_check_2026_07_28.py","scripts/frontier_cycle736_pairwise_separated_multisource_2026_07_28.py","scripts/frontier_cycle719_two_rail_recurrent_controller_core_2026_07_26.py"],"guarded_imports_clean":true,"input_sha256":{"scripts/frontier_cycle719_two_rail_recurrent_controller_core_2026_07_26.py":"0c0417912f35c369113513823edd2221d446ecdcae7ff039c50fb7c322e791c4","scripts/frontier_cycle736_pairwise_separated_multisource_2026_07_28.py":"50059ce4d4d6e5ce4503e66ccb098f6fe663ad9711b106b6b6c5c9cb7bcbd02f","scripts/frontier_cycle762_residual_as_content_probe_2026_07_28.py":"cb5f80cf5d0e169e01561bd9a8665fc8492036398bc0f3eeebe2e326497dbd0d","scripts/frontier_cycle762_residual_probe_independent_check_2026_07_28.py":"c8d43dc2c65b851554393c493d016f6341ba9eb8c3a35bb9f361d77a2f16c619","scripts/frontier_cycle790_horizon_extension_2026_07_28.py":"bc1a47b591e4b308ef3e57ea7776a56223c76c0eca3867816d408f5021e86ac6","scripts/frontier_cycle791_open_keys_resolution_2026_07_28.py":"3380b3f0820a74e0f538b54144bb926a2a4be9041ed21ae5181216f481c8a98a"},"literal_tuple":true}
DATA A_RESOLVED_CATALOG_14 [{"first_clean":371,"k":[3,[0,7]],"residual_period":null,"state_period":null,"v":"TRANSIENT"},{"first_clean":252,"k":[3,[1,10]],"residual_period":null,"state_period":null,"v":"TRANSIENT"},{"first_clean":null,"k":[2,[0,9]],"residual_period":6,"state_period":288,"v":"CYCLE"},{"first_clean":null,"k":[3,[0,5]],"residual_period":2,"state_period":2,"v":"CYCLE"},{"first_clean":null,"k":[3,[0,6]],"residual_period":2,"state_period":2,"v":"CYCLE"},{"first_clean":null,"k":[3,[1,6]],"residual_period":3,"state_period":3,"v":"CYCLE"},{"first_clean":null,"k":[3,[1,7]],"residual_period":3,"state_period":3,"v":"CYCLE"},{"first_clean":null,"k":[3,[2,7]],"residual_period":3,"state_period":3,"v":"CYCLE"},{"first_clean":null,"k":[3,[2,8]],"residual_period":3,"state_period":3,"v":"CYCLE"},{"first_clean":null,"k":[3,[3,8]],"residual_period":3,"state_period":3,"v":"CYCLE"},{"first_clean":null,"k":[3,[3,9]],"residual_period":3,"state_period":3,"v":"CYCLE"},{"first_clean":null,"k":[3,[4,9]],"residual_period":3,"state_period":3,"v":"CYCLE"},{"first_clean":null,"k":[3,[4,10]],"residual_period":3,"state_period":3,"v":"CYCLE"},{"first_clean":null,"k":[3,[5,10]],"residual_period":3,"state_period":3,"v":"CYCLE"}]
DATA A_IDENTITY_CONTROLS {"T1024_family_counts":{"cycle":12,"open":162,"transient":2,"uncovered":0},"baseline":{"T256_clean_count":1,"T256_cycle_count":11,"T256_first_clean_time_census":{"252":1},"T256_open_count":164,"T256_residual_period_census":{"2":2,"3":9},"T256_state_period_census":{"2":2,"3":9}},"catalog_sha256":"330697654b6e1555775c3c733a5145fbeec619e2acc3ef13251aa579cca60cb5","digest_collisions":0,"exact_new_cycle_confirmations":1,"full_T1024_prefix":true,"identity_pass":true,"pass":true,"resolution_sha256":"f18cc8fddd9a53717a5c12d0895ba40f40bb3883f7a7abee51d598bc1ec059bb"}
PASS B_full_176_key_landed_feature_table
DATA B_FEATURE_SCHEMA {"feature_schema":["epoch","epoch_parity","epoch_direction","left","right","clockwise_gap","counterclockwise_gap","ring_separation","ring_long_distance","short_orientation","direction_short_alignment","position_sum","position_product","occupancy_mask","chord_midpoint_mod11","short_arc_start","short_arc_end","left_parity","right_parity","parity_code","same_position_parity","epoch_sum_parity","initial_residual_weight","initial_support_size","support_signature_id","support_kind_mask","support_source_count","support_bank_count","support_link_count","support_bank0_count","support_bank1_count","support_bank_imbalance","support_coordinate_index_sum","left_mod_130","right_mod_130","position_sum_mod_130","clockwise_gap_mod_130","ring_separation_mod_130","epoch_mod_130","left_mod_11","right_mod_11","position_sum_mod_11","clockwise_gap_mod_11","ring_separation_mod_11","epoch_mod_11","left_mod_2","right_mod_2","position_sum_mod_2","clockwise_gap_mod_2","ring_separation_mod_2","epoch_mod_2","left_mod_5","right_mod_5","position_sum_mod_5","clockwise_gap_mod_5","ring_separation_mod_5","epoch_mod_5","left_mod_12","right_mod_12","position_sum_mod_12","clockwise_gap_mod_12","ring_separation_mod_12","epoch_mod_12","left_mod_288","right_mod_288","position_sum_mod_288","clockwise_gap_mod_288","ring_separation_mod_288","epoch_mod_288","left_mod_6","right_mod_6","position_sum_mod_6","clockwise_gap_mod_6","ring_separation_mod_6","epoch_mod_6","left_mod_3","right_mod_3","position_sum_mod_3","clockwise_gap_mod_3","ring_separation_mod_3","epoch_mod_3","same_position_residue_mod_130","same_position_residue_mod_11","same_position_residue_mod_2","same_position_residue_mod_5","same_position_residue_mod_12","same_position_residue_mod_288","same_position_residue_mod_6","same_position_residue_mod_3"],"landed_alignment_constants":{"bank_sizes":[2,5,12],"orbit_length":130,"state_and_residual_periods_seen":[288,6,2,3],"station_count":11},"pair_feature_basis":["epoch","epoch_parity","epoch_direction","left","right","clockwise_gap","counterclockwise_gap","ring_separation","short_orientation","direction_short_alignment","position_sum","position_product","occupancy_mask","chord_midpoint_mod11","parity_code","same_position_parity","epoch_sum_parity","initial_residual_weight","support_signature_id","support_kind_mask","support_source_count","support_bank_count","support_link_count","support_bank_imbalance"],"pair_feature_limit":24,"parity_orientation_basis":"key parity; canonical left<right ring orientation; landed epoch endpoint direction","row_prefix":["epoch_key","left_key","right_key"],"support_basis":"Cycle-790 residual_support of the landed t=0 postimage","support_classes":25,"table_sha256":"266dd5f0c36cb79eb88a143c303e31ef1f79b068d6131545962ee38f8d24e705"}
DATA B_FULL_TABLE_176 [[0,0,2,0,0,1,0,2,2,9,2,9,1,1,2,0,5,1,0,2,0,0,0,1,0,1,1,24,1,1,0,0,0,0,0,0,0,2,2,2,2,0,0,2,2,2,2,0,0,0,0,0,0,0,0,2,2,2,2,0,0,2,2,2,2,0,0,2,2,2,2,0,0,2,2,2,2,0,0,2,2,2,2,0,0,0,1,0,0,0,0,0],[0,0,3,0,0,1,0,3,3,8,3,8,1,1,3,0,9,7,0,3,0,1,1,0,1,1,1,24,1,1,0,0,0,0,0,0,0,3,3,3,3,0,0,3,3,3,3,0,0,1,1,1,1,0,0,3,3,3,3,0,0,3,3,3,3,0,0,3,3,3,3,0,0,3,3,3,3,0,0,0,0,0,0,0,0,0,0,0,0,0,0,1],[0,0,4,0,0,1,0,4,4,7,4,7,1,1,4,0,17,2,0,4,0,0,0,1,0,1,1,24,1,1,0,0,0,0,0,0,0,4,4,4,4,0,0,4,4,4,4,0,0,0,0,0,0,0,0,4,4,4,4,0,0,4,4,4,4,0,0,4,4,4,4,0,0,4,4,4,4,0,0,1,1,1,1,0,0,0,1,0,0,0,0,0],[0,0,5,0,0,1,0,5,5,6,5,6,1,1,5,0,33,8,0,5,0,1,1,0,1,1,1,24,1,1,0,0,0,0,0,0,0,5,5,5,5,0,0,5,5,5,5,0,0,1,1,1,1,0,0,0,0,0,0,0,0,5,5,5,5,0,0,5,5,5,5,0,0,5,5,5,5,0,0,2,2,2,2,0,0,0,0,1,0,0,0,0],[0,0,6,0,0,1,0,6,6,5,5,6,-1,-1,6,0,65,3,6,0,0,0,0,1,0,1,1,24,1,1,0,0,0,0,0,0,0,6,6,6,5,0,0,6,6,6,5,0,0,0,0,0,1,0,0,1,1,1,0,0,0,6,6,6,5,0,0,6,6,6,5,0,0,0,0,0,5,0,0,0,0,0,2,0,0,0,1,0,0,0,1,1],[0,0,7,0,0,1,0,7,7,4,4,7,-1,-1,7,0,129,9,7,0,0,1,1,0,1,1,1,24,1,1,0,0,0,0,0,0,0,7,7,7,4,0,0,7,7,7,4,0,0,1,1,1,0,0,0,2,2,2,4,0,0,7,7,7,4,0,0,7,7,7,4,0,0,1,1,1,4,0,0,1,1,1,1,0,0,0,0,0,0,0,0,0],[0,0,8,0,0,1,0,8,8,3,3,8,-1,-1,8,0,257,4,8,0,0,0,0,1,0,1,1,24,1,1,0,0,0,0,0,0,0,8,8,8,3,0,0,8,8,8,3,0,0,0,0,0,1,0,0,3,3,3,3,0,0,8,8,8,3,0,0,8,8,8,3,0,0,2,2,2,3,0,0,2,2,2,0,0,0,0,1,0,0,0,0,0],[0,0,9,0,0,1,0,9,9,2,2,9,-1,-1,9,0,513,10,9,0,0,1,1,0,1,1,1,24,1,1,0,0,0,0,0,0,0,9,9,9,2,0,0,9,9,9,2,0,0,1,1,1,0,0,0,4,4,4,2,0,0,9,9,9,2,0,0,9,9,9,2,0,0,3,3,3,2,0,0,0,0,0,2,0,0,0,0,0,0,0,0,1],[0,1,3,0,0,1,1,3,2,9,2,9,1,1,4,3,10,2,1,3,1,1,3,1,0,1,1,24,1,1,0,0,0,0,0,0,1,3,4,2,2,0,1,3,4,2,2,0,1,1,0,0,0,0,1,3,4,2,2,0,1,3,4,2,2,0,1,3,4,2,2,0,1,3,4,2,2,0,1,0,1,2,2,0,0,0,1,0,0,0,0,0],[0,1,4,0,0,1,1,4,3,8,3,8,1,1,5,4,18,8,1,4,1,0,2,0,1,1,1,24,1,1,0,0,0,0,0,0,1,4,5,3,3,0,1,4,5,3,3,0,1,0,1,1,1,0,1,4,0,3,3,0,1,4,5,3,3,0,1,4,5,3,3,0,1,4,5,3,3,0,1,1,2,0,0,0,0,0,0,0,0,0,0,1],[0,1,5,0,0,1,1,5,4,7,4,7,1,1,6,5,34,3,1,5,1,1,3,1,0,1,1,24,1,1,0,0,0,0,0,0,1,5,6,4,4,0,1,5,6,4,4,0,1,1,0,0,0,0,1,0,1,4,4,0,1,5,6,4,4,0,1,5,6,4,4,0,1,5,0,4,4,0,1,2,0,1,1,0,0,0,1,0,0,0,0,0],[0,1,6,0,0,1,1,6,5,6,5,6,1,1,7,6,66,9,1,6,1,0,2,0,1,1,1,24,1,1,0,0,0,0,0,0,1,6,7,5,5,0,1,6,7,5,5,0,1,0,1,1,1,0,1,1,2,0,0,0,1,6,7,5,5,0,1,6,7,5,5,0,1,0,1,5,5,0,1,0,1,2,2,0,0,0,0,1,0,0,0,0],[0,1,7,0,0,1,1,7,6,5,5,6,-1,-1,8,7,130,4,7,1,1,1,3,1,0,1,1,24,1,1,0,0,0,0,0,0,1,7,8,6,5,0,1,7,8,6,5,0,1,1,0,0,1,0,1,2,3,1,0,0,1,7,8,6,5,0,1,7,8,6,5,0,1,1,2,0,5,0,1,1,2,0,2,0,0,0,1,0,0,0,1,1],[0,1,8,0,0,1,1,8,7,4,4,7,-1,-1,9,8,258,10,8,1,1,0,2,0,1,1,1,24,1,1,0,0,0,0,0,0,1,8,9,7,4,0,1,8,9,7,4,0,1,0,1,1,0,0,1,3,4,2,4,0,1,8,9,7,4,0,1,8,9,7,4,0,1,2,3,1,4,0,1,2,0,1,1,0,0,0,0,0,0,0,0,0],[0,1,9,0,0,1,1,9,8,3,3,8,-1,-1,10,9,514,5,9,1,1,1,3,1,0,1,1,24,1,1,0,0,0,0,0,0,1,9,10,8,3,0,1,9,10,8,3,0,1,1,0,0,1,0,1,4,0,3,3,0,1,9,10,8,3,0,1,9,10,8,3,0,1,3,4,2,3,0,1,0,1,2,0,0,0,0,1,0,0,0,0,0],[0,1,10,0,0,1,1,10,9,2,2,9,-1,-1,11,10,1026,0,10,1,1,0,2,0,1,1,1,24,1,1,0,0,0,0,0,0,1,10,11,9,2,0,1,10,0,9,2,0,1,0,1,1,0,0,1,0,1,4,2,0,1,10,11,9,2,0,1,10,11,9,2,0,1,4,5,3,2,0,1,1,2,0,2,0,0,0,0,0,0,0,0,1],[0,2,4,0,0,1,2,4,2,9,2,9,1,1,6,8,20,3,2,4,0,0,0,1,0,1,1,24,1,1,0,0,0,0,0,0,2,4,6,2,2,0,2,4,6,2,2,0,0,0,0,0,0,0,2,4,1,2,2,0,2,4,6,2,2,0,2,4,6,2,2,0,2,4,0,2,2,0,2,1,0,2,2,0,0,0,1,0,0,0,0,0],[0,2,5,0,0,1,2,5,3,8,3,8,1,1,7,10,36,9,2,5,0,1,1,0,1,1,1,24,1,1,0,0,0,0,0,0,2,5,7,3,3,0,2,5,7,3,3,0,0,1,1,1,1,0,2,0,2,3,3,0,2,5,7,3,3,0,2,5,7,3,3,0,2,5,1,3,3,0,2,2,1,0,0,0,0,0,0,0,0,0,0,1],[0,2,6,0,0,1,2,6,4,7,4,7,1,1,8,12,68,4,2,6,0,0,0,1,0,1,1,24,1,1,0,0,0,0,0,0,2,6,8,4,4,0,2,6,8,4,4,0,0,0,0,0,0,0,2,1,3,4,4,0,2,6,8,4,4,0,2,6,8,4,4,0,2,0,2,4,4,0,2,0,2,1,1,0,0,0,1,0,0,0,0,0],[0,2,7,0,0,1,2,7,5,6,5,6,1,1,9,14,132,10,2,7,0,1,1,0,1,1,1,24,1,1,0,0,0,0,0,0,2,7,9,5,5,0,2,7,9,5,5,0,0,1,1,1,1,0,2,2,4,0,0,0,2,7,9,5,5,0,2,7,9,5,5,0,2,1,3,5,5,0,2,1,0,2,2,0,0,0,0,1,0,0,0,0],[0,2,8,0,0,1,2,8,6,5,5,6,-1,-1,10,16,260,5,8,2,0,0,0,1,0,1,1,24,1,1,0,0,0,0,0,0,2,8,10,6,5,0,2,8,10,6,5,0,0,0,0,0,1,0,2,3,0,1,0,0,2,8,10,6,5,0,2,8,10,6,5,0,2,2,4,0,5,0,2,2,1,0,2,0,0,0,1,0,0,0,1,1],[0,2,9,0,0,1,2,9,7,4,4,7,-1,-1,11,18,516,0,9,2,0,1,1,0,1,1,1,24,1,1,0,0,0,0,0,0,2,9,11,7,4,0,2,9,0,7,4,0,0,1,1,1,0,0,2,4,1,2,4,0,2,9,11,7,4,0,2,9,11,7,4,0,2,3,5,1,4,0,2,0,2,1,1,0,0,0,0,0,0,0,0,0],[0,2,10,0,0,1,2,10,8,3,3,8,-1,-1,12,20,1028,6,10,2,0,0,0,1,0,1,1,24,1,1,0,0,0,0,0,0,2,10,12,8,3,0,2,10,1,8,3,0,0,0,0,0,1,0,2,0,2,3,3,0,2,10,0,8,3,0,2,10,12,8,3,0,2,4,0,2,3,0,2,1,0,2,0,0,0,0,1,0,0,0,0,0],[0,3,5,0,0,1,3,5,2,9,2,9,1,1,8,15,40,4,3,5,1,1,3,1,0,1,1,24,1,1,0,0,0,0,0,0,3,5,8,2,2,0,3,5,8,2,2,0,1,1,0,0,0,0,3,0,3,2,2,0,3,5,8,2,2,0,3,5,8,2,2,0,3,5,2,2,2,0,0,2,2,2,2,0,0,0,1,0,0,0,0,0],[0,3,6,0,0,1,3,6,3,8,3,8,1,1,9,18,72,10,3,6,1,0,2,0,1,1,1,24,1,1,0,0,0,0,0,0,3,6,9,3,3,0,3,6,9,3,3,0,1,0,1,1,1,0,3,1,4,3,3,0,3,6,9,3,3,0,3,6,9,3,3,0,3,0,3,3,3,0,0,0,0,0,0,0,0,0,0,0,0,0,0,1],[0,3,7,0,0,1,3,7,4,7,4,7,1,1,10,21,136,5,3,7,1,1,3,1,0,1,1,24,1,1,0,0,0,0,0,0,3,7,10,4,4,0,3,7,10,4,4,0,1,1,0,0,0,0,3,2,0,4,4,0,3,7,10,4,4,0,3,7,10,4,4,0,3,1,4,4,4,0,0,1,1,1,1,0,0,0,1,0,0,0,0,0],[0,3,8,0,0,1,3,8,5,6,5,6,1,1,11,24,264,0,3,8,1,0,2,0,1,1,1,24,1,1,0,0,0,0,0,0,3,8,11,5,5,0,3,8,0,5,5,0,1,0,1,1,1,0,3,3,1,0,0,0,3,8,11,5,5,0,3,8,11,5,5,0,3,2,5,5,5,0,0,2,2,2,2,0,0,0,0,1,0,0,0,0],[0,3,9,0,0,1,3,9,6,5,5,6,-1,-1,12,27,520,6,9,3,1,1,3,1,0,1,1,24,1,1,0,0,0,0,0,0,3,9,12,6,5,0,3,9,1,6,5,0,1,1,0,0,1,0,3,4,2,1,0,0,3,9,0,6,5,0,3,9,12,6,5,0,3,3,0,0,5,0,0,0,0,0,2,0,0,0,1,0,0,0,1,1],[0,3,10,0,0,1,3,10,7,4,4,7,-1,-1,13,30,1032,1,10,3,1,0,2,0,1,1,1,24,1,1,0,0,0,0,0,0,3,10,13,7,4,0,3,10,2,7,4,0,1,0,1,1,0,0,3,0,3,2,4,0,3,10,1,7,4,0,3,10,13,7,4,0,3,4,1,1,4,0,0,1,1,1,1,0,0,0,0,0,0,0,0,0],[0,4,6,0,0,1,4,6,2,9,2,9,1,1,10,24,80,5,4,6,0,0,0,1,0,1,1,24,1,1,0,0,0,0,0,0,4,6,10,2,2,0,4,6,10,2,2,0,0,0,0,0,0,0,4,1,0,2,2,0,4,6,10,2,2,0,4,6,10,2,2,0,4,0,4,2,2,0,1,0,1,2,2,0,0,0,1,0,0,0,0,0],[0,4,7,0,0,1,4,7,3,8,3,8,1,1,11,28,144,0,4,7,0,1,1,0,1,1,1,24,1,1,0,0,0,0,0,0,4,7,11,3,3,0,4,7,0,3,3,0,0,1,1,1,1,0,4,2,1,3,3,0,4,7,11,3,3,0,4,7,11,3,3,0,4,1,5,3,3,0,1,1,2,0,0,0,0,0,0,0,0,0,0,1],[0,4,8,0,0,1,4,8,4,7,4,7,1,1,12,32,272,6,4,8,0,0,0,1,0,1,1,24,1,1,0,0,0,0,0,0,4,8,12,4,4,0,4,8,1,4,4,0,0,0,0,0,0,0,4,3,2,4,4,0,4,8,0,4,4,0,4,8,12,4,4,0,4,2,0,4,4,0,1,2,0,1,1,0,0,0,1,0,0,0,0,0],[0,4,9,0,0,1,4,9,5,6,5,6,1,1,13,36,528,1,4,9,0,1,1,0,1,1,1,24,1,1,0,0,0,0,0,0,4,9,13,5,5,0,4,9,2,5,5,0,0,1,1,1,1,0,4,4,3,0,0,0,4,9,1,5,5,0,4,9,13,5,5,0,4,3,1,5,5,0,1,0,1,2,2,0,0,0,0,1,0,0,0,0],[0,4,10,0,0,1,4,10,6,5,5,6,-1,-1,14,40,1040,7,10,4,0,0,0,1,0,1,1,24,1,1,0,0,0,0,0,0,4,10,14,6,5,0,4,10,3,6,5,0,0,0,0,0,1,0,4,0,4,1,0,0,4,10,2,6,5,0,4,10,14,6,5,0,4,4,2,0,5,0,1,1,2,0,2,0,0,0,1,0,0,0,1,1],[0,5,7,0,0,1,5,7,2,9,2,9,1,1,12,35,160,6,5,7,1,1,3,1,0,1,1,24,1,1,0,0,0,0,0,0,5,7,12,2,2,0,5,7,1,2,2,0,1,1,0,0,0,0,0,2,2,2,2,0,5,7,0,2,2,0,5,7,12,2,2,0,5,1,0,2,2,0,2,1,0,2,2,0,0,0,1,0,0,0,0,0],[0,5,8,0,0,1,5,8,3,8,3,8,1,1,13,40,288,1,5,8,1,0,2,0,1,1,1,24,1,1,0,0,0,0,0,0,5,8,13,3,3,0,5,8,2,3,3,0,1,0,1,1,1,0,0,3,3,3,3,0,5,8,1,3,3,0,5,8,13,3,3,0,5,2,1,3,3,0,2,2,1,0,0,0,0,0,0,0,0,0,0,1],[0,5,9,0,0,1,5,9,4,7,4,7,1,1,14,45,544,7,5,9,1,1,3,1,0,1,1,24,1,1,0,0,0,0,0,0,5,9,14,4,4,0,5,9,3,4,4,0,1,1,0,0,0,0,0,4,4,4,4,0,5,9,2,4,4,0,5,9,14,4,4,0,5,3,2,4,4,0,2,0,2,1,1,0,0,0,1,0,0,0,0,0],[0,5,10,0,0,1,5,10,5,6,5,6,1,1,15,50,1056,2,5,10,1,0,2,0,1,1,1,24,1,1,0,0,0,0,0,0,5,10,15,5,5,0,5,10,4,5,5,0,1,0,1,1,1,0,0,0,0,0,0,0,5,10,3,5,5,0,5,10,15,5,5,0,5,4,3,5,5,0,2,1,0,2,2,0,0,0,0,1,0,0,0,0],[0,6,8,0,0,1,6,8,2,9,2,9,1,1,14,48,320,7,6,8,0,0,0,1,0,1,1,24,1,1,0,0,0,0,0,0,6,8,14,2,2,0,6,8,3,2,2,0,0,0,0,0,0,0,1,3,4,2,2,0,6,8,2,2,2,0,6,8,14,2,2,0,0,2,2,2,2,0,0,2,2,2,2,0,0,0,1,0,0,0,0,0],[0,6,9,0,0,1,6,9,3,8,3,8,1,1,15,54,576,2,6,9,0,1,1,0,1,1,1,24,1,1,0,0,0,0,0,0,6,9,15,3,3,0,6,9,4,3,3,0,0,1,1,1,1,0,1,4,0,3,3,0,6,9,3,3,3,0,6,9,15,3,3,0,0,3,3,3,3,0,0,0,0,0,0,0,0,0,0,0,0,0,0,1],[0,6,10,0,0,1,6,10,4,7,4,7,1,1,16,60,1088,8,6,10,0,0,0,1,0,1,1,24,1,1,0,0,0,0,0,0,6,10,16,4,4,0,6,10,5,4,4,0,0,0,0,0,0,0,1,0,1,4,4,0,6,10,4,4,4,0,6,10,16,4,4,0,0,4,4,4,4,0,0,1,1,1,1,0,0,0,1,0,0,0,0,0],[0,7,9,0,0,1,7,9,2,9,2,9,1,1,16,63,640,8,7,9,1,1,3,1,0,1,1,24,1,1,0,0,0,0,0,0,7,9,16,2,2,0,7,9,5,2,2,0,1,1,0,0,0,0,2,4,1,2,2,0,7,9,4,2,2,0,7,9,16,2,2,0,1,3,4,2,2,0,1,0,1,2,2,0,0,0,1,0,0,0,0,0],[0,7,10,0,0,1,7,10,3,8,3,8,1,1,17,70,1152,3,7,10,1,0,2,0,1,1,1,24,1,1,0,0,0,0,0,0,7,10,17,3,3,0,7,10,6,3,3,0,1,0,1,1,1,0,2,0,2,3,3,0,7,10,5,3,3,0,7,10,17,3,3,0,1,4,5,3,3,0,1,1,2,0,0,0,0,0,0,0,0,0,0,1],[0,8,10,0,0,1,8,10,2,9,2,9,1,1,18,80,1280,9,8,10,0,0,0,1,0,1,1,24,1,1,0,0,0,0,0,0,8,10,18,2,2,0,8,10,7,2,2,0,0,0,0,0,0,0,3,0,3,2,2,0,8,10,6,2,2,0,8,10,18,2,2,0,2,4,0,2,2,0,2,1,0,2,2,0,0,0,1,0,0,0,0,0],[1,0,2,1,1,-1,0,2,2,9,2,9,1,-1,2,0,5,1,0,2,0,0,0,1,1,1,1,24,1,1,0,0,0,0,0,0,0,2,2,2,2,1,0,2,2,2,2,1,0,0,0,0,0,1,0,2,2,2,2,1,0,2,2,2,2,1,0,2,2,2,2,1,0,2,2,2,2,1,0,2,2,2,2,1,0,0,1,0,0,0,0,0],[1,0,3,1,1,-1,0,3,3,8,3,8,1,-1,3,0,9,7,0,3,0,1,1,0,0,1,1,24,1,1,0,0,0,0,0,0,0,3,3,3,3,1,0,3,3,3,3,1,0,1,1,1,1,1,0,3,3,3,3,1,0,3,3,3,3,1,0,3,3,3,3,1,0,3,3,3,3,1,0,0,0,0,0,1,0,0,0,0,0,0,0,1],[1,0,4,1,1,-1,0,4,4,7,4,7,1,-1,4,0,17,2,0,4,0,0,0,1,1,1,1,24,1,1,0,0,0,0,0,0,0,4,4,4,4,1,0,4,4,4,4,1,0,0,0,0,0,1,0,4,4,4,4,1,0,4,4,4,4,1,0,4,4,4,4,1,0,4,4,4,4,1,0,1,1,1,1,1,0,0,1,0,0,0,0,0],[1,0,5,1,1,-1,0,5,5,6,5,6,1,-1,5,0,33,8,0,5,0,1,1,0,0,1,1,24,1,1,0,0,0,0,0,0,0,5,5,5,5,1,0,5,5,5,5,1,0,1,1,1,1,1,0,0,0,0,0,1,0,5,5,5,5,1,0,5,5,5,5,1,0,5,5,5,5,1,0,2,2,2,2,1,0,0,0,1,0,0,0,0],[1,0,6,1,1,-1,0,6,6,5,5,6,-1,1,6,0,65,3,6,0,0,0,0,1,1,1,1,24,1,1,0,0,0,0,0,0,0,6,6,6,5,1,0,6,6,6,5,1,0,0,0,0,1,1,0,1,1,1,0,1,0,6,6,6,5,1,0,6,6,6,5,1,0,0,0,0,5,1,0,0,0,0,2,1,0,0,1,0,0,0,1,1],[1,0,7,1,1,-1,0,7,7,4,4,7,-1,1,7,0,129,9,7,0,0,1,1,0,0,1,1,24,1,1,0,0,0,0,0,0,0,7,7,7,4,1,0,7,7,7,4,1,0,1,1,1,0,1,0,2,2,2,4,1,0,7,7,7,4,1,0,7,7,7,4,1,0,1,1,1,4,1,0,1,1,1,1,1,0,0,0,0,0,0,0,0],[1,0,8,1,1,-1,0,8,8,3,3,8,-1,1,8,0,257,4,8,0,0,0,0,1,1,1,1,24,1,1,0,0,0,0,0,0,0,8,8,8,3,1,0,8,8,8,3,1,0,0,0,0,1,1,0,3,3,3,3,1,0,8,8,8,3,1,0,8,8,8,3,1,0,2,2,2,3,1,0,2,2,2,0,1,0,0,1,0,0,0,0,0],[1,0,9,1,1,-1,0,9,9,2,2,9,-1,1,9,0,513,10,9,0,0,1,1,0,0,1,1,24,1,1,0,0,0,0,0,0,0,9,9,9,2,1,0,9,9,9,2,1,0,1,1,1,0,1,0,4,4,4,2,1,0,9,9,9,2,1,0,9,9,9,2,1,0,3,3,3,2,1,0,0,0,0,2,1,0,0,0,0,0,0,0,1],[1,1,3,1,1,-1,1,3,2,9,2,9,1,-1,4,3,10,2,1,3,1,1,3,1,1,1,1,24,1,1,0,0,0,0,0,0,1,3,4,2,2,1,1,3,4,2,2,1,1,1,0,0,0,1,1,3,4,2,2,1,1,3,4,2,2,1,1,3,4,2,2,1,1,3,4,2,2,1,1,0,1,2,2,1,0,0,1,0,0,0,0,0],[1,1,4,1,1,-1,1,4,3,8,3,8,1,-1,5,4,18,8,1,4,1,0,2,0,0,1,1,24,1,1,0,0,0,0,0,0,1,4,5,3,3,1,1,4,5,3,3,1,1,0,1,1,1,1,1,4,0,3,3,1,1,4,5,3,3,1,1,4,5,3,3,1,1,4,5,3,3,1,1,1,2,0,0,1,0,0,0,0,0,0,0,1],[1,1,5,1,1,-1,1,5,4,7,4,7,1,-1,6,5,34,3,1,5,1,1,3,1,1,1,1,24,1,1,0,0,0,0,0,0,1,5,6,4,4,1,1,5,6,4,4,1,1,1,0,0,0,1,1,0,1,4,4,1,1,5,6,4,4,1,1,5,6,4,4,1,1,5,0,4,4,1,1,2,0,1,1,1,0,0,1,0,0,0,0,0],[1,1,6,1,1,-1,1,6,5,6,5,6,1,-1,7,6,66,9,1,6,1,0,2,0,0,1,1,24,1,1,0,0,0,0,0,0,1,6,7,5,5,1,1,6,7,5,5,1,1,0,1,1,1,1,1,1,2,0,0,1,1,6,7,5,5,1,1,6,7,5,5,1,1,0,1,5,5,1,1,0,1,2,2,1,0,0,0,1,0,0,0,0],[1,1,7,1,1,-1,1,7,6,5,5,6,-1,1,8,7,130,4,7,1,1,1,3,1,1,1,1,24,1,1,0,0,0,0,0,0,1,7,8,6,5,1,1,7,8,6,5,1,1,1,0,0,1,1,1,2,3,1,0,1,1,7,8,6,5,1,1,7,8,6,5,1,1,1,2,0,5,1,1,1,2,0,2,1,0,0,1,0,0,0,1,1],[1,1,8,1,1,-1,1,8,7,4,4,7,-1,1,9,8,258,10,8,1,1,0,2,0,0,1,1,24,1,1,0,0,0,0,0,0,1,8,9,7,4,1,1,8,9,7,4,1,1,0,1,1,0,1,1,3,4,2,4,1,1,8,9,7,4,1,1,8,9,7,4,1,1,2,3,1,4,1,1,2,0,1,1,1,0,0,0,0,0,0,0,0],[1,1,9,1,1,-1,1,9,8,3,3,8,-1,1,10,9,514,5,9,1,1,1,3,1,1,1,1,24,1,1,0,0,0,0,0,0,1,9,10,8,3,1,1,9,10,8,3,1,1,1,0,0,1,1,1,4,0,3,3,1,1,9,10,8,3,1,1,9,10,8,3,1,1,3,4,2,3,1,1,0,1,2,0,1,0,0,1,0,0,0,0,0],[1,1,10,1,1,-1,1,10,9,2,2,9,-1,1,11,10,1026,0,10,1,1,0,2,0,0,1,1,24,1,1,0,0,0,0,0,0,1,10,11,9,2,1,1,10,0,9,2,1,1,0,1,1,0,1,1,0,1,4,2,1,1,10,11,9,2,1,1,10,11,9,2,1,1,4,5,3,2,1,1,1,2,0,2,1,0,0,0,0,0,0,0,1],[1,2,4,1,1,-1,2,4,2,9,2,9,1,-1,6,8,20,3,2,4,0,0,0,1,1,1,1,24,1,1,0,0,0,0,0,0,2,4,6,2,2,1,2,4,6,2,2,1,0,0,0,0,0,1,2,4,1,2,2,1,2,4,6,2,2,1,2,4,6,2,2,1,2,4,0,2,2,1,2,1,0,2,2,1,0,0,1,0,0,0,0,0],[1,2,5,1,1,-1,2,5,3,8,3,8,1,-1,7,10,36,9,2,5,0,1,1,0,0,1,1,24,1,1,0,0,0,0,0,0,2,5,7,3,3,1,2,5,7,3,3,1,0,1,1,1,1,1,2,0,2,3,3,1,2,5,7,3,3,1,2,5,7,3,3,1,2,5,1,3,3,1,2,2,1,0,0,1,0,0,0,0,0,0,0,1],[1,2,6,1,1,-1,2,6,4,7,4,7,1,-1,8,12,68,4,2,6,0,0,0,1,1,1,1,24,1,1,0,0,0,0,0,0,2,6,8,4,4,1,2,6,8,4,4,1,0,0,0,0,0,1,2,1,3,4,4,1,2,6,8,4,4,1,2,6,8,4,4,1,2,0,2,4,4,1,2,0,2,1,1,1,0,0,1,0,0,0,0,0],[1,2,7,1,1,-1,2,7,5,6,5,6,1,-1,9,14,132,10,2,7,0,1,1,0,0,1,1,24,1,1,0,0,0,0,0,0,2,7,9,5,5,1,2,7,9,5,5,1,0,1,1,1,1,1,2,2,4,0,0,1,2,7,9,5,5,1,2,7,9,5,5,1,2,1,3,5,5,1,2,1,0,2,2,1,0,0,0,1,0,0,0,0],[1,2,8,1,1,-1,2,8,6,5,5,6,-1,1,10,16,260,5,8,2,0,0,0,1,1,1,1,24,1,1,0,0,0,0,0,0,2,8,10,6,5,1,2,8,10,6,5,1,0,0,0,0,1,1,2,3,0,1,0,1,2,8,10,6,5,1,2,8,10,6,5,1,2,2,4,0,5,1,2,2,1,0,2,1,0,0,1,0,0,0,1,1],[1,2,9,1,1,-1,2,9,7,4,4,7,-1,1,11,18,516,0,9,2,0,1,1,0,0,1,1,24,1,1,0,0,0,0,0,0,2,9,11,7,4,1,2,9,0,7,4,1,0,1,1,1,0,1,2,4,1,2,4,1,2,9,11,7,4,1,2,9,11,7,4,1,2,3,5,1,4,1,2,0,2,1,1,1,0,0,0,0,0,0,0,0],[1,2,10,1,1,-1,2,10,8,3,3,8,-1,1,12,20,1028,6,10,2,0,0,0,1,1,1,1,24,1,1,0,0,0,0,0,0,2,10,12,8,3,1,2,10,1,8,3,1,0,0,0,0,1,1,2,0,2,3,3,1,2,10,0,8,3,1,2,10,12,8,3,1,2,4,0,2,3,1,2,1,0,2,0,1,0,0,1,0,0,0,0,0],[1,3,5,1,1,-1,3,5,2,9,2,9,1,-1,8,15,40,4,3,5,1,1,3,1,1,1,1,24,1,1,0,0,0,0,0,0,3,5,8,2,2,1,3,5,8,2,2,1,1,1,0,0,0,1,3,0,3,2,2,1,3,5,8,2,2,1,3,5,8,2,2,1,3,5,2,2,2,1,0,2,2,2,2,1,0,0,1,0,0,0,0,0],[1,3,6,1,1,-1,3,6,3,8,3,8,1,-1,9,18,72,10,3,6,1,0,2,0,0,1,1,24,1,1,0,0,0,0,0,0,3,6,9,3,3,1,3,6,9,3,3,1,1,0,1,1,1,1,3,1,4,3,3,1,3,6,9,3,3,1,3,6,9,3,3,1,3,0,3,3,3,1,0,0,0,0,0,1,0,0,0,0,0,0,0,1],[1,3,7,1,1,-1,3,7,4,7,4,7,1,-1,10,21,136,5,3,7,1,1,3,1,1,1,1,24,1,1,0,0,0,0,0,0,3,7,10,4,4,1,3,7,10,4,4,1,1,1,0,0,0,1,3,2,0,4,4,1,3,7,10,4,4,1,3,7,10,4,4,1,3,1,4,4,4,1,0,1,1,1,1,1,0,0,1,0,0,0,0,0],[1,3,8,1,1,-1,3,8,5,6,5,6,1,-1,11,24,264,0,3,8,1,0,2,0,0,1,1,24,1,1,0,0,0,0,0,0,3,8,11,5,5,1,3,8,0,5,5,1,1,0,1,1,1,1,3,3,1,0,0,1,3,8,11,5,5,1,3,8,11,5,5,1,3,2,5,5,5,1,0,2,2,2,2,1,0,0,0,1,0,0,0,0],[1,3,9,1,1,-1,3,9,6,5,5,6,-1,1,12,27,520,6,9,3,1,1,3,1,1,1,1,24,1,1,0,0,0,0,0,0,3,9,12,6,5,1,3,9,1,6,5,1,1,1,0,0,1,1,3,4,2,1,0,1,3,9,0,6,5,1,3,9,12,6,5,1,3,3,0,0,5,1,0,0,0,0,2,1,0,0,1,0,0,0,1,1],[1,3,10,1,1,-1,3,10,7,4,4,7,-1,1,13,30,1032,1,10,3,1,0,2,0,0,1,1,24,1,1,0,0,0,0,0,0,3,10,13,7,4,1,3,10,2,7,4,1,1,0,1,1,0,1,3,0,3,2,4,1,3,10,1,7,4,1,3,10,13,7,4,1,3,4,1,1,4,1,0,1,1,1,1,1,0,0,0,0,0,0,0,0],[1,4,6,1,1,-1,4,6,2,9,2,9,1,-1,10,24,80,5,4,6,0,0,0,1,1,1,1,24,1,1,0,0,0,0,0,0,4,6,10,2,2,1,4,6,10,2,2,1,0,0,0,0,0,1,4,1,0,2,2,1,4,6,10,2,2,1,4,6,10,2,2,1,4,0,4,2,2,1,1,0,1,2,2,1,0,0,1,0,0,0,0,0],[1,4,7,1,1,-1,4,7,3,8,3,8,1,-1,11,28,144,0,4,7,0,1,1,0,0,1,1,24,1,1,0,0,0,0,0,0,4,7,11,3,3,1,4,7,0,3,3,1,0,1,1,1,1,1,4,2,1,3,3,1,4,7,11,3,3,1,4,7,11,3,3,1,4,1,5,3,3,1,1,1,2,0,0,1,0,0,0,0,0,0,0,1],[1,4,8,1,1,-1,4,8,4,7,4,7,1,-1,12,32,272,6,4,8,0,0,0,1,1,1,1,24,1,1,0,0,0,0,0,0,4,8,12,4,4,1,4,8,1,4,4,1,0,0,0,0,0,1,4,3,2,4,4,1,4,8,0,4,4,1,4,8,12,4,4,1,4,2,0,4,4,1,1,2,0,1,1,1,0,0,1,0,0,0,0,0],[1,4,9,1,1,-1,4,9,5,6,5,6,1,-1,13,36,528,1,4,9,0,1,1,0,0,1,1,24,1,1,0,0,0,0,0,0,4,9,13,5,5,1,4,9,2,5,5,1,0,1,1,1,1,1,4,4,3,0,0,1,4,9,1,5,5,1,4,9,13,5,5,1,4,3,1,5,5,1,1,0,1,2,2,1,0,0,0,1,0,0,0,0],[1,4,10,1,1,-1,4,10,6,5,5,6,-1,1,14,40,1040,7,10,4,0,0,0,1,1,1,1,24,1,1,0,0,0,0,0,0,4,10,14,6,5,1,4,10,3,6,5,1,0,0,0,0,1,1,4,0,4,1,0,1,4,10,2,6,5,1,4,10,14,6,5,1,4,4,2,0,5,1,1,1,2,0,2,1,0,0,1,0,0,0,1,1],[1,5,7,1,1,-1,5,7,2,9,2,9,1,-1,12,35,160,6,5,7,1,1,3,1,1,1,1,24,1,1,0,0,0,0,0,0,5,7,12,2,2,1,5,7,1,2,2,1,1,1,0,0,0,1,0,2,2,2,2,1,5,7,0,2,2,1,5,7,12,2,2,1,5,1,0,2,2,1,2,1,0,2,2,1,0,0,1,0,0,0,0,0],[1,5,8,1,1,-1,5,8,3,8,3,8,1,-1,13,40,288,1,5,8,1,0,2,0,0,1,1,24,1,1,0,0,0,0,0,0,5,8,13,3,3,1,5,8,2,3,3,1,1,0,1,1,1,1,0,3,3,3,3,1,5,8,1,3,3,1,5,8,13,3,3,1,5,2,1,3,3,1,2,2,1,0,0,1,0,0,0,0,0,0,0,1],[1,5,9,1,1,-1,5,9,4,7,4,7,1,-1,14,45,544,7,5,9,1,1,3,1,1,1,1,24,1,1,0,0,0,0,0,0,5,9,14,4,4,1,5,9,3,4,4,1,1,1,0,0,0,1,0,4,4,4,4,1,5,9,2,4,4,1,5,9,14,4,4,1,5,3,2,4,4,1,2,0,2,1,1,1,0,0,1,0,0,0,0,0],[1,5,10,1,1,-1,5,10,5,6,5,6,1,-1,15,50,1056,2,5,10,1,0,2,0,0,1,1,24,1,1,0,0,0,0,0,0,5,10,15,5,5,1,5,10,4,5,5,1,1,0,1,1,1,1,0,0,0,0,0,1,5,10,3,5,5,1,5,10,15,5,5,1,5,4,3,5,5,1,2,1,0,2,2,1,0,0,0,1,0,0,0,0],[1,6,8,1,1,-1,6,8,2,9,2,9,1,-1,14,48,320,7,6,8,0,0,0,1,1,1,1,24,1,1,0,0,0,0,0,0,6,8,14,2,2,1,6,8,3,2,2,1,0,0,0,0,0,1,1,3,4,2,2,1,6,8,2,2,2,1,6,8,14,2,2,1,0,2,2,2,2,1,0,2,2,2,2,1,0,0,1,0,0,0,0,0],[1,6,9,1,1,-1,6,9,3,8,3,8,1,-1,15,54,576,2,6,9,0,1,1,0,0,1,1,24,1,1,0,0,0,0,0,0,6,9,15,3,3,1,6,9,4,3,3,1,0,1,1,1,1,1,1,4,0,3,3,1,6,9,3,3,3,1,6,9,15,3,3,1,0,3,3,3,3,1,0,0,0,0,0,1,0,0,0,0,0,0,0,1],[1,6,10,1,1,-1,6,10,4,7,4,7,1,-1,16,60,1088,8,6,10,0,0,0,1,1,1,1,24,1,1,0,0,0,0,0,0,6,10,16,4,4,1,6,10,5,4,4,1,0,0,0,0,0,1,1,0,1,4,4,1,6,10,4,4,4,1,6,10,16,4,4,1,0,4,4,4,4,1,0,1,1,1,1,1,0,0,1,0,0,0,0,0],[1,7,9,1,1,-1,7,9,2,9,2,9,1,-1,16,63,640,8,7,9,1,1,3,1,1,1,1,24,1,1,0,0,0,0,0,0,7,9,16,2,2,1,7,9,5,2,2,1,1,1,0,0,0,1,2,4,1,2,2,1,7,9,4,2,2,1,7,9,16,2,2,1,1,3,4,2,2,1,1,0,1,2,2,1,0,0,1,0,0,0,0,0],[1,7,10,1,1,-1,7,10,3,8,3,8,1,-1,17,70,1152,3,7,10,1,0,2,0,0,1,1,24,1,1,0,0,0,0,0,0,7,10,17,3,3,1,7,10,6,3,3,1,1,0,1,1,1,1,2,0,2,3,3,1,7,10,5,3,3,1,7,10,17,3,3,1,1,4,5,3,3,1,1,1,2,0,0,1,0,0,0,0,0,0,0,1],[1,8,10,1,1,-1,8,10,2,9,2,9,1,-1,18,80,1280,9,8,10,0,0,0,1,1,1,1,24,1,1,0,0,0,0,0,0,8,10,18,2,2,1,8,10,7,2,2,1,0,0,0,0,0,1,3,0,3,2,2,1,8,10,6,2,2,1,8,10,18,2,2,1,2,4,0,2,2,1,2,1,0,2,2,1,0,0,1,0,0,0,0,0],[2,0,2,2,0,1,0,2,2,9,2,9,1,1,2,0,5,1,0,2,0,0,0,1,0,7,7,0,6,0,6,1,3,3,0,3,0,2,2,2,2,2,0,2,2,2,2,2,0,0,0,0,0,0,0,2,2,2,2,2,0,2,2,2,2,2,0,2,2,2,2,2,0,2,2,2,2,2,0,2,2,2,2,2,0,0,1,0,0,0,0,0],[2,0,3,2,0,1,0,3,3,8,3,8,1,1,3,0,9,7,0,3,0,1,1,0,1,3,3,12,7,1,1,1,0,1,1,1,0,3,3,3,3,2,0,3,3,3,3,2,0,1,1,1,1,0,0,3,3,3,3,2,0,3,3,3,3,2,0,3,3,3,3,2,0,3,3,3,3,2,0,0,0,0,0,2,0,0,0,0,0,0,0,1],[2,0,4,2,0,1,0,4,4,7,4,7,1,1,4,0,17,2,0,4,0,0,0,1,0,3,3,6,7,1,1,1,1,0,-1,0,0,4,4,4,4,2,0,4,4,4,4,2,0,0,0,0,0,0,0,4,4,4,4,2,0,4,4,4,4,2,0,4,4,4,4,2,0,4,4,4,4,2,0,1,1,1,1,2,0,0,1,0,0,0,0,0],[2,0,5,2,0,1,0,5,5,6,5,6,1,1,5,0,33,8,0,5,0,1,1,0,1,3,3,6,7,1,1,1,1,0,-1,0,0,5,5,5,5,2,0,5,5,5,5,2,0,1,1,1,1,0,0,0,0,0,0,2,0,5,5,5,5,2,0,5,5,5,5,2,0,5,5,5,5,2,0,2,2,2,2,2,0,0,0,1,0,0,0,0],[2,0,6,2,0,1,0,6,6,5,5,6,-1,-1,6,0,65,3,6,0,0,0,0,1,0,3,3,6,7,1,1,1,1,0,-1,0,0,6,6,6,5,2,0,6,6,6,5,2,0,0,0,0,1,0,0,1,1,1,0,2,0,6,6,6,5,2,0,6,6,6,5,2,0,0,0,0,5,2,0,0,0,0,2,2,0,0,1,0,0,0,1,1],[2,0,7,2,0,1,0,7,7,4,4,7,-1,-1,7,0,129,9,7,0,0,1,1,0,1,5,5,9,6,0,3,2,2,1,-1,1,0,7,7,7,4,2,0,7,7,7,4,2,0,1,1,1,0,0,0,2,2,2,4,2,0,7,7,7,4,2,0,7,7,7,4,2,0,1,1,1,4,2,0,1,1,1,1,2,0,0,0,0,0,0,0,0],[2,0,8,2,0,1,0,8,8,3,3,8,-1,-1,8,0,257,4,8,0,0,0,0,1,0,7,7,0,6,0,6,1,3,3,0,3,0,8,8,8,3,2,0,8,8,8,3,2,0,0,0,0,1,0,0,3,3,3,3,2,0,8,8,8,3,2,0,8,8,8,3,2,0,2,2,2,3,2,0,2,2,2,0,2,0,0,1,0,0,0,0,0],[2,0,9,2,0,1,0,9,9,2,2,9,-1,-1,9,0,513,10,9,0,0,1,1,0,1,2,2,7,3,1,1,0,1,0,-1,0,0,9,9,9,2,2,0,9,9,9,2,2,0,1,1,1,0,0,0,4,4,4,2,2,0,9,9,9,2,2,0,9,9,9,2,2,0,3,3,3,2,2,0,0,0,0,2,2,0,0,0,0,0,0,0,1],[2,1,3,2,0,1,1,3,2,9,2,9,1,1,4,3,10,2,1,3,1,1,3,1,0,2,2,15,2,0,2,0,2,0,-2,0,1,3,4,2,2,2,1,3,4,2,2,2,1,1,0,0,0,0,1,3,4,2,2,2,1,3,4,2,2,2,1,3,4,2,2,2,1,3,4,2,2,2,1,0,1,2,2,2,0,0,1,0,0,0,0,0],[2,1,4,2,0,1,1,4,3,8,3,8,1,1,5,4,18,8,1,4,1,0,2,0,1,8,8,1,7,1,6,1,3,3,0,3,1,4,5,3,3,2,1,4,5,3,3,2,1,0,1,1,1,0,1,4,0,3,3,2,1,4,5,3,3,2,1,4,5,3,3,2,1,4,5,3,3,2,1,1,2,0,0,2,0,0,0,0,0,0,0,1],[2,1,5,2,0,1,1,5,4,7,4,7,1,1,6,5,34,3,1,5,1,1,3,1,0,4,4,22,6,0,2,2,0,2,2,2,1,5,6,4,4,2,1,5,6,4,4,2,1,1,0,0,0,0,1,0,1,4,4,2,1,5,6,4,4,2,1,5,6,4,4,2,1,5,0,4,4,2,1,2,0,1,1,2,0,0,1,0,0,0,0,0],[2,1,6,2,0,1,1,6,5,6,5,6,1,1,7,6,66,9,1,6,1,0,2,0,1,3,3,16,6,0,2,1,2,0,-2,0,1,6,7,5,5,2,1,6,7,5,5,2,1,0,1,1,1,0,1,1,2,0,0,2,1,6,7,5,5,2,1,6,7,5,5,2,1,0,1,5,5,2,1,0,1,2,2,2,0,0,0,1,0,0,0,0],[2,1,7,2,0,1,1,7,6,5,5,6,-1,-1,8,7,130,4,7,1,1,1,3,1,0,3,3,16,6,0,2,1,2,0,-2,0,1,7,8,6,5,2,1,7,8,6,5,2,1,1,0,0,1,0,1,2,3,1,0,2,1,7,8,6,5,2,1,7,8,6,5,2,1,1,2,0,5,2,1,1,2,0,2,2,0,0,1,0,0,0,1,1],[2,1,8,2,0,1,1,8,7,4,4,7,-1,-1,9,8,258,10,8,1,1,0,2,0,1,3,3,16,6,0,2,1,2,0,-2,0,1,8,9,7,4,2,1,8,9,7,4,2,1,0,1,1,0,0,1,3,4,2,4,2,1,8,9,7,4,2,1,8,9,7,4,2,1,2,3,1,4,2,1,2,0,1,1,2,0,0,0,0,0,0,0,0],[2,1,9,2,0,1,1,9,8,3,3,8,-1,-1,10,9,514,5,9,1,1,1,3,1,0,3,3,12,7,1,1,1,0,1,1,1,1,9,10,8,3,2,1,9,10,8,3,2,1,1,0,0,1,0,1,4,0,3,3,2,1,9,10,8,3,2,1,9,10,8,3,2,1,3,4,2,3,2,1,0,1,2,0,2,0,0,1,0,0,0,0,0],[2,1,10,2,0,1,1,10,9,2,2,9,-1,-1,11,10,1026,0,10,1,1,0,2,0,1,8,8,1,7,1,6,1,3,3,0,3,1,10,11,9,2,2,1,10,0,9,2,2,1,0,1,1,0,0,1,0,1,4,2,2,1,10,11,9,2,2,1,10,11,9,2,2,1,4,5,3,2,2,1,1,2,0,2,2,0,0,0,0,0,0,0,1],[2,2,4,2,0,1,2,4,2,9,2,9,1,1,6,8,20,3,2,4,0,0,0,1,0,3,3,13,2,0,3,0,3,0,-3,0,2,4,6,2,2,2,2,4,6,2,2,2,0,0,0,0,0,0,2,4,1,2,2,2,2,4,6,2,2,2,2,4,6,2,2,2,2,4,0,2,2,2,2,1,0,2,2,2,0,0,1,0,0,0,0,0],[2,2,5,2,0,1,2,5,3,8,3,8,1,1,7,10,36,9,2,5,0,1,1,0,1,8,8,1,7,1,6,1,3,3,0,3,2,5,7,3,3,2,2,5,7,3,3,2,0,1,1,1,1,0,2,0,2,3,3,2,2,5,7,3,3,2,2,5,7,3,3,2,2,5,1,3,3,2,2,2,1,0,0,2,0,0,0,0,0,0,0,1],[2,2,6,2,0,1,2,6,4,7,4,7,1,1,8,12,68,4,2,6,0,0,0,1,0,4,4,22,6,0,2,2,0,2,2,2,2,6,8,4,4,2,2,6,8,4,4,2,0,0,0,0,0,0,2,1,3,4,4,2,2,6,8,4,4,2,2,6,8,4,4,2,2,0,2,4,4,2,2,0,2,1,1,2,0,0,1,0,0,0,0,0],[2,2,7,2,0,1,2,7,5,6,5,6,1,1,9,14,132,10,2,7,0,1,1,0,1,3,3,16,6,0,2,1,2,0,-2,0,2,7,9,5,5,2,2,7,9,5,5,2,0,1,1,1,1,0,2,2,4,0,0,2,2,7,9,5,5,2,2,7,9,5,5,2,2,1,3,5,5,2,2,1,0,2,2,2,0,0,0,1,0,0,0,0],[2,2,8,2,0,1,2,8,6,5,5,6,-1,-1,10,16,260,5,8,2,0,0,0,1,0,3,3,16,6,0,2,1,2,0,-2,0,2,8,10,6,5,2,2,8,10,6,5,2,0,0,0,0,1,0,2,3,0,1,0,2,2,8,10,6,5,2,2,8,10,6,5,2,2,2,4,0,5,2,2,2,1,0,2,2,0,0,1,0,0,0,1,1],[2,2,9,2,0,1,2,9,7,4,4,7,-1,-1,11,18,516,0,9,2,0,1,1,0,1,4,4,17,6,0,2,2,2,0,-2,0,2,9,11,7,4,2,2,9,0,7,4,2,0,1,1,1,0,0,2,4,1,2,4,2,2,9,11,7,4,2,2,9,11,7,4,2,2,3,5,1,4,2,2,0,2,1,1,2,0,0,0,0,0,0,0,0],[2,2,10,2,0,1,2,10,8,3,3,8,-1,-1,12,20,1028,6,10,2,0,0,0,1,0,3,3,12,7,1,1,1,0,1,1,1,2,10,12,8,3,2,2,10,1,8,3,2,0,0,0,0,1,0,2,0,2,3,3,2,2,10,0,8,3,2,2,10,12,8,3,2,2,4,0,2,3,2,2,1,0,2,0,2,0,0,1,0,0,0,0,0],[2,3,5,2,0,1,3,5,2,9,2,9,1,1,8,15,40,4,3,5,1,1,3,1,0,3,3,13,2,0,3,0,3,0,-3,0,3,5,8,2,2,2,3,5,8,2,2,2,1,1,0,0,0,0,3,0,3,2,2,2,3,5,8,2,2,2,3,5,8,2,2,2,3,5,2,2,2,2,0,2,2,2,2,2,0,0,1,0,0,0,0,0],[2,3,6,2,0,1,3,6,3,8,3,8,1,1,9,18,72,10,3,6,1,0,2,0,1,8,8,1,7,1,6,1,3,3,0,3,3,6,9,3,3,2,3,6,9,3,3,2,1,0,1,1,1,0,3,1,4,3,3,2,3,6,9,3,3,2,3,6,9,3,3,2,3,0,3,3,3,2,0,0,0,0,0,2,0,0,0,0,0,0,0,1],[2,3,7,2,0,1,3,7,4,7,4,7,1,1,10,21,136,5,3,7,1,1,3,1,0,4,4,17,6,0,2,2,2,0,-2,0,3,7,10,4,4,2,3,7,10,4,4,2,1,1,0,0,0,0,3,2,0,4,4,2,3,7,10,4,4,2,3,7,10,4,4,2,3,1,4,4,4,2,0,1,1,1,1,2,0,0,1,0,0,0,0,0],[2,3,8,2,0,1,3,8,5,6,5,6,1,1,11,24,264,0,3,8,1,0,2,0,1,3,3,21,6,0,2,1,0,2,2,2,3,8,11,5,5,2,3,8,0,5,5,2,1,0,1,1,1,0,3,3,1,0,0,2,3,8,11,5,5,2,3,8,11,5,5,2,3,2,5,5,5,2,0,2,2,2,2,2,0,0,0,1,0,0,0,0],[2,3,9,2,0,1,3,9,6,5,5,6,-1,-1,12,27,520,6,9,3,1,1,3,1,0,3,3,21,6,0,2,1,0,2,2,2,3,9,12,6,5,2,3,9,1,6,5,2,1,1,0,0,1,0,3,4,2,1,0,2,3,9,0,6,5,2,3,9,12,6,5,2,3,3,0,0,5,2,0,0,0,0,2,2,0,0,1,0,0,0,1,1],[2,3,10,2,0,1,3,10,7,4,4,7,-1,-1,13,30,1032,1,10,3,1,0,2,0,1,4,4,17,6,0,2,2,2,0,-2,0,3,10,13,7,4,2,3,10,2,7,4,2,1,0,1,1,0,0,3,0,3,2,4,2,3,10,1,7,4,2,3,10,13,7,4,2,3,4,1,1,4,2,0,1,1,1,1,2,0,0,0,0,0,0,0,0],[2,4,6,2,0,1,4,6,2,9,2,9,1,1,10,24,80,5,4,6,0,0,0,1,0,3,3,13,2,0,3,0,3,0,-3,0,4,6,10,2,2,2,4,6,10,2,2,2,0,0,0,0,0,0,4,1,0,2,2,2,4,6,10,2,2,2,4,6,10,2,2,2,4,0,4,2,2,2,1,0,1,2,2,2,0,0,1,0,0,0,0,0],[2,4,7,2,0,1,4,7,3,8,3,8,1,1,11,28,144,0,4,7,0,1,1,0,1,8,8,1,7,1,6,1,3,3,0,3,4,7,11,3,3,2,4,7,0,3,3,2,0,1,1,1,1,0,4,2,1,3,3,2,4,7,11,3,3,2,4,7,11,3,3,2,4,1,5,3,3,2,1,1,2,0,0,2,0,0,0,0,0,0,0,1],[2,4,8,2,0,1,4,8,4,7,4,7,1,1,12,32,272,6,4,8,0,0,0,1,0,4,4,22,6,0,2,2,0,2,2,2,4,8,12,4,4,2,4,8,1,4,4,2,0,0,0,0,0,0,4,3,2,4,4,2,4,8,0,4,4,2,4,8,12,4,4,2,4,2,0,4,4,2,1,2,0,1,1,2,0,0,1,0,0,0,0,0],[2,4,9,2,0,1,4,9,5,6,5,6,1,1,13,36,528,1,4,9,0,1,1,0,1,3,3,21,6,0,2,1,0,2,2,2,4,9,13,5,5,2,4,9,2,5,5,2,0,1,1,1,1,0,4,4,3,0,0,2,4,9,1,5,5,2,4,9,13,5,5,2,4,3,1,5,5,2,1,0,1,2,2,2,0,0,0,1,0,0,0,0],[2,4,10,2,0,1,4,10,6,5,5,6,-1,-1,14,40,1040,7,10,4,0,0,0,1,0,3,3,16,6,0,2,1,2,0,-2,0,4,10,14,6,5,2,4,10,3,6,5,2,0,0,0,0,1,0,4,0,4,1,0,2,4,10,2,6,5,2,4,10,14,6,5,2,4,4,2,0,5,2,1,1,2,0,2,2,0,0,1,0,0,0,1,1],[2,5,7,2,0,1,5,7,2,9,2,9,1,1,12,35,160,6,5,7,1,1,3,1,0,3,3,13,2,0,3,0,3,0,-3,0,5,7,12,2,2,2,5,7,1,2,2,2,1,1,0,0,0,0,0,2,2,2,2,2,5,7,0,2,2,2,5,7,12,2,2,2,5,1,0,2,2,2,2,1,0,2,2,2,0,0,1,0,0,0,0,0],[2,5,8,2,0,1,5,8,3,8,3,8,1,1,13,40,288,1,5,8,1,0,2,0,1,8,8,1,7,1,6,1,3,3,0,3,5,8,13,3,3,2,5,8,2,3,3,2,1,0,1,1,1,0,0,3,3,3,3,2,5,8,1,3,3,2,5,8,13,3,3,2,5,2,1,3,3,2,2,2,1,0,0,2,0,0,0,0,0,0,0,1],[2,5,9,2,0,1,5,9,4,7,4,7,1,1,14,45,544,7,5,9,1,1,3,1,0,4,4,17,6,0,2,2,2,0,-2,0,5,9,14,4,4,2,5,9,3,4,4,2,1,1,0,0,0,0,0,4,4,4,4,2,5,9,2,4,4,2,5,9,14,4,4,2,5,3,2,4,4,2,2,0,2,1,1,2,0,0,1,0,0,0,0,0],[2,5,10,2,0,1,5,10,5,6,5,6,1,1,15,50,1056,2,5,10,1,0,2,0,1,3,3,16,6,0,2,1,2,0,-2,0,5,10,15,5,5,2,5,10,4,5,5,2,1,0,1,1,1,0,0,0,0,0,0,2,5,10,3,5,5,2,5,10,15,5,5,2,5,4,3,5,5,2,2,1,0,2,2,2,0,0,0,1,0,0,0,0],[2,6,8,2,0,1,6,8,2,9,2,9,1,1,14,48,320,7,6,8,0,0,0,1,0,3,3,13,2,0,3,0,3,0,-3,0,6,8,14,2,2,2,6,8,3,2,2,2,0,0,0,0,0,0,1,3,4,2,2,2,6,8,2,2,2,2,6,8,14,2,2,2,0,2,2,2,2,2,0,2,2,2,2,2,0,0,1,0,0,0,0,0],[2,6,9,2,0,1,6,9,3,8,3,8,1,1,15,54,576,2,6,9,0,1,1,0,1,8,8,1,7,1,6,1,3,3,0,3,6,9,15,3,3,2,6,9,4,3,3,2,0,1,1,1,1,0,1,4,0,3,3,2,6,9,3,3,3,2,6,9,15,3,3,2,0,3,3,3,3,2,0,0,0,0,0,2,0,0,0,0,0,0,0,1],[2,6,10,2,0,1,6,10,4,7,4,7,1,1,16,60,1088,8,6,10,0,0,0,1,0,4,4,22,6,0,2,2,0,2,2,2,6,10,16,4,4,2,6,10,5,4,4,2,0,0,0,0,0,0,1,0,1,4,4,2,6,10,4,4,4,2,6,10,16,4,4,2,0,4,4,4,4,2,0,1,1,1,1,2,0,0,1,0,0,0,0,0],[2,7,9,2,0,1,7,9,2,9,2,9,1,1,16,63,640,8,7,9,1,1,3,1,0,3,3,13,2,0,3,0,3,0,-3,0,7,9,16,2,2,2,7,9,5,2,2,2,1,1,0,0,0,0,2,4,1,2,2,2,7,9,4,2,2,2,7,9,16,2,2,2,1,3,4,2,2,2,1,0,1,2,2,2,0,0,1,0,0,0,0,0],[2,7,10,2,0,1,7,10,3,8,3,8,1,1,17,70,1152,3,7,10,1,0,2,0,1,8,8,1,7,1,6,1,3,3,0,3,7,10,17,3,3,2,7,10,6,3,3,2,1,0,1,1,1,0,2,0,2,3,3,2,7,10,5,3,3,2,7,10,17,3,3,2,1,4,5,3,3,2,1,1,2,0,0,2,0,0,0,0,0,0,0,1],[2,8,10,2,0,1,8,10,2,9,2,9,1,1,18,80,1280,9,8,10,0,0,0,1,0,3,3,13,2,0,3,0,3,0,-3,0,8,10,18,2,2,2,8,10,7,2,2,2,0,0,0,0,0,0,3,0,3,2,2,2,8,10,6,2,2,2,8,10,18,2,2,2,2,4,0,2,2,2,2,1,0,2,2,2,0,0,1,0,0,0,0,0],[3,0,2,3,1,-1,0,2,2,9,2,9,1,-1,2,0,5,1,0,2,0,0,0,1,1,1,1,24,1,1,0,0,0,0,0,0,0,2,2,2,2,3,0,2,2,2,2,3,0,0,0,0,0,1,0,2,2,2,2,3,0,2,2,2,2,3,0,2,2,2,2,3,0,2,2,2,2,3,0,2,2,2,2,0,0,0,1,0,0,0,0,0],[3,0,3,3,1,-1,0,3,3,8,3,8,1,-1,3,0,9,7,0,3,0,1,1,0,0,3,3,14,7,1,1,1,0,1,1,1,0,3,3,3,3,3,0,3,3,3,3,3,0,1,1,1,1,1,0,3,3,3,3,3,0,3,3,3,3,3,0,3,3,3,3,3,0,3,3,3,3,3,0,0,0,0,0,0,0,0,0,0,0,0,0,1],[3,0,4,3,1,-1,0,4,4,7,4,7,1,-1,4,0,17,2,0,4,0,0,0,1,1,3,3,6,7,1,1,1,1,0,-1,0,0,4,4,4,4,3,0,4,4,4,4,3,0,0,0,0,0,1,0,4,4,4,4,3,0,4,4,4,4,3,0,4,4,4,4,3,0,4,4,4,4,3,0,1,1,1,1,0,0,0,1,0,0,0,0,0],[3,0,5,3,1,-1,0,5,5,6,5,6,1,-1,5,0,33,8,0,5,0,1,1,0,0,3,3,6,7,1,1,1,1,0,-1,0,0,5,5,5,5,3,0,5,5,5,5,3,0,1,1,1,1,1,0,0,0,0,0,3,0,5,5,5,5,3,0,5,5,5,5,3,0,5,5,5,5,3,0,2,2,2,2,0,0,0,0,1,0,0,0,0],[3,0,6,3,1,-1,0,6,6,5,5,6,-1,1,6,0,65,3,6,0,0,0,0,1,1,3,3,6,7,1,1,1,1,0,-1,0,0,6,6,6,5,3,0,6,6,6,5,3,0,0,0,0,1,1,0,1,1,1,0,3,0,6,6,6,5,3,0,6,6,6,5,3,0,0,0,0,5,3,0,0,0,0,2,0,0,0,1,0,0,0,1,1],[3,0,7,3,1,-1,0,7,7,4,4,7,-1,1,7,0,129,9,7,0,0,1,1,0,0,3,3,6,7,1,1,1,1,0,-1,0,0,7,7,7,4,3,0,7,7,7,4,3,0,1,1,1,0,1,0,2,2,2,4,3,0,7,7,7,4,3,0,7,7,7,4,3,0,1,1,1,4,3,0,1,1,1,1,0,0,0,0,0,0,0,0,0],[3,0,8,3,1,-1,0,8,8,3,3,8,-1,1,8,0,257,4,8,0,0,0,0,1,1,8,8,3,6,0,6,2,3,3,0,3,0,8,8,8,3,3,0,8,8,8,3,3,0,0,0,0,1,1,0,3,3,3,3,3,0,8,8,8,3,3,0,8,8,8,3,3,0,2,2,2,3,3,0,2,2,2,0,0,0,0,1,0,0,0,0,0],[3,0,9,3,1,-1,0,9,9,2,2,9,-1,1,9,0,513,10,9,0,0,1,1,0,0,4,4,10,6,0,3,1,2,1,-1,1,0,9,9,9,2,3,0,9,9,9,2,3,0,1,1,1,0,1,0,4,4,4,2,3,0,9,9,9,2,3,0,9,9,9,2,3,0,3,3,3,2,3,0,0,0,0,2,0,0,0,0,0,0,0,0,1],[3,1,3,3,1,-1,1,3,2,9,2,9,1,-1,4,3,10,2,1,3,1,1,3,1,1,3,3,23,6,0,2,1,0,2,2,2,1,3,4,2,2,3,1,3,4,2,2,3,1,1,0,0,0,1,1,3,4,2,2,3,1,3,4,2,2,3,1,3,4,2,2,3,1,3,4,2,2,3,1,0,1,2,2,0,0,0,1,0,0,0,0,0],[3,1,4,3,1,-1,1,4,3,8,3,8,1,-1,5,4,18,8,1,4,1,0,2,0,0,9,9,2,7,1,6,2,3,3,0,3,1,4,5,3,3,3,1,4,5,3,3,3,1,0,1,1,1,1,1,4,0,3,3,3,1,4,5,3,3,3,1,4,5,3,3,3,1,4,5,3,3,3,1,1,2,0,0,0,0,0,0,0,0,0,0,1],[3,1,5,3,1,-1,1,5,4,7,4,7,1,-1,6,5,34,3,1,5,1,1,3,1,1,3,3,18,6,0,2,1,2,0,-2,0,1,5,6,4,4,3,1,5,6,4,4,3,1,1,0,0,0,1,1,0,1,4,4,3,1,5,6,4,4,3,1,5,6,4,4,3,1,5,0,4,4,3,1,2,0,1,1,0,0,0,1,0,0,0,0,0],[3,1,6,3,1,-1,1,6,5,6,5,6,1,-1,7,6,66,9,1,6,1,0,2,0,0,3,3,18,6,0,2,1,2,0,-2,0,1,6,7,5,5,3,1,6,7,5,5,3,1,0,1,1,1,1,1,1,2,0,0,3,1,6,7,5,5,3,1,6,7,5,5,3,1,0,1,5,5,3,1,0,1,2,2,0,0,0,0,1,0,0,0,0],[3,1,7,3,1,-1,1,7,6,5,5,6,-1,1,8,7,130,4,7,1,1,1,3,1,1,3,3,18,6,0,2,1,2,0,-2,0,1,7,8,6,5,3,1,7,8,6,5,3,1,1,0,0,1,1,1,2,3,1,0,3,1,7,8,6,5,3,1,7,8,6,5,3,1,1,2,0,5,3,1,1,2,0,2,0,0,0,1,0,0,0,1,1],[3,1,8,3,1,-1,1,8,7,4,4,7,-1,1,9,8,258,10,8,1,1,0,2,0,0,3,3,18,6,0,2,1,2,0,-2,0,1,8,9,7,4,3,1,8,9,7,4,3,1,0,1,1,0,1,1,3,4,2,4,3,1,8,9,7,4,3,1,8,9,7,4,3,1,2,3,1,4,3,1,2,0,1,1,0,0,0,0,0,0,0,0,0],[3,1,9,3,1,-1,1,9,8,3,3,8,-1,1,10,9,514,5,9,1,1,1,3,1,1,3,3,14,7,1,1,1,0,1,1,1,1,9,10,8,3,3,1,9,10,8,3,3,1,1,0,0,1,1,1,4,0,3,3,3,1,9,10,8,3,3,1,9,10,8,3,3,1,3,4,2,3,3,1,0,1,2,0,0,0,0,1,0,0,0,0,0],[3,1,10,3,1,-1,1,10,9,2,2,9,-1,1,11,10,1026,0,10,1,1,0,2,0,0,1,1,24,1,1,0,0,0,0,0,0,1,10,11,9,2,3,1,10,0,9,2,3,1,0,1,1,0,1,1,0,1,4,2,3,1,10,11,9,2,3,1,10,11,9,2,3,1,4,5,3,2,3,1,1,2,0,2,0,0,0,0,0,0,0,0,1],[3,2,4,3,1,-1,2,4,2,9,2,9,1,-1,6,8,20,3,2,4,0,0,0,1,1,3,3,23,6,0,2,1,0,2,2,2,2,4,6,2,2,3,2,4,6,2,2,3,0,0,0,0,0,1,2,4,1,2,2,3,2,4,6,2,2,3,2,4,6,2,2,3,2,4,0,2,2,3,2,1,0,2,2,0,0,0,1,0,0,0,0,0],[3,2,5,3,1,-1,2,5,3,8,3,8,1,-1,7,10,36,9,2,5,0,1,1,0,0,9,9,2,7,1,6,2,3,3,0,3,2,5,7,3,3,3,2,5,7,3,3,3,0,1,1,1,1,1,2,0,2,3,3,3,2,5,7,3,3,3,2,5,7,3,3,3,2,5,1,3,3,3,2,2,1,0,0,0,0,0,0,0,0,0,0,1],[3,2,6,3,1,-1,2,6,4,7,4,7,1,-1,8,12,68,4,2,6,0,0,0,1,1,3,3,18,6,0,2,1,2,0,-2,0,2,6,8,4,4,3,2,6,8,4,4,3,0,0,0,0,0,1,2,1,3,4,4,3,2,6,8,4,4,3,2,6,8,4,4,3,2,0,2,4,4,3,2,0,2,1,1,0,0,0,1,0,0,0,0,0],[3,2,7,3,1,-1,2,7,5,6,5,6,1,-1,9,14,132,10,2,7,0,1,1,0,0,3,3,18,6,0,2,1,2,0,-2,0,2,7,9,5,5,3,2,7,9,5,5,3,0,1,1,1,1,1,2,2,4,0,0,3,2,7,9,5,5,3,2,7,9,5,5,3,2,1,3,5,5,3,2,1,0,2,2,0,0,0,0,1,0,0,0,0],[3,2,8,3,1,-1,2,8,6,5,5,6,-1,1,10,16,260,5,8,2,0,0,0,1,1,3,3,18,6,0,2,1,2,0,-2,0,2,8,10,6,5,3,2,8,10,6,5,3,0,0,0,0,1,1,2,3,0,1,0,3,2,8,10,6,5,3,2,8,10,6,5,3,2,2,4,0,5,3,2,2,1,0,2,0,0,0,1,0,0,0,1,1],[3,2,9,3,1,-1,2,9,7,4,4,7,-1,1,11,18,516,0,9,2,0,1,1,0,0,4,4,19,6,0,2,2,2,0,-2,0,2,9,11,7,4,3,2,9,0,7,4,3,0,1,1,1,0,1,2,4,1,2,4,3,2,9,11,7,4,3,2,9,11,7,4,3,2,3,5,1,4,3,2,0,2,1,1,0,0,0,0,0,0,0,0,0],[3,2,10,3,1,-1,2,10,8,3,3,8,-1,1,12,20,1028,6,10,2,0,0,0,1,1,3,3,14,7,1,1,1,0,1,1,1,2,10,12,8,3,3,2,10,1,8,3,3,0,0,0,0,1,1,2,0,2,3,3,3,2,10,0,8,3,3,2,10,12,8,3,3,2,4,0,2,3,3,2,1,0,2,0,0,0,0,1,0,0,0,0,0],[3,3,5,3,1,-1,3,5,2,9,2,9,1,-1,8,15,40,4,3,5,1,1,3,1,1,3,3,18,6,0,2,1,2,0,-2,0,3,5,8,2,2,3,3,5,8,2,2,3,1,1,0,0,0,1,3,0,3,2,2,3,3,5,8,2,2,3,3,5,8,2,2,3,3,5,2,2,2,3,0,2,2,2,2,0,0,0,1,0,0,0,0,0],[3,3,6,3,1,-1,3,6,3,8,3,8,1,-1,9,18,72,10,3,6,1,0,2,0,0,8,8,5,7,1,5,2,3,2,-1,2,3,6,9,3,3,3,3,6,9,3,3,3,1,0,1,1,1,1,3,1,4,3,3,3,3,6,9,3,3,3,3,6,9,3,3,3,3,0,3,3,3,3,0,0,0,0,0,0,0,0,0,0,0,0,0,1],[3,3,7,3,1,-1,3,7,4,7,4,7,1,-1,10,21,136,5,3,7,1,1,3,1,1,3,3,23,6,0,2,1,0,2,2,2,3,7,10,4,4,3,3,7,10,4,4,3,1,1,0,0,0,1,3,2,0,4,4,3,3,7,10,4,4,3,3,7,10,4,4,3,3,1,4,4,4,3,0,1,1,1,1,0,0,0,1,0,0,0,0,0],[3,3,8,3,1,-1,3,8,5,6,5,6,1,-1,11,24,264,0,3,8,1,0,2,0,0,3,3,23,6,0,2,1,0,2,2,2,3,8,11,5,5,3,3,8,0,5,5,3,1,0,1,1,1,1,3,3,1,0,0,3,3,8,11,5,5,3,3,8,11,5,5,3,3,2,5,5,5,3,0,2,2,2,2,0,0,0,0,1,0,0,0,0],[3,3,9,3,1,-1,3,9,6,5,5,6,-1,1,12,27,520,6,9,3,1,1,3,1,1,3,3,23,6,0,2,1,0,2,2,2,3,9,12,6,5,3,3,9,1,6,5,3,1,1,0,0,1,1,3,4,2,1,0,3,3,9,0,6,5,3,3,9,12,6,5,3,3,3,0,0,5,3,0,0,0,0,2,0,0,0,1,0,0,0,1,1],[3,3,10,3,1,-1,3,10,7,4,4,7,-1,1,13,30,1032,1,10,3,1,0,2,0,0,4,4,19,6,0,2,2,2,0,-2,0,3,10,13,7,4,3,3,10,2,7,4,3,1,0,1,1,0,1,3,0,3,2,4,3,3,10,1,7,4,3,3,10,13,7,4,3,3,4,1,1,4,3,0,1,1,1,1,0,0,0,0,0,0,0,0,0],[3,4,6,3,1,-1,4,6,2,9,2,9,1,-1,10,24,80,5,4,6,0,0,0,1,1,3,3,18,6,0,2,1,2,0,-2,0,4,6,10,2,2,3,4,6,10,2,2,3,0,0,0,0,0,1,4,1,0,2,2,3,4,6,10,2,2,3,4,6,10,2,2,3,4,0,4,2,2,3,1,0,1,2,2,0,0,0,1,0,0,0,0,0],[3,4,7,3,1,-1,4,7,3,8,3,8,1,-1,11,28,144,0,4,7,0,1,1,0,0,8,8,5,7,1,5,2,3,2,-1,2,4,7,11,3,3,3,4,7,0,3,3,3,0,1,1,1,1,1,4,2,1,3,3,3,4,7,11,3,3,3,4,7,11,3,3,3,4,1,5,3,3,3,1,1,2,0,0,0,0,0,0,0,0,0,0,1],[3,4,8,3,1,-1,4,8,4,7,4,7,1,-1,12,32,272,6,4,8,0,0,0,1,1,3,3,23,6,0,2,1,0,2,2,2,4,8,12,4,4,3,4,8,1,4,4,3,0,0,0,0,0,1,4,3,2,4,4,3,4,8,0,4,4,3,4,8,12,4,4,3,4,2,0,4,4,3,1,2,0,1,1,0,0,0,1,0,0,0,0,0],[3,4,9,3,1,-1,4,9,5,6,5,6,1,-1,13,36,528,1,4,9,0,1,1,0,0,3,3,23,6,0,2,1,0,2,2,2,4,9,13,5,5,3,4,9,2,5,5,3,0,1,1,1,1,1,4,4,3,0,0,3,4,9,1,5,5,3,4,9,13,5,5,3,4,3,1,5,5,3,1,0,1,2,2,0,0,0,0,1,0,0,0,0],[3,4,10,3,1,-1,4,10,6,5,5,6,-1,1,14,40,1040,7,10,4,0,0,0,1,1,3,3,18,6,0,2,1,2,0,-2,0,4,10,14,6,5,3,4,10,3,6,5,3,0,0,0,0,1,1,4,0,4,1,0,3,4,10,2,6,5,3,4,10,14,6,5,3,4,4,2,0,5,3,1,1,2,0,2,0,0,0,1,0,0,0,1,1],[3,5,7,3,1,-1,5,7,2,9,2,9,1,-1,12,35,160,6,5,7,1,1,3,1,1,3,3,18,6,0,2,1,2,0,-2,0,5,7,12,2,2,3,5,7,1,2,2,3,1,1,0,0,0,1,0,2,2,2,2,3,5,7,0,2,2,3,5,7,12,2,2,3,5,1,0,2,2,3,2,1,0,2,2,0,0,0,1,0,0,0,0,0],[3,5,8,3,1,-1,5,8,3,8,3,8,1,-1,13,40,288,1,5,8,1,0,2,0,0,8,8,5,7,1,5,2,3,2,-1,2,5,8,13,3,3,3,5,8,2,3,3,3,1,0,1,1,1,1,0,3,3,3,3,3,5,8,1,3,3,3,5,8,13,3,3,3,5,2,1,3,3,3,2,2,1,0,0,0,0,0,0,0,0,0,0,1],[3,5,9,3,1,-1,5,9,4,7,4,7,1,-1,14,45,544,7,5,9,1,1,3,1,1,3,3,23,6,0,2,1,0,2,2,2,5,9,14,4,4,3,5,9,3,4,4,3,1,1,0,0,0,1,0,4,4,4,4,3,5,9,2,4,4,3,5,9,14,4,4,3,5,3,2,4,4,3,2,0,2,1,1,0,0,0,1,0,0,0,0,0],[3,5,10,3,1,-1,5,10,5,6,5,6,1,-1,15,50,1056,2,5,10,1,0,2,0,0,3,3,18,6,0,2,1,2,0,-2,0,5,10,15,5,5,3,5,10,4,5,5,3,1,0,1,1,1,1,0,0,0,0,0,3,5,10,3,5,5,3,5,10,15,5,5,3,5,4,3,5,5,3,2,1,0,2,2,0,0,0,0,1,0,0,0,0],[3,6,8,3,1,-1,6,8,2,9,2,9,1,-1,14,48,320,7,6,8,0,0,0,1,1,3,3,18,6,0,2,1,2,0,-2,0,6,8,14,2,2,3,6,8,3,2,2,3,0,0,0,0,0,1,1,3,4,2,2,3,6,8,2,2,2,3,6,8,14,2,2,3,0,2,2,2,2,3,0,2,2,2,2,0,0,0,1,0,0,0,0,0],[3,6,9,3,1,-1,6,9,3,8,3,8,1,-1,15,54,576,2,6,9,0,1,1,0,0,9,9,4,7,1,6,2,3,3,0,3,6,9,15,3,3,3,6,9,4,3,3,3,0,1,1,1,1,1,1,4,0,3,3,3,6,9,3,3,3,3,6,9,15,3,3,3,0,3,3,3,3,3,0,0,0,0,0,0,0,0,0,0,0,0,0,1],[3,6,10,3,1,-1,6,10,4,7,4,7,1,-1,16,60,1088,8,6,10,0,0,0,1,1,4,4,11,6,0,3,1,2,1,-1,1,6,10,16,4,4,3,6,10,5,4,4,3,0,0,0,0,0,1,1,0,1,4,4,3,6,10,4,4,4,3,6,10,16,4,4,3,0,4,4,4,4,3,0,1,1,1,1,0,0,0,1,0,0,0,0,0],[3,7,9,3,1,-1,7,9,2,9,2,9,1,-1,16,63,640,8,7,9,1,1,3,1,1,4,4,19,6,0,2,2,2,0,-2,0,7,9,16,2,2,3,7,9,5,2,2,3,1,1,0,0,0,1,2,4,1,2,2,3,7,9,4,2,2,3,7,9,16,2,2,3,1,3,4,2,2,3,1,0,1,2,2,0,0,0,1,0,0,0,0,0],[3,7,10,3,1,-1,7,10,3,8,3,8,1,-1,17,70,1152,3,7,10,1,0,2,0,0,9,9,8,7,1,6,2,2,4,2,4,7,10,17,3,3,3,7,10,6,3,3,3,1,0,1,1,1,1,2,0,2,3,3,3,7,10,5,3,3,3,7,10,17,3,3,3,1,4,5,3,3,3,1,1,2,0,0,0,0,0,0,0,0,0,0,1],[3,8,10,3,1,-1,8,10,2,9,2,9,1,-1,18,80,1280,9,8,10,0,0,0,1,1,3,3,20,6,0,2,1,2,0,-2,0,8,10,18,2,2,3,8,10,7,2,2,3,0,0,0,0,0,1,3,0,3,2,2,3,8,10,6,2,2,3,8,10,18,2,2,3,2,4,0,2,2,3,2,1,0,2,2,0,0,0,1,0,0,0,0,0]]
PASS C_all_single_and_bounded_pair_discrimination_tests
DATA C_TEST_BOUNDS {"candidates_tested":365,"clean_separator_count":103,"margin_definition":"minimum L1 distance between resolved class values","near_definition":"minimum one resolved-row removal makes value sets disjoint","near_separator_count":143,"pair_feature_basis":["epoch","epoch_parity","epoch_direction","left","right","clockwise_gap","counterclockwise_gap","ring_separation","short_orientation","direction_short_alignment","position_sum","position_product","occupancy_mask","chord_midpoint_mod11","parity_code","same_position_parity","epoch_sum_parity","initial_residual_weight","support_signature_id","support_kind_mask","support_source_count","support_bank_count","support_link_count","support_bank_imbalance"],"pairs_tested":276,"single_features_tested":89,"zero_overlap_definition":"resolved transient-value set disjoint from resolved cycle-value set"}
DATA C_CLEAN_SEPARATOR {"dimension":2,"f":["direction_short_alignment","epoch_sum_parity"],"margin_L1":1,"open_classified":162,"open_implication_counts":{"CYCLE":120,"TRANSIENT":42,"UNSEEN":0},"remove_to_clean":[],"violations_to_clean":0}
DATA C_CLEAN_SEPARATOR {"dimension":2,"f":["right","support_source_count"],"margin_L1":1,"open_classified":118,"open_implication_counts":{"CYCLE":83,"TRANSIENT":35,"UNSEEN":44},"remove_to_clean":[],"violations_to_clean":0}
DATA C_CLEAN_SEPARATOR {"dimension":2,"f":["direction_short_alignment","parity_code"],"margin_L1":1,"open_classified":114,"open_implication_counts":{"CYCLE":76,"TRANSIENT":38,"UNSEEN":48},"remove_to_clean":[],"violations_to_clean":0}
DATA C_CLEAN_SEPARATOR {"dimension":2,"f":["direction_short_alignment","same_position_parity"],"margin_L1":1,"open_classified":114,"open_implication_counts":{"CYCLE":76,"TRANSIENT":38,"UNSEEN":48},"remove_to_clean":[],"violations_to_clean":0}
DATA C_CLEAN_SEPARATOR {"dimension":2,"f":["short_orientation","chord_midpoint_mod11"],"margin_L1":1,"open_classified":110,"open_implication_counts":{"CYCLE":100,"TRANSIENT":10,"UNSEEN":52},"remove_to_clean":[],"violations_to_clean":0}
DATA C_CLEAN_SEPARATOR {"dimension":2,"f":["short_orientation","epoch_sum_parity"],"margin_L1":1,"open_classified":102,"open_implication_counts":{"CYCLE":76,"TRANSIENT":26,"UNSEEN":60},"remove_to_clean":[],"violations_to_clean":0}
DATA C_CLEAN_SEPARATOR {"dimension":2,"f":["ring_separation","direction_short_alignment"],"margin_L1":1,"open_classified":96,"open_implication_counts":{"CYCLE":54,"TRANSIENT":42,"UNSEEN":66},"remove_to_clean":[],"violations_to_clean":0}
DATA C_CLEAN_SEPARATOR {"dimension":2,"f":["ring_separation","epoch_sum_parity"],"margin_L1":1,"open_classified":96,"open_implication_counts":{"CYCLE":54,"TRANSIENT":42,"UNSEEN":66},"remove_to_clean":[],"violations_to_clean":0}
DATA C_CLEAN_SEPARATOR {"dimension":2,"f":["chord_midpoint_mod11","support_source_count"],"margin_L1":1,"open_classified":93,"open_implication_counts":{"CYCLE":72,"TRANSIENT":21,"UNSEEN":69},"remove_to_clean":[],"violations_to_clean":0}
DATA C_CLEAN_SEPARATOR {"dimension":2,"f":["direction_short_alignment","chord_midpoint_mod11"],"margin_L1":2,"open_classified":90,"open_implication_counts":{"CYCLE":76,"TRANSIENT":14,"UNSEEN":72},"remove_to_clean":[],"violations_to_clean":0}
DATA C_CLEAN_SEPARATOR {"dimension":2,"f":["short_orientation","position_sum"],"margin_L1":1,"open_classified":86,"open_implication_counts":{"CYCLE":76,"TRANSIENT":10,"UNSEEN":76},"remove_to_clean":[],"violations_to_clean":0}
DATA C_CLEAN_SEPARATOR {"dimension":2,"f":["position_sum","support_source_count"],"margin_L1":1,"open_classified":78,"open_implication_counts":{"CYCLE":59,"TRANSIENT":19,"UNSEEN":84},"remove_to_clean":[],"violations_to_clean":0}
DATA C_CLEAN_SEPARATOR {"dimension":2,"f":["epoch_direction","ring_separation"],"margin_L1":1,"open_classified":74,"open_implication_counts":{"CYCLE":32,"TRANSIENT":42,"UNSEEN":88},"remove_to_clean":[],"violations_to_clean":0}
DATA C_CLEAN_SEPARATOR {"dimension":2,"f":["epoch_parity","ring_separation"],"margin_L1":1,"open_classified":74,"open_implication_counts":{"CYCLE":32,"TRANSIENT":42,"UNSEEN":88},"remove_to_clean":[],"violations_to_clean":0}
DATA C_CLEAN_SEPARATOR {"dimension":2,"f":["direction_short_alignment","position_sum"],"margin_L1":1,"open_classified":72,"open_implication_counts":{"CYCLE":60,"TRANSIENT":12,"UNSEEN":90},"remove_to_clean":[],"violations_to_clean":0}
DATA C_CLEAN_SEPARATOR {"dimension":2,"f":["right","support_kind_mask"],"margin_L1":1,"open_classified":58,"open_implication_counts":{"CYCLE":40,"TRANSIENT":18,"UNSEEN":104},"remove_to_clean":[],"violations_to_clean":0}
DATA C_CLEAN_SEPARATOR {"dimension":2,"f":["left","ring_separation"],"margin_L1":1,"open_classified":54,"open_implication_counts":{"CYCLE":40,"TRANSIENT":14,"UNSEEN":108},"remove_to_clean":[],"violations_to_clean":0}
DATA C_CLEAN_SEPARATOR {"dimension":2,"f":["right","ring_separation"],"margin_L1":1,"open_classified":54,"open_implication_counts":{"CYCLE":40,"TRANSIENT":14,"UNSEEN":108},"remove_to_clean":[],"violations_to_clean":0}
DATA C_CLEAN_SEPARATOR {"dimension":2,"f":["chord_midpoint_mod11","support_kind_mask"],"margin_L1":1,"open_classified":50,"open_implication_counts":{"CYCLE":40,"TRANSIENT":10,"UNSEEN":112},"remove_to_clean":[],"violations_to_clean":0}
DATA C_CLEAN_SEPARATOR {"dimension":2,"f":["ring_separation","position_product"],"margin_L1":1,"open_classified":50,"open_implication_counts":{"CYCLE":40,"TRANSIENT":10,"UNSEEN":112},"remove_to_clean":[],"violations_to_clean":0}
DATA C_CLEAN_SEPARATOR {"dimension":2,"f":["right","support_bank_count"],"margin_L1":1,"open_classified":49,"open_implication_counts":{"CYCLE":33,"TRANSIENT":16,"UNSEEN":113},"remove_to_clean":[],"violations_to_clean":0}
DATA C_CLEAN_SEPARATOR {"dimension":2,"f":["clockwise_gap","parity_code"],"margin_L1":1,"open_classified":46,"open_implication_counts":{"CYCLE":36,"TRANSIENT":10,"UNSEEN":116},"remove_to_clean":[],"violations_to_clean":0}
DATA C_CLEAN_SEPARATOR {"dimension":2,"f":["counterclockwise_gap","parity_code"],"margin_L1":1,"open_classified":46,"open_implication_counts":{"CYCLE":36,"TRANSIENT":10,"UNSEEN":116},"remove_to_clean":[],"violations_to_clean":0}
DATA C_CLEAN_SEPARATOR {"dimension":2,"f":["right","support_bank_imbalance"],"margin_L1":1,"open_classified":46,"open_implication_counts":{"CYCLE":26,"TRANSIENT":20,"UNSEEN":116},"remove_to_clean":[],"violations_to_clean":0}
DATA C_CLEAN_SEPARATOR {"dimension":2,"f":["ring_separation","parity_code"],"margin_L1":1,"open_classified":46,"open_implication_counts":{"CYCLE":36,"TRANSIENT":10,"UNSEEN":116},"remove_to_clean":[],"violations_to_clean":0}
DATA C_CLEAN_SEPARATOR {"dimension":2,"f":["position_sum","support_kind_mask"],"margin_L1":1,"open_classified":45,"open_implication_counts":{"CYCLE":35,"TRANSIENT":10,"UNSEEN":117},"remove_to_clean":[],"violations_to_clean":0}
DATA C_CLEAN_SEPARATOR {"dimension":2,"f":["ring_separation","initial_residual_weight"],"margin_L1":1,"open_classified":44,"open_implication_counts":{"CYCLE":12,"TRANSIENT":32,"UNSEEN":118},"remove_to_clean":[],"violations_to_clean":0}
DATA C_CLEAN_SEPARATOR {"dimension":1,"f":["occupancy_mask"],"margin_L1":1,"open_classified":42,"open_implication_counts":{"CYCLE":36,"TRANSIENT":6,"UNSEEN":120},"remove_to_clean":[],"violations_to_clean":0}
DATA C_CLEAN_SEPARATOR {"dimension":2,"f":["position_product","occupancy_mask"],"margin_L1":8,"open_classified":42,"open_implication_counts":{"CYCLE":36,"TRANSIENT":6,"UNSEEN":120},"remove_to_clean":[],"violations_to_clean":0}
DATA C_CLEAN_SEPARATOR {"dimension":2,"f":["occupancy_mask","chord_midpoint_mod11"],"margin_L1":4,"open_classified":42,"open_implication_counts":{"CYCLE":36,"TRANSIENT":6,"UNSEEN":120},"remove_to_clean":[],"violations_to_clean":0}
DATA C_CLEAN_SEPARATOR {"dimension":2,"f":["occupancy_mask","parity_code"],"margin_L1":3,"open_classified":42,"open_implication_counts":{"CYCLE":36,"TRANSIENT":6,"UNSEEN":120},"remove_to_clean":[],"violations_to_clean":0}
DATA C_CLEAN_SEPARATOR {"dimension":2,"f":["clockwise_gap","chord_midpoint_mod11"],"margin_L1":2,"open_classified":42,"open_implication_counts":{"CYCLE":36,"TRANSIENT":6,"UNSEEN":120},"remove_to_clean":[],"violations_to_clean":0}
DATA C_CLEAN_SEPARATOR {"dimension":2,"f":["clockwise_gap","occupancy_mask"],"margin_L1":2,"open_classified":42,"open_implication_counts":{"CYCLE":36,"TRANSIENT":6,"UNSEEN":120},"remove_to_clean":[],"violations_to_clean":0}
DATA C_CLEAN_SEPARATOR {"dimension":2,"f":["clockwise_gap","position_sum"],"margin_L1":2,"open_classified":42,"open_implication_counts":{"CYCLE":36,"TRANSIENT":6,"UNSEEN":120},"remove_to_clean":[],"violations_to_clean":0}
DATA C_CLEAN_SEPARATOR {"dimension":2,"f":["counterclockwise_gap","chord_midpoint_mod11"],"margin_L1":2,"open_classified":42,"open_implication_counts":{"CYCLE":36,"TRANSIENT":6,"UNSEEN":120},"remove_to_clean":[],"violations_to_clean":0}
DATA C_CLEAN_SEPARATOR {"dimension":2,"f":["counterclockwise_gap","occupancy_mask"],"margin_L1":2,"open_classified":42,"open_implication_counts":{"CYCLE":36,"TRANSIENT":6,"UNSEEN":120},"remove_to_clean":[],"violations_to_clean":0}
DATA C_CLEAN_SEPARATOR {"dimension":2,"f":["counterclockwise_gap","position_sum"],"margin_L1":2,"open_classified":42,"open_implication_counts":{"CYCLE":36,"TRANSIENT":6,"UNSEEN":120},"remove_to_clean":[],"violations_to_clean":0}
DATA C_CLEAN_SEPARATOR {"dimension":2,"f":["left","occupancy_mask"],"margin_L1":2,"open_classified":42,"open_implication_counts":{"CYCLE":36,"TRANSIENT":6,"UNSEEN":120},"remove_to_clean":[],"violations_to_clean":0}
DATA C_CLEAN_SEPARATOR {"dimension":2,"f":["occupancy_mask","same_position_parity"],"margin_L1":2,"open_classified":42,"open_implication_counts":{"CYCLE":36,"TRANSIENT":6,"UNSEEN":120},"remove_to_clean":[],"violations_to_clean":0}
DATA C_CLEAN_SEPARATOR {"dimension":2,"f":["position_sum","occupancy_mask"],"margin_L1":2,"open_classified":42,"open_implication_counts":{"CYCLE":36,"TRANSIENT":6,"UNSEEN":120},"remove_to_clean":[],"violations_to_clean":0}
DATA C_CLEAN_SEPARATOR {"dimension":2,"f":["ring_separation","occupancy_mask"],"margin_L1":2,"open_classified":42,"open_implication_counts":{"CYCLE":36,"TRANSIENT":6,"UNSEEN":120},"remove_to_clean":[],"violations_to_clean":0}
DATA C_CLEAN_SEPARATOR {"dimension":2,"f":["clockwise_gap","position_product"],"margin_L1":1,"open_classified":42,"open_implication_counts":{"CYCLE":36,"TRANSIENT":6,"UNSEEN":120},"remove_to_clean":[],"violations_to_clean":0}
DATA C_CLEAN_SEPARATOR {"dimension":2,"f":["counterclockwise_gap","position_product"],"margin_L1":1,"open_classified":42,"open_implication_counts":{"CYCLE":36,"TRANSIENT":6,"UNSEEN":120},"remove_to_clean":[],"violations_to_clean":0}
DATA C_CLEAN_SEPARATOR {"dimension":2,"f":["left","chord_midpoint_mod11"],"margin_L1":1,"open_classified":42,"open_implication_counts":{"CYCLE":36,"TRANSIENT":6,"UNSEEN":120},"remove_to_clean":[],"violations_to_clean":0}
DATA C_CLEAN_SEPARATOR {"dimension":2,"f":["left","clockwise_gap"],"margin_L1":1,"open_classified":42,"open_implication_counts":{"CYCLE":36,"TRANSIENT":6,"UNSEEN":120},"remove_to_clean":[],"violations_to_clean":0}
DATA C_CLEAN_SEPARATOR {"dimension":2,"f":["left","counterclockwise_gap"],"margin_L1":1,"open_classified":42,"open_implication_counts":{"CYCLE":36,"TRANSIENT":6,"UNSEEN":120},"remove_to_clean":[],"violations_to_clean":0}
DATA C_CLEAN_SEPARATOR {"dimension":2,"f":["left","position_sum"],"margin_L1":1,"open_classified":42,"open_implication_counts":{"CYCLE":36,"TRANSIENT":6,"UNSEEN":120},"remove_to_clean":[],"violations_to_clean":0}
DATA C_CLEAN_SEPARATOR {"dimension":2,"f":["left","right"],"margin_L1":1,"open_classified":42,"open_implication_counts":{"CYCLE":36,"TRANSIENT":6,"UNSEEN":120},"remove_to_clean":[],"violations_to_clean":0}
DATA C_CLEAN_SEPARATOR {"dimension":2,"f":["position_product","chord_midpoint_mod11"],"margin_L1":1,"open_classified":42,"open_implication_counts":{"CYCLE":36,"TRANSIENT":6,"UNSEEN":120},"remove_to_clean":[],"violations_to_clean":0}
DATA C_CLEAN_SEPARATOR {"dimension":2,"f":["position_sum","position_product"],"margin_L1":1,"open_classified":42,"open_implication_counts":{"CYCLE":36,"TRANSIENT":6,"UNSEEN":120},"remove_to_clean":[],"violations_to_clean":0}
DATA C_CLEAN_SEPARATOR {"dimension":2,"f":["right","chord_midpoint_mod11"],"margin_L1":1,"open_classified":42,"open_implication_counts":{"CYCLE":36,"TRANSIENT":6,"UNSEEN":120},"remove_to_clean":[],"violations_to_clean":0}
DATA C_CLEAN_SEPARATOR {"dimension":2,"f":["right","clockwise_gap"],"margin_L1":1,"open_classified":42,"open_implication_counts":{"CYCLE":36,"TRANSIENT":6,"UNSEEN":120},"remove_to_clean":[],"violations_to_clean":0}
DATA C_CLEAN_SEPARATOR {"dimension":2,"f":["right","counterclockwise_gap"],"margin_L1":1,"open_classified":42,"open_implication_counts":{"CYCLE":36,"TRANSIENT":6,"UNSEEN":120},"remove_to_clean":[],"violations_to_clean":0}
DATA C_CLEAN_SEPARATOR {"dimension":2,"f":["right","occupancy_mask"],"margin_L1":1,"open_classified":42,"open_implication_counts":{"CYCLE":36,"TRANSIENT":6,"UNSEEN":120},"remove_to_clean":[],"violations_to_clean":0}
DATA C_CLEAN_SEPARATOR {"dimension":2,"f":["right","position_product"],"margin_L1":1,"open_classified":42,"open_implication_counts":{"CYCLE":36,"TRANSIENT":6,"UNSEEN":120},"remove_to_clean":[],"violations_to_clean":0}
DATA C_CLEAN_SEPARATOR {"dimension":2,"f":["right","position_sum"],"margin_L1":1,"open_classified":42,"open_implication_counts":{"CYCLE":36,"TRANSIENT":6,"UNSEEN":120},"remove_to_clean":[],"violations_to_clean":0}
DATA C_CLEAN_SEPARATOR {"dimension":2,"f":["ring_separation","chord_midpoint_mod11"],"margin_L1":1,"open_classified":42,"open_implication_counts":{"CYCLE":36,"TRANSIENT":6,"UNSEEN":120},"remove_to_clean":[],"violations_to_clean":0}
DATA C_CLEAN_SEPARATOR {"dimension":2,"f":["ring_separation","position_sum"],"margin_L1":1,"open_classified":42,"open_implication_counts":{"CYCLE":36,"TRANSIENT":6,"UNSEEN":120},"remove_to_clean":[],"violations_to_clean":0}
DATA C_CLEAN_SEPARATOR {"dimension":2,"f":["short_orientation","occupancy_mask"],"margin_L1":1,"open_classified":42,"open_implication_counts":{"CYCLE":36,"TRANSIENT":6,"UNSEEN":120},"remove_to_clean":[],"violations_to_clean":0}
DATA C_CLEAN_SEPARATOR {"dimension":2,"f":["ring_separation","support_bank_imbalance"],"margin_L1":1,"open_classified":41,"open_implication_counts":{"CYCLE":12,"TRANSIENT":29,"UNSEEN":121},"remove_to_clean":[],"violations_to_clean":0}
DATA C_CLEAN_SEPARATOR {"dimension":2,"f":["chord_midpoint_mod11","support_bank_count"],"margin_L1":1,"open_classified":40,"open_implication_counts":{"CYCLE":32,"TRANSIENT":8,"UNSEEN":122},"remove_to_clean":[],"violations_to_clean":0}
DATA C_CLEAN_SEPARATOR {"dimension":2,"f":["chord_midpoint_mod11","support_bank_imbalance"],"margin_L1":1,"open_classified":37,"open_implication_counts":{"CYCLE":26,"TRANSIENT":11,"UNSEEN":125},"remove_to_clean":[],"violations_to_clean":0}
DATA C_CLEAN_SEPARATOR {"dimension":2,"f":["position_sum","support_bank_count"],"margin_L1":1,"open_classified":37,"open_implication_counts":{"CYCLE":29,"TRANSIENT":8,"UNSEEN":125},"remove_to_clean":[],"violations_to_clean":0}
DATA C_CLEAN_SEPARATOR {"dimension":2,"f":["ring_separation","support_bank_count"],"margin_L1":1,"open_classified":36,"open_implication_counts":{"CYCLE":11,"TRANSIENT":25,"UNSEEN":126},"remove_to_clean":[],"violations_to_clean":0}
DATA C_CLEAN_SEPARATOR {"dimension":2,"f":["ring_separation","support_kind_mask"],"margin_L1":1,"open_classified":36,"open_implication_counts":{"CYCLE":11,"TRANSIENT":25,"UNSEEN":126},"remove_to_clean":[],"violations_to_clean":0}
DATA C_CLEAN_SEPARATOR {"dimension":2,"f":["position_sum","support_bank_imbalance"],"margin_L1":1,"open_classified":34,"open_implication_counts":{"CYCLE":23,"TRANSIENT":11,"UNSEEN":128},"remove_to_clean":[],"violations_to_clean":0}
DATA C_CLEAN_SEPARATOR {"dimension":2,"f":["epoch","ring_separation"],"margin_L1":1,"open_classified":30,"open_implication_counts":{"CYCLE":10,"TRANSIENT":20,"UNSEEN":132},"remove_to_clean":[],"violations_to_clean":0}
DATA C_CLEAN_SEPARATOR {"dimension":2,"f":["ring_separation","support_signature_id"],"margin_L1":1,"open_classified":27,"open_implication_counts":{"CYCLE":2,"TRANSIENT":25,"UNSEEN":135},"remove_to_clean":[],"violations_to_clean":0}
DATA C_CLEAN_SEPARATOR {"dimension":2,"f":["right","support_signature_id"],"margin_L1":1,"open_classified":25,"open_implication_counts":{"CYCLE":9,"TRANSIENT":16,"UNSEEN":137},"remove_to_clean":[],"violations_to_clean":0}
DATA C_CLEAN_SEPARATOR {"dimension":2,"f":["clockwise_gap","direction_short_alignment"],"margin_L1":1,"open_classified":24,"open_implication_counts":{"CYCLE":14,"TRANSIENT":10,"UNSEEN":138},"remove_to_clean":[],"violations_to_clean":0}
DATA C_CLEAN_SEPARATOR {"dimension":2,"f":["clockwise_gap","epoch_sum_parity"],"margin_L1":1,"open_classified":24,"open_implication_counts":{"CYCLE":14,"TRANSIENT":10,"UNSEEN":138},"remove_to_clean":[],"violations_to_clean":0}
DATA C_CLEAN_SEPARATOR {"dimension":2,"f":["counterclockwise_gap","direction_short_alignment"],"margin_L1":1,"open_classified":24,"open_implication_counts":{"CYCLE":14,"TRANSIENT":10,"UNSEEN":138},"remove_to_clean":[],"violations_to_clean":0}
DATA C_CLEAN_SEPARATOR {"dimension":2,"f":["counterclockwise_gap","epoch_sum_parity"],"margin_L1":1,"open_classified":24,"open_implication_counts":{"CYCLE":14,"TRANSIENT":10,"UNSEEN":138},"remove_to_clean":[],"violations_to_clean":0}
DATA C_CLEAN_SEPARATOR {"dimension":2,"f":["epoch_direction","clockwise_gap"],"margin_L1":1,"open_classified":24,"open_implication_counts":{"CYCLE":14,"TRANSIENT":10,"UNSEEN":138},"remove_to_clean":[],"violations_to_clean":0}
DATA C_CLEAN_SEPARATOR {"dimension":2,"f":["epoch_direction","counterclockwise_gap"],"margin_L1":1,"open_classified":24,"open_implication_counts":{"CYCLE":14,"TRANSIENT":10,"UNSEEN":138},"remove_to_clean":[],"violations_to_clean":0}
DATA C_CLEAN_SEPARATOR {"dimension":2,"f":["epoch_parity","clockwise_gap"],"margin_L1":1,"open_classified":24,"open_implication_counts":{"CYCLE":14,"TRANSIENT":10,"UNSEEN":138},"remove_to_clean":[],"violations_to_clean":0}
DATA C_CLEAN_SEPARATOR {"dimension":2,"f":["epoch_parity","counterclockwise_gap"],"margin_L1":1,"open_classified":24,"open_implication_counts":{"CYCLE":14,"TRANSIENT":10,"UNSEEN":138},"remove_to_clean":[],"violations_to_clean":0}
DATA C_CLEAN_SEPARATOR {"dimension":2,"f":["occupancy_mask","support_source_count"],"margin_L1":2,"open_classified":22,"open_implication_counts":{"CYCLE":17,"TRANSIENT":5,"UNSEEN":140},"remove_to_clean":[],"violations_to_clean":0}
DATA C_CLEAN_SEPARATOR {"dimension":2,"f":["clockwise_gap","support_bank_imbalance"],"margin_L1":1,"open_classified":18,"open_implication_counts":{"CYCLE":12,"TRANSIENT":6,"UNSEEN":144},"remove_to_clean":[],"violations_to_clean":0}
DATA C_CLEAN_SEPARATOR {"dimension":2,"f":["counterclockwise_gap","support_bank_imbalance"],"margin_L1":1,"open_classified":18,"open_implication_counts":{"CYCLE":12,"TRANSIENT":6,"UNSEEN":144},"remove_to_clean":[],"violations_to_clean":0}
DATA C_CLEAN_SEPARATOR {"dimension":2,"f":["clockwise_gap","initial_residual_weight"],"margin_L1":1,"open_classified":17,"open_implication_counts":{"CYCLE":11,"TRANSIENT":6,"UNSEEN":145},"remove_to_clean":[],"violations_to_clean":0}
DATA C_CLEAN_SEPARATOR {"dimension":2,"f":["counterclockwise_gap","initial_residual_weight"],"margin_L1":1,"open_classified":17,"open_implication_counts":{"CYCLE":11,"TRANSIENT":6,"UNSEEN":145},"remove_to_clean":[],"violations_to_clean":0}
DATA C_CLEAN_SEPARATOR {"dimension":2,"f":["occupancy_mask","support_bank_imbalance"],"margin_L1":2,"open_classified":16,"open_implication_counts":{"CYCLE":12,"TRANSIENT":4,"UNSEEN":146},"remove_to_clean":[],"violations_to_clean":0}
DATA C_CLEAN_SEPARATOR {"dimension":2,"f":["chord_midpoint_mod11","support_signature_id"],"margin_L1":1,"open_classified":16,"open_implication_counts":{"CYCLE":8,"TRANSIENT":8,"UNSEEN":146},"remove_to_clean":[],"violations_to_clean":0}
DATA C_CLEAN_SEPARATOR {"dimension":2,"f":["position_sum","support_signature_id"],"margin_L1":1,"open_classified":16,"open_implication_counts":{"CYCLE":8,"TRANSIENT":8,"UNSEEN":146},"remove_to_clean":[],"violations_to_clean":0}
DATA C_CLEAN_SEPARATOR {"dimension":2,"f":["clockwise_gap","support_bank_count"],"margin_L1":1,"open_classified":15,"open_implication_counts":{"CYCLE":11,"TRANSIENT":4,"UNSEEN":147},"remove_to_clean":[],"violations_to_clean":0}
DATA C_CLEAN_SEPARATOR {"dimension":2,"f":["clockwise_gap","support_kind_mask"],"margin_L1":1,"open_classified":15,"open_implication_counts":{"CYCLE":11,"TRANSIENT":4,"UNSEEN":147},"remove_to_clean":[],"violations_to_clean":0}
DATA C_CLEAN_SEPARATOR {"dimension":2,"f":["counterclockwise_gap","support_bank_count"],"margin_L1":1,"open_classified":15,"open_implication_counts":{"CYCLE":11,"TRANSIENT":4,"UNSEEN":147},"remove_to_clean":[],"violations_to_clean":0}
DATA C_CLEAN_SEPARATOR {"dimension":2,"f":["counterclockwise_gap","support_kind_mask"],"margin_L1":1,"open_classified":15,"open_implication_counts":{"CYCLE":11,"TRANSIENT":4,"UNSEEN":147},"remove_to_clean":[],"violations_to_clean":0}
DATA C_CLEAN_SEPARATOR {"dimension":2,"f":["occupancy_mask","support_link_count"],"margin_L1":1,"open_classified":15,"open_implication_counts":{"CYCLE":13,"TRANSIENT":2,"UNSEEN":147},"remove_to_clean":[],"violations_to_clean":0}
DATA C_CLEAN_SEPARATOR {"dimension":2,"f":["occupancy_mask","epoch_sum_parity"],"margin_L1":2,"open_classified":14,"open_implication_counts":{"CYCLE":12,"TRANSIENT":2,"UNSEEN":148},"remove_to_clean":[],"violations_to_clean":0}
DATA C_CLEAN_SEPARATOR {"dimension":2,"f":["direction_short_alignment","occupancy_mask"],"margin_L1":1,"open_classified":14,"open_implication_counts":{"CYCLE":12,"TRANSIENT":2,"UNSEEN":148},"remove_to_clean":[],"violations_to_clean":0}
DATA C_CLEAN_SEPARATOR {"dimension":2,"f":["epoch_direction","occupancy_mask"],"margin_L1":1,"open_classified":14,"open_implication_counts":{"CYCLE":12,"TRANSIENT":2,"UNSEEN":148},"remove_to_clean":[],"violations_to_clean":0}
DATA C_CLEAN_SEPARATOR {"dimension":2,"f":["epoch_parity","occupancy_mask"],"margin_L1":1,"open_classified":14,"open_implication_counts":{"CYCLE":12,"TRANSIENT":2,"UNSEEN":148},"remove_to_clean":[],"violations_to_clean":0}
DATA C_CLEAN_SEPARATOR {"dimension":2,"f":["occupancy_mask","support_bank_count"],"margin_L1":2,"open_classified":13,"open_implication_counts":{"CYCLE":11,"TRANSIENT":2,"UNSEEN":149},"remove_to_clean":[],"violations_to_clean":0}
DATA C_CLEAN_SEPARATOR {"dimension":2,"f":["occupancy_mask","support_kind_mask"],"margin_L1":2,"open_classified":13,"open_implication_counts":{"CYCLE":11,"TRANSIENT":2,"UNSEEN":149},"remove_to_clean":[],"violations_to_clean":0}
DATA C_CLEAN_SEPARATOR {"dimension":2,"f":["occupancy_mask","initial_residual_weight"],"margin_L1":1,"open_classified":13,"open_implication_counts":{"CYCLE":11,"TRANSIENT":2,"UNSEEN":149},"remove_to_clean":[],"violations_to_clean":0}
DATA C_CLEAN_SEPARATOR {"dimension":2,"f":["clockwise_gap","support_signature_id"],"margin_L1":1,"open_classified":6,"open_implication_counts":{"CYCLE":2,"TRANSIENT":4,"UNSEEN":156},"remove_to_clean":[],"violations_to_clean":0}
DATA C_CLEAN_SEPARATOR {"dimension":2,"f":["counterclockwise_gap","support_signature_id"],"margin_L1":1,"open_classified":6,"open_implication_counts":{"CYCLE":2,"TRANSIENT":4,"UNSEEN":156},"remove_to_clean":[],"violations_to_clean":0}
DATA C_CLEAN_SEPARATOR {"dimension":2,"f":["epoch","clockwise_gap"],"margin_L1":1,"open_classified":5,"open_implication_counts":{"CYCLE":1,"TRANSIENT":4,"UNSEEN":157},"remove_to_clean":[],"violations_to_clean":0}
DATA C_CLEAN_SEPARATOR {"dimension":2,"f":["epoch","counterclockwise_gap"],"margin_L1":1,"open_classified":5,"open_implication_counts":{"CYCLE":1,"TRANSIENT":4,"UNSEEN":157},"remove_to_clean":[],"violations_to_clean":0}
DATA C_CLEAN_SEPARATOR {"dimension":2,"f":["occupancy_mask","support_signature_id"],"margin_L1":13,"open_classified":4,"open_implication_counts":{"CYCLE":2,"TRANSIENT":2,"UNSEEN":158},"remove_to_clean":[],"violations_to_clean":0}
DATA C_CLEAN_SEPARATOR {"dimension":2,"f":["epoch","occupancy_mask"],"margin_L1":1,"open_classified":0,"open_implication_counts":{"CYCLE":0,"TRANSIENT":0,"UNSEEN":162},"remove_to_clean":[],"violations_to_clean":0}
DATA C_NEAR_SEPARATOR_ONE_VIOLATION {"dimension":1,"f":["support_bank_imbalance"],"margin_L1":0,"open_classified":139,"open_implication_counts":{"CYCLE":36,"TRANSIENT":103,"UNSEEN":23},"remove_to_clean":[[3,[0,7]]],"violations_to_clean":1}
DATA C_NEAR_SEPARATOR_ONE_VIOLATION {"dimension":2,"f":["support_source_count","support_bank_imbalance"],"margin_L1":0,"open_classified":135,"open_implication_counts":{"CYCLE":35,"TRANSIENT":100,"UNSEEN":27},"remove_to_clean":[[3,[0,7]]],"violations_to_clean":1}
DATA C_NEAR_SEPARATOR_ONE_VIOLATION {"dimension":1,"f":["support_kind_mask"],"margin_L1":0,"open_classified":129,"open_implication_counts":{"CYCLE":40,"TRANSIENT":89,"UNSEEN":33},"remove_to_clean":[[3,[0,7]]],"violations_to_clean":1}
DATA C_NEAR_SEPARATOR_ONE_VIOLATION {"dimension":2,"f":["epoch_sum_parity","support_link_count"],"margin_L1":0,"open_classified":129,"open_implication_counts":{"CYCLE":77,"TRANSIENT":52,"UNSEEN":33},"remove_to_clean":[[3,[0,7]]],"violations_to_clean":1}
DATA C_NEAR_SEPARATOR_ONE_VIOLATION {"dimension":2,"f":["support_kind_mask","support_source_count"],"margin_L1":0,"open_classified":129,"open_implication_counts":{"CYCLE":40,"TRANSIENT":89,"UNSEEN":33},"remove_to_clean":[[3,[0,7]]],"violations_to_clean":1}
DATA C_NEAR_SEPARATOR_ONE_VIOLATION {"dimension":1,"f":["support_bank_count"],"margin_L1":0,"open_classified":124,"open_implication_counts":{"CYCLE":35,"TRANSIENT":89,"UNSEEN":38},"remove_to_clean":[[3,[0,7]]],"violations_to_clean":1}
DATA C_NEAR_SEPARATOR_ONE_VIOLATION {"dimension":2,"f":["support_bank_count","support_bank_imbalance"],"margin_L1":0,"open_classified":124,"open_implication_counts":{"CYCLE":35,"TRANSIENT":89,"UNSEEN":38},"remove_to_clean":[[3,[0,7]]],"violations_to_clean":1}
DATA C_NEAR_SEPARATOR_ONE_VIOLATION {"dimension":2,"f":["support_source_count","support_bank_count"],"margin_L1":0,"open_classified":124,"open_implication_counts":{"CYCLE":35,"TRANSIENT":89,"UNSEEN":38},"remove_to_clean":[[3,[0,7]]],"violations_to_clean":1}
DATA C_NEAR_SEPARATOR_ONE_VIOLATION {"dimension":2,"f":["support_kind_mask","support_bank_count"],"margin_L1":0,"open_classified":123,"open_implication_counts":{"CYCLE":34,"TRANSIENT":89,"UNSEEN":39},"remove_to_clean":[[3,[0,7]]],"violations_to_clean":1}
DATA C_NEAR_SEPARATOR_ONE_VIOLATION {"dimension":2,"f":["support_kind_mask","support_bank_imbalance"],"margin_L1":0,"open_classified":123,"open_implication_counts":{"CYCLE":34,"TRANSIENT":89,"UNSEEN":39},"remove_to_clean":[[3,[0,7]]],"violations_to_clean":1}
DATA C_NEAR_SEPARATOR_ONE_VIOLATION {"dimension":2,"f":["direction_short_alignment","support_link_count"],"margin_L1":0,"open_classified":122,"open_implication_counts":{"CYCLE":70,"TRANSIENT":52,"UNSEEN":40},"remove_to_clean":[[3,[0,7]]],"violations_to_clean":1}
DATA C_NEAR_SEPARATOR_ONE_VIOLATION {"dimension":2,"f":["initial_residual_weight","support_source_count"],"margin_L1":0,"open_classified":119,"open_implication_counts":{"CYCLE":30,"TRANSIENT":89,"UNSEEN":43},"remove_to_clean":[[3,[0,7]]],"violations_to_clean":1}
DATA C_NEAR_SEPARATOR_ONE_VIOLATION {"dimension":2,"f":["support_kind_mask","support_link_count"],"margin_L1":0,"open_classified":116,"open_implication_counts":{"CYCLE":27,"TRANSIENT":89,"UNSEEN":46},"remove_to_clean":[[3,[0,7]]],"violations_to_clean":1}
DATA C_NEAR_SEPARATOR_ONE_VIOLATION {"dimension":2,"f":["initial_residual_weight","support_bank_count"],"margin_L1":0,"open_classified":112,"open_implication_counts":{"CYCLE":23,"TRANSIENT":89,"UNSEEN":50},"remove_to_clean":[[3,[0,7]]],"violations_to_clean":1}
DATA C_NEAR_SEPARATOR_ONE_VIOLATION {"dimension":2,"f":["initial_residual_weight","support_bank_imbalance"],"margin_L1":0,"open_classified":112,"open_implication_counts":{"CYCLE":23,"TRANSIENT":89,"UNSEEN":50},"remove_to_clean":[[3,[0,7]]],"violations_to_clean":1}
DATA C_NEAR_SEPARATOR_ONE_VIOLATION {"dimension":2,"f":["initial_residual_weight","support_kind_mask"],"margin_L1":0,"open_classified":112,"open_implication_counts":{"CYCLE":23,"TRANSIENT":89,"UNSEEN":50},"remove_to_clean":[[3,[0,7]]],"violations_to_clean":1}
DATA C_NEAR_SEPARATOR_ONE_VIOLATION {"dimension":2,"f":["support_bank_count","support_link_count"],"margin_L1":0,"open_classified":112,"open_implication_counts":{"CYCLE":23,"TRANSIENT":89,"UNSEEN":50},"remove_to_clean":[[3,[0,7]]],"violations_to_clean":1}
DATA C_NEAR_SEPARATOR_ONE_VIOLATION {"dimension":2,"f":["support_link_count","support_bank_imbalance"],"margin_L1":0,"open_classified":112,"open_implication_counts":{"CYCLE":23,"TRANSIENT":89,"UNSEEN":50},"remove_to_clean":[[3,[0,7]]],"violations_to_clean":1}
DATA C_NEAR_SEPARATOR_ONE_VIOLATION {"dimension":2,"f":["parity_code","support_source_count"],"margin_L1":0,"open_classified":111,"open_implication_counts":{"CYCLE":82,"TRANSIENT":29,"UNSEEN":51},"remove_to_clean":[[3,[0,7]]],"violations_to_clean":1}
DATA C_NEAR_SEPARATOR_ONE_VIOLATION {"dimension":1,"f":["clockwise_gap_mod_3"],"margin_L1":0,"open_classified":109,"open_implication_counts":{"CYCLE":66,"TRANSIENT":43,"UNSEEN":53},"remove_to_clean":[[3,[1,10]]],"violations_to_clean":1}
DATA C_NEAR_SEPARATOR_ONE_VIOLATION {"dimension":2,"f":["direction_short_alignment","support_source_count"],"margin_L1":0,"open_classified":106,"open_implication_counts":{"CYCLE":106,"TRANSIENT":0,"UNSEEN":56},"remove_to_clean":[[3,[0,6]]],"violations_to_clean":1}
DATA C_NEAR_SEPARATOR_ONE_VIOLATION {"dimension":2,"f":["epoch_sum_parity","support_source_count"],"margin_L1":0,"open_classified":106,"open_implication_counts":{"CYCLE":106,"TRANSIENT":0,"UNSEEN":56},"remove_to_clean":[[3,[0,5]]],"violations_to_clean":1}
DATA C_NEAR_SEPARATOR_ONE_VIOLATION {"dimension":1,"f":["support_signature_id"],"margin_L1":0,"open_classified":101,"open_implication_counts":{"CYCLE":12,"TRANSIENT":89,"UNSEEN":61},"remove_to_clean":[[3,[0,7]]],"violations_to_clean":1}
DATA C_NEAR_SEPARATOR_ONE_VIOLATION {"dimension":2,"f":["initial_residual_weight","support_signature_id"],"margin_L1":0,"open_classified":101,"open_implication_counts":{"CYCLE":12,"TRANSIENT":89,"UNSEEN":61},"remove_to_clean":[[3,[0,7]]],"violations_to_clean":1}
DATA C_NEAR_SEPARATOR_ONE_VIOLATION {"dimension":2,"f":["support_signature_id","support_bank_count"],"margin_L1":0,"open_classified":101,"open_implication_counts":{"CYCLE":12,"TRANSIENT":89,"UNSEEN":61},"remove_to_clean":[[3,[0,7]]],"violations_to_clean":1}
DATA C_NEAR_SEPARATOR_ONE_VIOLATION {"dimension":2,"f":["support_signature_id","support_bank_imbalance"],"margin_L1":0,"open_classified":101,"open_implication_counts":{"CYCLE":12,"TRANSIENT":89,"UNSEEN":61},"remove_to_clean":[[3,[0,7]]],"violations_to_clean":1}
DATA C_NEAR_SEPARATOR_ONE_VIOLATION {"dimension":2,"f":["support_signature_id","support_kind_mask"],"margin_L1":0,"open_classified":101,"open_implication_counts":{"CYCLE":12,"TRANSIENT":89,"UNSEEN":61},"remove_to_clean":[[3,[0,7]]],"violations_to_clean":1}
DATA C_NEAR_SEPARATOR_ONE_VIOLATION {"dimension":2,"f":["support_signature_id","support_link_count"],"margin_L1":0,"open_classified":101,"open_implication_counts":{"CYCLE":12,"TRANSIENT":89,"UNSEEN":61},"remove_to_clean":[[3,[0,7]]],"violations_to_clean":1}
DATA C_NEAR_SEPARATOR_ONE_VIOLATION {"dimension":2,"f":["support_signature_id","support_source_count"],"margin_L1":0,"open_classified":101,"open_implication_counts":{"CYCLE":12,"TRANSIENT":89,"UNSEEN":61},"remove_to_clean":[[3,[0,7]]],"violations_to_clean":1}
DATA C_NEAR_SEPARATOR_ONE_VIOLATION {"dimension":2,"f":["direction_short_alignment","support_kind_mask"],"margin_L1":0,"open_classified":97,"open_implication_counts":{"CYCLE":53,"TRANSIENT":44,"UNSEEN":65},"remove_to_clean":[[3,[0,7]]],"violations_to_clean":1}
DATA C_NEAR_SEPARATOR_ONE_VIOLATION {"dimension":2,"f":["epoch_direction","support_link_count"],"margin_L1":0,"open_classified":97,"open_implication_counts":{"CYCLE":52,"TRANSIENT":45,"UNSEEN":65},"remove_to_clean":[[3,[0,7]]],"violations_to_clean":1}
DATA C_NEAR_SEPARATOR_ONE_VIOLATION {"dimension":2,"f":["epoch_parity","support_link_count"],"margin_L1":0,"open_classified":97,"open_implication_counts":{"CYCLE":52,"TRANSIENT":45,"UNSEEN":65},"remove_to_clean":[[3,[0,7]]],"violations_to_clean":1}
DATA C_NEAR_SEPARATOR_ONE_VIOLATION {"dimension":2,"f":["epoch_sum_parity","support_kind_mask"],"margin_L1":0,"open_classified":97,"open_implication_counts":{"CYCLE":53,"TRANSIENT":44,"UNSEEN":65},"remove_to_clean":[[3,[0,7]]],"violations_to_clean":1}
DATA C_NEAR_SEPARATOR_ONE_VIOLATION {"dimension":2,"f":["direction_short_alignment","support_bank_imbalance"],"margin_L1":0,"open_classified":96,"open_implication_counts":{"CYCLE":43,"TRANSIENT":53,"UNSEEN":66},"remove_to_clean":[[3,[0,7]]],"violations_to_clean":1}
DATA C_NEAR_SEPARATOR_ONE_VIOLATION {"dimension":2,"f":["same_position_parity","support_bank_imbalance"],"margin_L1":0,"open_classified":91,"open_implication_counts":{"CYCLE":40,"TRANSIENT":51,"UNSEEN":71},"remove_to_clean":[[3,[0,7]]],"violations_to_clean":1}
DATA C_NEAR_SEPARATOR_ONE_VIOLATION {"dimension":1,"f":["initial_residual_weight"],"margin_L1":0,"open_classified":90,"open_implication_counts":{"CYCLE":1,"TRANSIENT":89,"UNSEEN":72},"remove_to_clean":[[3,[0,7]]],"violations_to_clean":1}
DATA C_NEAR_SEPARATOR_ONE_VIOLATION {"dimension":1,"f":["initial_support_size"],"margin_L1":0,"open_classified":90,"open_implication_counts":{"CYCLE":1,"TRANSIENT":89,"UNSEEN":72},"remove_to_clean":[[3,[0,7]]],"violations_to_clean":1}
DATA C_NEAR_SEPARATOR_ONE_VIOLATION {"dimension":2,"f":["initial_residual_weight","support_link_count"],"margin_L1":0,"open_classified":90,"open_implication_counts":{"CYCLE":1,"TRANSIENT":89,"UNSEEN":72},"remove_to_clean":[[3,[0,7]]],"violations_to_clean":1}
DATA C_NEAR_SEPARATOR_ONE_VIOLATION {"dimension":2,"f":["epoch_sum_parity","support_bank_imbalance"],"margin_L1":0,"open_classified":89,"open_implication_counts":{"CYCLE":40,"TRANSIENT":49,"UNSEEN":73},"remove_to_clean":[[3,[0,7]]],"violations_to_clean":1}
DATA C_NEAR_SEPARATOR_ONE_VIOLATION {"dimension":2,"f":["short_orientation","parity_code"],"margin_L1":0,"open_classified":88,"open_implication_counts":{"CYCLE":77,"TRANSIENT":11,"UNSEEN":74},"remove_to_clean":[[3,[0,7]]],"violations_to_clean":1}
DATA C_NEAR_SEPARATOR_ONE_VIOLATION {"dimension":2,"f":["same_position_parity","support_kind_mask"],"margin_L1":0,"open_classified":87,"open_implication_counts":{"CYCLE":47,"TRANSIENT":40,"UNSEEN":75},"remove_to_clean":[[3,[0,7]]],"violations_to_clean":1}
DATA C_NEAR_SEPARATOR_ONE_VIOLATION {"dimension":2,"f":["short_orientation","support_kind_mask"],"margin_L1":0,"open_classified":87,"open_implication_counts":{"CYCLE":59,"TRANSIENT":28,"UNSEEN":75},"remove_to_clean":[[3,[0,7]]],"violations_to_clean":1}
DATA C_NEAR_SEPARATOR_ONE_VIOLATION {"dimension":1,"f":["clockwise_gap_mod_5"],"margin_L1":0,"open_classified":84,"open_implication_counts":{"CYCLE":33,"TRANSIENT":51,"UNSEEN":78},"remove_to_clean":[[3,[1,10]]],"violations_to_clean":1}
DATA C_NEAR_SEPARATOR_ONE_VIOLATION {"dimension":2,"f":["direction_short_alignment","support_bank_count"],"margin_L1":0,"open_classified":84,"open_implication_counts":{"CYCLE":40,"TRANSIENT":44,"UNSEEN":78},"remove_to_clean":[[3,[0,7]]],"violations_to_clean":1}
DATA C_NEAR_SEPARATOR_ONE_VIOLATION {"dimension":2,"f":["epoch_sum_parity","support_bank_count"],"margin_L1":0,"open_classified":84,"open_implication_counts":{"CYCLE":40,"TRANSIENT":44,"UNSEEN":78},"remove_to_clean":[[3,[0,7]]],"violations_to_clean":1}
DATA C_NEAR_SEPARATOR_ONE_VIOLATION {"dimension":2,"f":["same_position_parity","support_bank_count"],"margin_L1":0,"open_classified":82,"open_implication_counts":{"CYCLE":42,"TRANSIENT":40,"UNSEEN":80},"remove_to_clean":[[3,[0,7]]],"violations_to_clean":1}
DATA C_NEAR_SEPARATOR_ONE_VIOLATION {"dimension":1,"f":["ring_separation_mod_2"],"margin_L1":0,"open_classified":77,"open_implication_counts":{"CYCLE":77,"TRANSIENT":0,"UNSEEN":85},"remove_to_clean":[[2,[0,9]]],"violations_to_clean":1}
DATA C_NEAR_SEPARATOR_ONE_VIOLATION {"dimension":2,"f":["short_orientation","same_position_parity"],"margin_L1":0,"open_classified":77,"open_implication_counts":{"CYCLE":77,"TRANSIENT":0,"UNSEEN":85},"remove_to_clean":[[2,[0,9]]],"violations_to_clean":1}
DATA C_NEAR_SEPARATOR_ONE_VIOLATION {"dimension":1,"f":["ring_long_distance"],"margin_L1":0,"open_classified":76,"open_implication_counts":{"CYCLE":33,"TRANSIENT":43,"UNSEEN":86},"remove_to_clean":[[3,[1,10]]],"violations_to_clean":1}
DATA C_NEAR_SEPARATOR_ONE_VIOLATION {"dimension":1,"f":["ring_separation"],"margin_L1":0,"open_classified":76,"open_implication_counts":{"CYCLE":33,"TRANSIENT":43,"UNSEEN":86},"remove_to_clean":[[3,[1,10]]],"violations_to_clean":1}
DATA C_NEAR_SEPARATOR_ONE_VIOLATION {"dimension":1,"f":["ring_separation_mod_11"],"margin_L1":0,"open_classified":76,"open_implication_counts":{"CYCLE":33,"TRANSIENT":43,"UNSEEN":86},"remove_to_clean":[[3,[1,10]]],"violations_to_clean":1}
DATA C_NEAR_SEPARATOR_ONE_VIOLATION {"dimension":1,"f":["ring_separation_mod_12"],"margin_L1":0,"open_classified":76,"open_implication_counts":{"CYCLE":33,"TRANSIENT":43,"UNSEEN":86},"remove_to_clean":[[3,[1,10]]],"violations_to_clean":1}
DATA C_NEAR_SEPARATOR_ONE_VIOLATION {"dimension":1,"f":["ring_separation_mod_130"],"margin_L1":0,"open_classified":76,"open_implication_counts":{"CYCLE":33,"TRANSIENT":43,"UNSEEN":86},"remove_to_clean":[[3,[1,10]]],"violations_to_clean":1}
DATA C_NEAR_SEPARATOR_ONE_VIOLATION {"dimension":1,"f":["ring_separation_mod_288"],"margin_L1":0,"open_classified":76,"open_implication_counts":{"CYCLE":33,"TRANSIENT":43,"UNSEEN":86},"remove_to_clean":[[3,[1,10]]],"violations_to_clean":1}
DATA C_NEAR_SEPARATOR_ONE_VIOLATION {"dimension":1,"f":["ring_separation_mod_5"],"margin_L1":0,"open_classified":76,"open_implication_counts":{"CYCLE":33,"TRANSIENT":43,"UNSEEN":86},"remove_to_clean":[[3,[1,10]]],"violations_to_clean":1}
DATA C_NEAR_SEPARATOR_ONE_VIOLATION {"dimension":1,"f":["ring_separation_mod_6"],"margin_L1":0,"open_classified":76,"open_implication_counts":{"CYCLE":33,"TRANSIENT":43,"UNSEEN":86},"remove_to_clean":[[3,[1,10]]],"violations_to_clean":1}
DATA C_NEAR_SEPARATOR_ONE_VIOLATION {"dimension":2,"f":["parity_code","support_link_count"],"margin_L1":0,"open_classified":76,"open_implication_counts":{"CYCLE":56,"TRANSIENT":20,"UNSEEN":86},"remove_to_clean":[[3,[0,7]]],"violations_to_clean":1}
DATA C_NEAR_SEPARATOR_ONE_VIOLATION {"dimension":2,"f":["short_orientation","support_bank_imbalance"],"margin_L1":0,"open_classified":74,"open_implication_counts":{"CYCLE":43,"TRANSIENT":31,"UNSEEN":88},"remove_to_clean":[[3,[0,7]]],"violations_to_clean":1}
DATA C_NEAR_SEPARATOR_ONE_VIOLATION {"dimension":2,"f":["epoch_direction","support_bank_imbalance"],"margin_L1":0,"open_classified":70,"open_implication_counts":{"CYCLE":21,"TRANSIENT":49,"UNSEEN":92},"remove_to_clean":[[3,[0,7]]],"violations_to_clean":1}
DATA C_NEAR_SEPARATOR_ONE_VIOLATION {"dimension":2,"f":["epoch_parity","support_bank_imbalance"],"margin_L1":0,"open_classified":70,"open_implication_counts":{"CYCLE":21,"TRANSIENT":49,"UNSEEN":92},"remove_to_clean":[[3,[0,7]]],"violations_to_clean":1}
DATA C_NEAR_SEPARATOR_ONE_VIOLATION {"dimension":2,"f":["same_position_parity","initial_residual_weight"],"margin_L1":0,"open_classified":70,"open_implication_counts":{"CYCLE":30,"TRANSIENT":40,"UNSEEN":92},"remove_to_clean":[[3,[0,7]]],"violations_to_clean":1}
DATA C_NEAR_SEPARATOR_ONE_VIOLATION {"dimension":2,"f":["short_orientation","support_bank_count"],"margin_L1":0,"open_classified":68,"open_implication_counts":{"CYCLE":40,"TRANSIENT":28,"UNSEEN":94},"remove_to_clean":[[3,[0,7]]],"violations_to_clean":1}
DATA C_NEAR_SEPARATOR_ONE_VIOLATION {"dimension":2,"f":["epoch_direction","support_bank_count"],"margin_L1":0,"open_classified":67,"open_implication_counts":{"CYCLE":22,"TRANSIENT":45,"UNSEEN":95},"remove_to_clean":[[3,[0,7]]],"violations_to_clean":1}
DATA C_NEAR_SEPARATOR_ONE_VIOLATION {"dimension":2,"f":["epoch_parity","support_bank_count"],"margin_L1":0,"open_classified":67,"open_implication_counts":{"CYCLE":22,"TRANSIENT":45,"UNSEEN":95},"remove_to_clean":[[3,[0,7]]],"violations_to_clean":1}
DATA C_NEAR_SEPARATOR_ONE_VIOLATION {"dimension":2,"f":["epoch_sum_parity","initial_residual_weight"],"margin_L1":0,"open_classified":67,"open_implication_counts":{"CYCLE":23,"TRANSIENT":44,"UNSEEN":95},"remove_to_clean":[[3,[0,7]]],"violations_to_clean":1}
DATA C_NEAR_SEPARATOR_ONE_VIOLATION {"dimension":2,"f":["direction_short_alignment","initial_residual_weight"],"margin_L1":0,"open_classified":66,"open_implication_counts":{"CYCLE":22,"TRANSIENT":44,"UNSEEN":96},"remove_to_clean":[[3,[0,7]]],"violations_to_clean":1}
DATA C_NEAR_SEPARATOR_ONE_VIOLATION {"dimension":2,"f":["right","support_link_count"],"margin_L1":0,"open_classified":66,"open_implication_counts":{"CYCLE":49,"TRANSIENT":17,"UNSEEN":96},"remove_to_clean":[[3,[0,7]]],"violations_to_clean":1}
DATA C_NEAR_SEPARATOR_ONE_VIOLATION {"dimension":2,"f":["left","support_link_count"],"margin_L1":0,"open_classified":65,"open_implication_counts":{"CYCLE":48,"TRANSIENT":17,"UNSEEN":97},"remove_to_clean":[[3,[0,7]]],"violations_to_clean":1}
DATA C_NEAR_SEPARATOR_ONE_VIOLATION {"dimension":2,"f":["parity_code","support_kind_mask"],"margin_L1":0,"open_classified":65,"open_implication_counts":{"CYCLE":45,"TRANSIENT":20,"UNSEEN":97},"remove_to_clean":[[3,[0,7]]],"violations_to_clean":1}
DATA C_NEAR_SEPARATOR_ONE_VIOLATION {"dimension":2,"f":["epoch_direction","support_kind_mask"],"margin_L1":0,"open_classified":64,"open_implication_counts":{"CYCLE":19,"TRANSIENT":45,"UNSEEN":98},"remove_to_clean":[[3,[0,7]]],"violations_to_clean":1}
DATA C_NEAR_SEPARATOR_ONE_VIOLATION {"dimension":2,"f":["epoch_parity","support_kind_mask"],"margin_L1":0,"open_classified":64,"open_implication_counts":{"CYCLE":19,"TRANSIENT":45,"UNSEEN":98},"remove_to_clean":[[3,[0,7]]],"violations_to_clean":1}
DATA C_NEAR_SEPARATOR_ONE_VIOLATION {"dimension":2,"f":["parity_code","support_bank_imbalance"],"margin_L1":0,"open_classified":61,"open_implication_counts":{"CYCLE":35,"TRANSIENT":26,"UNSEEN":101},"remove_to_clean":[[3,[0,7]]],"violations_to_clean":1}
DATA C_NEAR_SEPARATOR_ONE_VIOLATION {"dimension":2,"f":["chord_midpoint_mod11","parity_code"],"margin_L1":0,"open_classified":60,"open_implication_counts":{"CYCLE":53,"TRANSIENT":7,"UNSEEN":102},"remove_to_clean":[[3,[1,10]]],"violations_to_clean":1}
DATA C_NEAR_SEPARATOR_ONE_VIOLATION {"dimension":2,"f":["parity_code","support_bank_count"],"margin_L1":0,"open_classified":60,"open_implication_counts":{"CYCLE":40,"TRANSIENT":20,"UNSEEN":102},"remove_to_clean":[[3,[0,7]]],"violations_to_clean":1}
DATA C_NEAR_SEPARATOR_ONE_VIOLATION {"dimension":2,"f":["position_sum","parity_code"],"margin_L1":0,"open_classified":60,"open_implication_counts":{"CYCLE":53,"TRANSIENT":7,"UNSEEN":102},"remove_to_clean":[[3,[1,10]]],"violations_to_clean":1}
DATA C_NEAR_SEPARATOR_ONE_VIOLATION {"dimension":2,"f":["chord_midpoint_mod11","support_link_count"],"margin_L1":0,"open_classified":58,"open_implication_counts":{"CYCLE":50,"TRANSIENT":8,"UNSEEN":104},"remove_to_clean":[[3,[0,7]]],"violations_to_clean":1}
DATA C_NEAR_SEPARATOR_ONE_VIOLATION {"dimension":2,"f":["direction_short_alignment","support_signature_id"],"margin_L1":0,"open_classified":58,"open_implication_counts":{"CYCLE":14,"TRANSIENT":44,"UNSEEN":104},"remove_to_clean":[[3,[0,7]]],"violations_to_clean":1}
DATA C_NEAR_SEPARATOR_ONE_VIOLATION {"dimension":2,"f":["epoch_sum_parity","support_signature_id"],"margin_L1":0,"open_classified":58,"open_implication_counts":{"CYCLE":14,"TRANSIENT":44,"UNSEEN":104},"remove_to_clean":[[3,[0,7]]],"violations_to_clean":1}
DATA C_NEAR_SEPARATOR_ONE_VIOLATION {"dimension":2,"f":["epoch_direction","support_signature_id"],"margin_L1":0,"open_classified":57,"open_implication_counts":{"CYCLE":12,"TRANSIENT":45,"UNSEEN":105},"remove_to_clean":[[3,[0,7]]],"violations_to_clean":1}
DATA C_NEAR_SEPARATOR_ONE_VIOLATION {"dimension":2,"f":["epoch_parity","support_signature_id"],"margin_L1":0,"open_classified":57,"open_implication_counts":{"CYCLE":12,"TRANSIENT":45,"UNSEEN":105},"remove_to_clean":[[3,[0,7]]],"violations_to_clean":1}
DATA C_NEAR_SEPARATOR_ONE_VIOLATION {"dimension":2,"f":["ring_separation","support_source_count"],"margin_L1":0,"open_classified":57,"open_implication_counts":{"CYCLE":33,"TRANSIENT":24,"UNSEEN":105},"remove_to_clean":[[3,[1,10]]],"violations_to_clean":1}
DATA C_NEAR_SEPARATOR_ONE_VIOLATION {"dimension":2,"f":["short_orientation","initial_residual_weight"],"margin_L1":0,"open_classified":57,"open_implication_counts":{"CYCLE":29,"TRANSIENT":28,"UNSEEN":105},"remove_to_clean":[[3,[0,7]]],"violations_to_clean":1}
DATA C_NEAR_SEPARATOR_ONE_VIOLATION {"dimension":2,"f":["left","support_source_count"],"margin_L1":0,"open_classified":56,"open_implication_counts":{"CYCLE":35,"TRANSIENT":21,"UNSEEN":106},"remove_to_clean":[[3,[0,7]]],"violations_to_clean":1}
DATA C_NEAR_SEPARATOR_ONE_VIOLATION {"dimension":2,"f":["parity_code","initial_residual_weight"],"margin_L1":0,"open_classified":55,"open_implication_counts":{"CYCLE":35,"TRANSIENT":20,"UNSEEN":107},"remove_to_clean":[[3,[0,7]]],"violations_to_clean":1}
DATA C_NEAR_SEPARATOR_ONE_VIOLATION {"dimension":2,"f":["same_position_parity","support_signature_id"],"margin_L1":0,"open_classified":55,"open_implication_counts":{"CYCLE":15,"TRANSIENT":40,"UNSEEN":107},"remove_to_clean":[[3,[0,7]]],"violations_to_clean":1}
DATA C_NEAR_SEPARATOR_ONE_VIOLATION {"dimension":2,"f":["position_sum","support_link_count"],"margin_L1":0,"open_classified":50,"open_implication_counts":{"CYCLE":42,"TRANSIENT":8,"UNSEEN":112},"remove_to_clean":[[3,[0,7]]],"violations_to_clean":1}
DATA C_NEAR_SEPARATOR_ONE_VIOLATION {"dimension":2,"f":["position_product","same_position_parity"],"margin_L1":0,"open_classified":49,"open_implication_counts":{"CYCLE":42,"TRANSIENT":7,"UNSEEN":113},"remove_to_clean":[[3,[0,7]]],"violations_to_clean":1}
DATA C_NEAR_SEPARATOR_ONE_VIOLATION {"dimension":2,"f":["short_orientation","position_product"],"margin_L1":0,"open_classified":49,"open_implication_counts":{"CYCLE":46,"TRANSIENT":3,"UNSEEN":113},"remove_to_clean":[[3,[0,7]]],"violations_to_clean":1}
DATA C_NEAR_SEPARATOR_ONE_VIOLATION {"dimension":1,"f":["clockwise_gap"],"margin_L1":0,"open_classified":48,"open_implication_counts":{"CYCLE":33,"TRANSIENT":15,"UNSEEN":114},"remove_to_clean":[[3,[1,10]]],"violations_to_clean":1}
DATA C_NEAR_SEPARATOR_ONE_VIOLATION {"dimension":1,"f":["clockwise_gap_mod_11"],"margin_L1":0,"open_classified":48,"open_implication_counts":{"CYCLE":33,"TRANSIENT":15,"UNSEEN":114},"remove_to_clean":[[3,[1,10]]],"violations_to_clean":1}
DATA C_NEAR_SEPARATOR_ONE_VIOLATION {"dimension":1,"f":["clockwise_gap_mod_12"],"margin_L1":0,"open_classified":48,"open_implication_counts":{"CYCLE":33,"TRANSIENT":15,"UNSEEN":114},"remove_to_clean":[[3,[1,10]]],"violations_to_clean":1}
DATA C_NEAR_SEPARATOR_ONE_VIOLATION {"dimension":1,"f":["clockwise_gap_mod_130"],"margin_L1":0,"open_classified":48,"open_implication_counts":{"CYCLE":33,"TRANSIENT":15,"UNSEEN":114},"remove_to_clean":[[3,[1,10]]],"violations_to_clean":1}
DATA C_NEAR_SEPARATOR_ONE_VIOLATION {"dimension":1,"f":["clockwise_gap_mod_288"],"margin_L1":0,"open_classified":48,"open_implication_counts":{"CYCLE":33,"TRANSIENT":15,"UNSEEN":114},"remove_to_clean":[[3,[1,10]]],"violations_to_clean":1}
DATA C_NEAR_SEPARATOR_ONE_VIOLATION {"dimension":1,"f":["clockwise_gap_mod_6"],"margin_L1":0,"open_classified":48,"open_implication_counts":{"CYCLE":33,"TRANSIENT":15,"UNSEEN":114},"remove_to_clean":[[3,[1,10]]],"violations_to_clean":1}
DATA C_NEAR_SEPARATOR_ONE_VIOLATION {"dimension":1,"f":["counterclockwise_gap"],"margin_L1":0,"open_classified":48,"open_implication_counts":{"CYCLE":33,"TRANSIENT":15,"UNSEEN":114},"remove_to_clean":[[3,[1,10]]],"violations_to_clean":1}
DATA C_NEAR_SEPARATOR_ONE_VIOLATION {"dimension":2,"f":["clockwise_gap","counterclockwise_gap"],"margin_L1":0,"open_classified":48,"open_implication_counts":{"CYCLE":33,"TRANSIENT":15,"UNSEEN":114},"remove_to_clean":[[3,[1,10]]],"violations_to_clean":1}
DATA C_NEAR_SEPARATOR_ONE_VIOLATION {"dimension":2,"f":["clockwise_gap","ring_separation"],"margin_L1":0,"open_classified":48,"open_implication_counts":{"CYCLE":33,"TRANSIENT":15,"UNSEEN":114},"remove_to_clean":[[3,[1,10]]],"violations_to_clean":1}
DATA C_NEAR_SEPARATOR_ONE_VIOLATION {"dimension":2,"f":["clockwise_gap","same_position_parity"],"margin_L1":0,"open_classified":48,"open_implication_counts":{"CYCLE":33,"TRANSIENT":15,"UNSEEN":114},"remove_to_clean":[[3,[1,10]]],"violations_to_clean":1}
DATA C_NEAR_SEPARATOR_ONE_VIOLATION {"dimension":2,"f":["clockwise_gap","short_orientation"],"margin_L1":0,"open_classified":48,"open_implication_counts":{"CYCLE":33,"TRANSIENT":15,"UNSEEN":114},"remove_to_clean":[[3,[1,10]]],"violations_to_clean":1}
DATA C_NEAR_SEPARATOR_ONE_VIOLATION {"dimension":2,"f":["counterclockwise_gap","ring_separation"],"margin_L1":0,"open_classified":48,"open_implication_counts":{"CYCLE":33,"TRANSIENT":15,"UNSEEN":114},"remove_to_clean":[[3,[1,10]]],"violations_to_clean":1}
DATA C_NEAR_SEPARATOR_ONE_VIOLATION {"dimension":2,"f":["counterclockwise_gap","same_position_parity"],"margin_L1":0,"open_classified":48,"open_implication_counts":{"CYCLE":33,"TRANSIENT":15,"UNSEEN":114},"remove_to_clean":[[3,[1,10]]],"violations_to_clean":1}
DATA C_NEAR_SEPARATOR_ONE_VIOLATION {"dimension":2,"f":["counterclockwise_gap","short_orientation"],"margin_L1":0,"open_classified":48,"open_implication_counts":{"CYCLE":33,"TRANSIENT":15,"UNSEEN":114},"remove_to_clean":[[3,[1,10]]],"violations_to_clean":1}
DATA C_NEAR_SEPARATOR_ONE_VIOLATION {"dimension":2,"f":["ring_separation","same_position_parity"],"margin_L1":0,"open_classified":48,"open_implication_counts":{"CYCLE":33,"TRANSIENT":15,"UNSEEN":114},"remove_to_clean":[[3,[1,10]]],"violations_to_clean":1}
DATA C_NEAR_SEPARATOR_ONE_VIOLATION {"dimension":2,"f":["ring_separation","short_orientation"],"margin_L1":0,"open_classified":48,"open_implication_counts":{"CYCLE":33,"TRANSIENT":15,"UNSEEN":114},"remove_to_clean":[[3,[1,10]]],"violations_to_clean":1}
DATA C_NEAR_SEPARATOR_ONE_VIOLATION {"dimension":2,"f":["left","support_bank_count"],"margin_L1":0,"open_classified":47,"open_implication_counts":{"CYCLE":31,"TRANSIENT":16,"UNSEEN":115},"remove_to_clean":[[3,[0,7]]],"violations_to_clean":1}
DATA C_NEAR_SEPARATOR_ONE_VIOLATION {"dimension":2,"f":["epoch_direction","initial_residual_weight"],"margin_L1":0,"open_classified":46,"open_implication_counts":{"CYCLE":1,"TRANSIENT":45,"UNSEEN":116},"remove_to_clean":[[3,[0,7]]],"violations_to_clean":1}
DATA C_NEAR_SEPARATOR_ONE_VIOLATION {"dimension":2,"f":["epoch_parity","initial_residual_weight"],"margin_L1":0,"open_classified":46,"open_implication_counts":{"CYCLE":1,"TRANSIENT":45,"UNSEEN":116},"remove_to_clean":[[3,[0,7]]],"violations_to_clean":1}
DATA C_NEAR_SEPARATOR_ONE_VIOLATION {"dimension":2,"f":["left","support_kind_mask"],"margin_L1":0,"open_classified":46,"open_implication_counts":{"CYCLE":30,"TRANSIENT":16,"UNSEEN":116},"remove_to_clean":[[3,[0,7]]],"violations_to_clean":1}
DATA C_NEAR_SEPARATOR_ONE_VIOLATION {"dimension":2,"f":["chord_midpoint_mod11","initial_residual_weight"],"margin_L1":0,"open_classified":45,"open_implication_counts":{"CYCLE":37,"TRANSIENT":8,"UNSEEN":117},"remove_to_clean":[[3,[0,7]]],"violations_to_clean":1}
DATA C_NEAR_SEPARATOR_ONE_VIOLATION {"dimension":2,"f":["left","initial_residual_weight"],"margin_L1":0,"open_classified":45,"open_implication_counts":{"CYCLE":29,"TRANSIENT":16,"UNSEEN":117},"remove_to_clean":[[3,[0,7]]],"violations_to_clean":1}
DATA C_NEAR_SEPARATOR_ONE_VIOLATION {"dimension":2,"f":["position_product","parity_code"],"margin_L1":0,"open_classified":45,"open_implication_counts":{"CYCLE":42,"TRANSIENT":3,"UNSEEN":117},"remove_to_clean":[[3,[0,7]]],"violations_to_clean":1}
DATA C_NEAR_SEPARATOR_ONE_VIOLATION {"dimension":2,"f":["right","initial_residual_weight"],"margin_L1":0,"open_classified":44,"open_implication_counts":{"CYCLE":28,"TRANSIENT":16,"UNSEEN":118},"remove_to_clean":[[3,[0,7]]],"violations_to_clean":1}
DATA C_NEAR_SEPARATOR_ONE_VIOLATION {"dimension":1,"f":["ring_separation_mod_3"],"margin_L1":0,"open_classified":43,"open_implication_counts":{"CYCLE":0,"TRANSIENT":43,"UNSEEN":119},"remove_to_clean":[[3,[1,10]]],"violations_to_clean":1}
DATA C_NEAR_SEPARATOR_ONE_VIOLATION {"dimension":2,"f":["short_orientation","support_signature_id"],"margin_L1":0,"open_classified":43,"open_implication_counts":{"CYCLE":15,"TRANSIENT":28,"UNSEEN":119},"remove_to_clean":[[3,[0,7]]],"violations_to_clean":1}
DATA C_NEAR_SEPARATOR_ONE_VIOLATION {"dimension":1,"f":["position_product"],"margin_L1":0,"open_classified":42,"open_implication_counts":{"CYCLE":35,"TRANSIENT":7,"UNSEEN":120},"remove_to_clean":[[3,[0,7]]],"violations_to_clean":1}
DATA C_NEAR_SEPARATOR_ONE_VIOLATION {"dimension":2,"f":["clockwise_gap","support_source_count"],"margin_L1":0,"open_classified":41,"open_implication_counts":{"CYCLE":33,"TRANSIENT":8,"UNSEEN":121},"remove_to_clean":[[3,[1,10]]],"violations_to_clean":1}
DATA C_NEAR_SEPARATOR_ONE_VIOLATION {"dimension":2,"f":["counterclockwise_gap","support_source_count"],"margin_L1":0,"open_classified":41,"open_implication_counts":{"CYCLE":33,"TRANSIENT":8,"UNSEEN":121},"remove_to_clean":[[3,[1,10]]],"violations_to_clean":1}
DATA C_NEAR_SEPARATOR_ONE_VIOLATION {"dimension":2,"f":["left","support_bank_imbalance"],"margin_L1":0,"open_classified":41,"open_implication_counts":{"CYCLE":22,"TRANSIENT":19,"UNSEEN":121},"remove_to_clean":[[3,[0,7]]],"violations_to_clean":1}
DATA C_NEAR_SEPARATOR_ONE_VIOLATION {"dimension":2,"f":["position_sum","initial_residual_weight"],"margin_L1":0,"open_classified":39,"open_implication_counts":{"CYCLE":31,"TRANSIENT":8,"UNSEEN":123},"remove_to_clean":[[3,[0,7]]],"violations_to_clean":1}
DATA C_NEAR_SEPARATOR_ONE_VIOLATION {"dimension":2,"f":["parity_code","support_signature_id"],"margin_L1":0,"open_classified":33,"open_implication_counts":{"CYCLE":13,"TRANSIENT":20,"UNSEEN":129},"remove_to_clean":[[3,[0,7]]],"violations_to_clean":1}
DATA C_NEAR_SEPARATOR_ONE_VIOLATION {"dimension":2,"f":["position_product","support_link_count"],"margin_L1":0,"open_classified":32,"open_implication_counts":{"CYCLE":28,"TRANSIENT":4,"UNSEEN":130},"remove_to_clean":[[3,[0,7]]],"violations_to_clean":1}
DATA C_NEAR_SEPARATOR_ONE_VIOLATION {"dimension":2,"f":["epoch_direction","position_product"],"margin_L1":0,"open_classified":31,"open_implication_counts":{"CYCLE":28,"TRANSIENT":3,"UNSEEN":131},"remove_to_clean":[[3,[0,7]]],"violations_to_clean":1}
DATA C_NEAR_SEPARATOR_ONE_VIOLATION {"dimension":2,"f":["epoch_parity","position_product"],"margin_L1":0,"open_classified":31,"open_implication_counts":{"CYCLE":28,"TRANSIENT":3,"UNSEEN":131},"remove_to_clean":[[3,[0,7]]],"violations_to_clean":1}
DATA C_NEAR_SEPARATOR_ONE_VIOLATION {"dimension":2,"f":["direction_short_alignment","position_product"],"margin_L1":0,"open_classified":30,"open_implication_counts":{"CYCLE":27,"TRANSIENT":3,"UNSEEN":132},"remove_to_clean":[[3,[0,7]]],"violations_to_clean":1}
DATA C_NEAR_SEPARATOR_ONE_VIOLATION {"dimension":2,"f":["left","position_product"],"margin_L1":0,"open_classified":30,"open_implication_counts":{"CYCLE":27,"TRANSIENT":3,"UNSEEN":132},"remove_to_clean":[[3,[0,7]]],"violations_to_clean":1}
DATA C_NEAR_SEPARATOR_ONE_VIOLATION {"dimension":2,"f":["position_product","epoch_sum_parity"],"margin_L1":0,"open_classified":30,"open_implication_counts":{"CYCLE":27,"TRANSIENT":3,"UNSEEN":132},"remove_to_clean":[[3,[0,7]]],"violations_to_clean":1}
DATA C_NEAR_SEPARATOR_ONE_VIOLATION {"dimension":2,"f":["epoch","support_bank_imbalance"],"margin_L1":0,"open_classified":26,"open_implication_counts":{"CYCLE":21,"TRANSIENT":5,"UNSEEN":136},"remove_to_clean":[[3,[0,7]]],"violations_to_clean":1}
DATA C_NEAR_SEPARATOR_ONE_VIOLATION {"dimension":2,"f":["epoch","support_bank_count"],"margin_L1":0,"open_classified":23,"open_implication_counts":{"CYCLE":22,"TRANSIENT":1,"UNSEEN":139},"remove_to_clean":[[3,[0,7]]],"violations_to_clean":1}
DATA C_NEAR_SEPARATOR_ONE_VIOLATION {"dimension":2,"f":["left","support_signature_id"],"margin_L1":0,"open_classified":23,"open_implication_counts":{"CYCLE":7,"TRANSIENT":16,"UNSEEN":139},"remove_to_clean":[[3,[0,7]]],"violations_to_clean":1}
DATA C_NEAR_SEPARATOR_ONE_VIOLATION {"dimension":2,"f":["ring_separation","support_link_count"],"margin_L1":0,"open_classified":21,"open_implication_counts":{"CYCLE":11,"TRANSIENT":10,"UNSEEN":141},"remove_to_clean":[[3,[1,10]]],"violations_to_clean":1}
DATA C_NEAR_SEPARATOR_ONE_VIOLATION {"dimension":2,"f":["epoch","support_kind_mask"],"margin_L1":0,"open_classified":20,"open_implication_counts":{"CYCLE":19,"TRANSIENT":1,"UNSEEN":142},"remove_to_clean":[[3,[0,7]]],"violations_to_clean":1}
DATA C_NEAR_SEPARATOR_ONE_VIOLATION {"dimension":2,"f":["position_product","support_source_count"],"margin_L1":0,"open_classified":18,"open_implication_counts":{"CYCLE":11,"TRANSIENT":7,"UNSEEN":144},"remove_to_clean":[[3,[0,7]]],"violations_to_clean":1}
DATA C_NEAR_SEPARATOR_ONE_VIOLATION {"dimension":2,"f":["position_product","support_bank_imbalance"],"margin_L1":0,"open_classified":16,"open_implication_counts":{"CYCLE":9,"TRANSIENT":7,"UNSEEN":146},"remove_to_clean":[[3,[0,7]]],"violations_to_clean":1}
DATA C_NEAR_SEPARATOR_ONE_VIOLATION {"dimension":2,"f":["position_product","initial_residual_weight"],"margin_L1":0,"open_classified":15,"open_implication_counts":{"CYCLE":11,"TRANSIENT":4,"UNSEEN":147},"remove_to_clean":[[3,[0,7]]],"violations_to_clean":1}
DATA C_NEAR_SEPARATOR_ONE_VIOLATION {"dimension":2,"f":["position_product","support_bank_count"],"margin_L1":0,"open_classified":14,"open_implication_counts":{"CYCLE":10,"TRANSIENT":4,"UNSEEN":148},"remove_to_clean":[[3,[0,7]]],"violations_to_clean":1}
DATA C_NEAR_SEPARATOR_ONE_VIOLATION {"dimension":2,"f":["position_product","support_kind_mask"],"margin_L1":0,"open_classified":14,"open_implication_counts":{"CYCLE":10,"TRANSIENT":4,"UNSEEN":148},"remove_to_clean":[[3,[0,7]]],"violations_to_clean":1}
DATA C_NEAR_SEPARATOR_ONE_VIOLATION {"dimension":2,"f":["clockwise_gap","support_link_count"],"margin_L1":0,"open_classified":13,"open_implication_counts":{"CYCLE":11,"TRANSIENT":2,"UNSEEN":149},"remove_to_clean":[[3,[1,10]]],"violations_to_clean":1}
DATA C_NEAR_SEPARATOR_ONE_VIOLATION {"dimension":2,"f":["counterclockwise_gap","support_link_count"],"margin_L1":0,"open_classified":13,"open_implication_counts":{"CYCLE":11,"TRANSIENT":2,"UNSEEN":149},"remove_to_clean":[[3,[1,10]]],"violations_to_clean":1}
DATA C_NEAR_SEPARATOR_ONE_VIOLATION {"dimension":2,"f":["epoch","support_signature_id"],"margin_L1":0,"open_classified":13,"open_implication_counts":{"CYCLE":12,"TRANSIENT":1,"UNSEEN":149},"remove_to_clean":[[3,[0,7]]],"violations_to_clean":1}
DATA C_NEAR_SEPARATOR_ONE_VIOLATION {"dimension":2,"f":["epoch","position_product"],"margin_L1":0,"open_classified":10,"open_implication_counts":{"CYCLE":9,"TRANSIENT":1,"UNSEEN":152},"remove_to_clean":[[3,[0,7]]],"violations_to_clean":1}
DATA C_NEAR_SEPARATOR_ONE_VIOLATION {"dimension":2,"f":["epoch","support_link_count"],"margin_L1":0,"open_classified":9,"open_implication_counts":{"CYCLE":8,"TRANSIENT":1,"UNSEEN":153},"remove_to_clean":[[3,[0,7]]],"violations_to_clean":1}
DATA C_NEAR_SEPARATOR_ONE_VIOLATION {"dimension":2,"f":["position_product","support_signature_id"],"margin_L1":0,"open_classified":4,"open_implication_counts":{"CYCLE":0,"TRANSIENT":4,"UNSEEN":158},"remove_to_clean":[[3,[0,7]]],"violations_to_clean":1}
DATA C_NEAR_SEPARATOR_ONE_VIOLATION {"dimension":2,"f":["epoch","initial_residual_weight"],"margin_L1":0,"open_classified":2,"open_implication_counts":{"CYCLE":1,"TRANSIENT":1,"UNSEEN":160},"remove_to_clean":[[3,[0,7]]],"violations_to_clean":1}
PASS D_verdict_and_open_key_feature_implication_forecast
DATA D_VERDICT {"best_separator":{"dimension":2,"f":["direction_short_alignment","epoch_sum_parity"],"margin_L1":1,"open_classified":162,"open_implication_counts":{"CYCLE":120,"TRANSIENT":42,"UNSEEN":0},"remove_to_clean":[],"violations_to_clean":0},"forecast_label":"FEATURE_IMPLICATION_ONLY_NOT_A_CLAIM","interpretation":"HYPOTHESIS_GENERATOR_NOT_A_LAW","verdict":"SEPARATOR_FOUND"}
DATA D_HYPOTHESIS_FEATURE_IMPLICATION_FORECAST_162 {"counts":{"CYCLE":120,"TRANSIENT":42,"UNSEEN":0},"feature":["direction_short_alignment","epoch_sum_parity"],"not_a_claim":true,"rows":[{"imp":"TRANSIENT","k":[0,[0,2]]},{"imp":"CYCLE","k":[0,[0,3]]},{"imp":"TRANSIENT","k":[0,[0,4]]},{"imp":"CYCLE","k":[0,[0,5]]},{"imp":"CYCLE","k":[0,[0,6]]},{"imp":"CYCLE","k":[0,[0,7]]},{"imp":"CYCLE","k":[0,[0,8]]},{"imp":"CYCLE","k":[0,[0,9]]},{"imp":"TRANSIENT","k":[0,[1,3]]},{"imp":"CYCLE","k":[0,[1,4]]},{"imp":"TRANSIENT","k":[0,[1,5]]},{"imp":"CYCLE","k":[0,[1,6]]},{"imp":"CYCLE","k":[0,[1,7]]},{"imp":"CYCLE","k":[0,[1,8]]},{"imp":"CYCLE","k":[0,[1,9]]},{"imp":"CYCLE","k":[0,[1,10]]},{"imp":"TRANSIENT","k":[0,[2,4]]},{"imp":"CYCLE","k":[0,[2,5]]},{"imp":"TRANSIENT","k":[0,[2,6]]},{"imp":"CYCLE","k":[0,[2,7]]},{"imp":"CYCLE","k":[0,[2,8]]},{"imp":"CYCLE","k":[0,[2,9]]},{"imp":"CYCLE","k":[0,[2,10]]},{"imp":"TRANSIENT","k":[0,[3,5]]},{"imp":"CYCLE","k":[0,[3,6]]},{"imp":"TRANSIENT","k":[0,[3,7]]},{"imp":"CYCLE","k":[0,[3,8]]},{"imp":"CYCLE","k":[0,[3,9]]},{"imp":"CYCLE","k":[0,[3,10]]},{"imp":"TRANSIENT","k":[0,[4,6]]},{"imp":"CYCLE","k":[0,[4,7]]},{"imp":"TRANSIENT","k":[0,[4,8]]},{"imp":"CYCLE","k":[0,[4,9]]},{"imp":"CYCLE","k":[0,[4,10]]},{"imp":"TRANSIENT","k":[0,[5,7]]},{"imp":"CYCLE","k":[0,[5,8]]},{"imp":"TRANSIENT","k":[0,[5,9]]},{"imp":"CYCLE","k":[0,[5,10]]},{"imp":"TRANSIENT","k":[0,[6,8]]},{"imp":"CYCLE","k":[0,[6,9]]},{"imp":"TRANSIENT","k":[0,[6,10]]},{"imp":"TRANSIENT","k":[0,[7,9]]},{"imp":"CYCLE","k":[0,[7,10]]},{"imp":"TRANSIENT","k":[0,[8,10]]},{"imp":"CYCLE","k":[1,[0,2]]},{"imp":"CYCLE","k":[1,[0,3]]},{"imp":"CYCLE","k":[1,[0,4]]},{"imp":"CYCLE","k":[1,[0,5]]},{"imp":"CYCLE","k":[1,[0,6]]},{"imp":"TRANSIENT","k":[1,[0,7]]},{"imp":"CYCLE","k":[1,[0,8]]},{"imp":"TRANSIENT","k":[1,[0,9]]},{"imp":"CYCLE","k":[1,[1,3]]},{"imp":"CYCLE","k":[1,[1,4]]},{"imp":"CYCLE","k":[1,[1,5]]},{"imp":"CYCLE","k":[1,[1,6]]},{"imp":"CYCLE","k":[1,[1,7]]},{"imp":"TRANSIENT","k":[1,[1,8]]},{"imp":"CYCLE","k":[1,[1,9]]},{"imp":"TRANSIENT","k":[1,[1,10]]},{"imp":"CYCLE","k":[1,[2,4]]},{"imp":"CYCLE","k":[1,[2,5]]},{"imp":"CYCLE","k":[1,[2,6]]},{"imp":"CYCLE","k":[1,[2,7]]},{"imp":"CYCLE","k":[1,[2,8]]},{"imp":"TRANSIENT","k":[1,[2,9]]},{"imp":"CYCLE","k":[1,[2,10]]},{"imp":"CYCLE","k":[1,[3,5]]},{"imp":"CYCLE","k":[1,[3,6]]},{"imp":"CYCLE","k":[1,[3,7]]},{"imp":"CYCLE","k":[1,[3,8]]},{"imp":"CYCLE","k":[1,[3,9]]},{"imp":"TRANSIENT","k":[1,[3,10]]},{"imp":"CYCLE","k":[1,[4,6]]},{"imp":"CYCLE","k":[1,[4,7]]},{"imp":"CYCLE","k":[1,[4,8]]},{"imp":"CYCLE","k":[1,[4,9]]},{"imp":"CYCLE","k":[1,[4,10]]},{"imp":"CYCLE","k":[1,[5,7]]},{"imp":"CYCLE","k":[1,[5,8]]},{"imp":"CYCLE","k":[1,[5,9]]},{"imp":"CYCLE","k":[1,[5,10]]},{"imp":"CYCLE","k":[1,[6,8]]},{"imp":"CYCLE","k":[1,[6,9]]},{"imp":"CYCLE","k":[1,[6,10]]},{"imp":"CYCLE","k":[1,[7,9]]},{"imp":"CYCLE","k":[1,[7,10]]},{"imp":"CYCLE","k":[1,[8,10]]},{"imp":"TRANSIENT","k":[2,[0,2]]},{"imp":"CYCLE","k":[2,[0,3]]},{"imp":"TRANSIENT","k":[2,[0,4]]},{"imp":"CYCLE","k":[2,[0,5]]},{"imp":"CYCLE","k":[2,[0,6]]},{"imp":"CYCLE","k":[2,[0,7]]},{"imp":"CYCLE","k":[2,[0,8]]},{"imp":"TRANSIENT","k":[2,[1,3]]},{"imp":"CYCLE","k":[2,[1,4]]},{"imp":"TRANSIENT","k":[2,[1,5]]},{"imp":"CYCLE","k":[2,[1,6]]},{"imp":"CYCLE","k":[2,[1,7]]},{"imp":"CYCLE","k":[2,[1,8]]},{"imp":"CYCLE","k":[2,[1,9]]},{"imp":"CYCLE","k":[2,[1,10]]},{"imp":"TRANSIENT","k":[2,[2,4]]},{"imp":"CYCLE","k":[2,[2,5]]},{"imp":"TRANSIENT","k":[2,[2,6]]},{"imp":"CYCLE","k":[2,[2,7]]},{"imp":"CYCLE","k":[2,[2,8]]},{"imp":"CYCLE","k":[2,[2,9]]},{"imp":"CYCLE","k":[2,[2,10]]},{"imp":"TRANSIENT","k":[2,[3,5]]},{"imp":"CYCLE","k":[2,[3,6]]},{"imp":"TRANSIENT","k":[2,[3,7]]},{"imp":"CYCLE","k":[2,[3,8]]},{"imp":"CYCLE","k":[2,[3,9]]},{"imp":"CYCLE","k":[2,[3,10]]},{"imp":"TRANSIENT","k":[2,[4,6]]},{"imp":"CYCLE","k":[2,[4,7]]},{"imp":"TRANSIENT","k":[2,[4,8]]},{"imp":"CYCLE","k":[2,[4,9]]},{"imp":"CYCLE","k":[2,[4,10]]},{"imp":"TRANSIENT","k":[2,[5,7]]},{"imp":"CYCLE","k":[2,[5,8]]},{"imp":"TRANSIENT","k":[2,[5,9]]},{"imp":"CYCLE","k":[2,[5,10]]},{"imp":"TRANSIENT","k":[2,[6,8]]},{"imp":"CYCLE","k":[2,[6,9]]},{"imp":"TRANSIENT","k":[2,[6,10]]},{"imp":"TRANSIENT","k":[2,[7,9]]},{"imp":"CYCLE","k":[2,[7,10]]},{"imp":"TRANSIENT","k":[2,[8,10]]},{"imp":"CYCLE","k":[3,[0,2]]},{"imp":"CYCLE","k":[3,[0,3]]},{"imp":"CYCLE","k":[3,[0,4]]},{"imp":"CYCLE","k":[3,[0,8]]},{"imp":"TRANSIENT","k":[3,[0,9]]},{"imp":"CYCLE","k":[3,[1,3]]},{"imp":"CYCLE","k":[3,[1,4]]},{"imp":"CYCLE","k":[3,[1,5]]},{"imp":"TRANSIENT","k":[3,[1,8]]},{"imp":"CYCLE","k":[3,[1,9]]},{"imp":"CYCLE","k":[3,[2,4]]},{"imp":"CYCLE","k":[3,[2,5]]},{"imp":"CYCLE","k":[3,[2,6]]},{"imp":"TRANSIENT","k":[3,[2,9]]},{"imp":"CYCLE","k":[3,[2,10]]},{"imp":"CYCLE","k":[3,[3,5]]},{"imp":"CYCLE","k":[3,[3,6]]},{"imp":"CYCLE","k":[3,[3,7]]},{"imp":"TRANSIENT","k":[3,[3,10]]},{"imp":"CYCLE","k":[3,[4,6]]},{"imp":"CYCLE","k":[3,[4,7]]},{"imp":"CYCLE","k":[3,[4,8]]},{"imp":"CYCLE","k":[3,[5,7]]},{"imp":"CYCLE","k":[3,[5,8]]},{"imp":"CYCLE","k":[3,[5,9]]},{"imp":"CYCLE","k":[3,[6,8]]},{"imp":"CYCLE","k":[3,[6,9]]},{"imp":"CYCLE","k":[3,[6,10]]},{"imp":"CYCLE","k":[3,[7,9]]},{"imp":"CYCLE","k":[3,[7,10]]},{"imp":"CYCLE","k":[3,[8,10]]}]}
PASS E_boundaries_determinism_runtime_and_stdout_bounds
DATA E_BOUNDARIES_AND_BOUNDS {"boundaries":{"axiom_update_triggered":false,"features_are_data":true,"forecast_status":"FEATURE_IMPLICATION_ONLY_NOT_A_CLAIM","plain_reading":{"declared_named_input_files":6,"docs_read":0,"ledgers_read":0,"maximum_named_input_files":6},"probabilities_assigned":false,"scope":"FINITE_14_RESOLVED_KEY_DISCRIMINATION_CENSUS","separator_status":"HYPOTHESIS_GENERATOR_NOT_A_LAW","statistical_weights_assigned":false},"deterministic":true,"discrimination_sha256":"a570e13d59239d4c25934f9942a730b063513cc6d0bb227a231a4a6b72e3ae1a","feature_table_sha256":"266dd5f0c36cb79eb88a143c303e31ef1f79b068d6131545962ee38f8d24e705","replay_discrimination_sha256":"a570e13d59239d4c25934f9942a730b063513cc6d0bb227a231a4a6b72e3ae1a","runtime_limit_seconds":1500,"runtime_seconds":63.626708,"stdout_bytes_before_E_and_terminal":106156,"stdout_limit_bytes":153600}
{"best_separator":{"dimension":2,"f":["direction_short_alignment","epoch_sum_parity"],"margin_L1":1,"open_classified":162,"open_implication_counts":{"CYCLE":120,"TRANSIENT":42,"UNSEEN":0},"remove_to_clean":[],"violations_to_clean":0},"boundaries":{"axiom_update_triggered":false,"features_are_data":true,"forecast_status":"FEATURE_IMPLICATION_ONLY_NOT_A_CLAIM","plain_reading":{"declared_named_input_files":6,"docs_read":0,"ledgers_read":0,"maximum_named_input_files":6},"probabilities_assigned":false,"scope":"FINITE_14_RESOLVED_KEY_DISCRIMINATION_CENSUS","separator_status":"HYPOTHESIS_GENERATOR_NOT_A_LAW","statistical_weights_assigned":false},"checks":{"A_anchors_and_resolved_key_identity_controls":true,"B_full_176_key_landed_feature_table":true,"C_all_single_and_bounded_pair_discrimination_tests":true,"D_verdict_and_open_key_feature_implication_forecast":true,"E_boundaries_determinism_runtime_and_stdout_bounds":true},"clean_separators":103,"cycle":795,"discrimination_sha256":"a570e13d59239d4c25934f9942a730b063513cc6d0bb227a231a4a6b72e3ae1a","feature_rows":176,"feature_table_sha256":"266dd5f0c36cb79eb88a143c303e31ef1f79b068d6131545962ee38f8d24e705","features":89,"forecast_implication_counts":{"CYCLE":120,"TRANSIENT":42,"UNSEEN":0},"near_separators":143,"pairs_tested":276,"pass":true,"report_sha256":"de9c34cf65ef0ed72385637597fb51cfa83acb5ded83f32c18545dc0325a19bd","resolved":{"cycles":12,"open":162,"transients":2},"runtime_seconds":63.626749,"terminal":"CYCLE795_DISCRIMINATOR_CENSUS_PASS","verdict":"SEPARATOR_FOUND"}

----- stderr -----

