rho,S_x1,S_x2,S_xy1,S_xy2,Fx2_per_V,Fy2_per_V,Fz2_per_V,Fx_per_sqrtV,Fy_per_sqrtV,Fz_per_sqrtV
7.561159885126189639e-01,3.194433678266024867e-01,3.804041788569106908e-01,2.893543696362765316e-01,4.029363578506558463e-01,2.709099264705912002e-01,2.726332720588270364e-01,4.110179227941191393e-01,1.454266345432702334e-01,5.352837036934748188e-02,6.987110291574036292e-02
7.537774463158933846e-01,3.140014184926953056e-01,3.885579136996650251e-01,4.338339041053849710e-01,3.039042308646436874e-01,2.644761029411785702e-01,3.116383272058840803e-01,3.833295036764720609e-01,-5.447577515464496062e-02,-6.229186463335432272e-02,1.987181537162920897e-01
7.534830662909598464e-01,3.735168976988926248e-01,3.843032369319008268e-01,3.811977025861493229e-01,3.405918442330632123e-01,3.221507352941184732e-01,3.386374080882379456e-01,3.812040441176475780e-01,1.184255981622721887e-01,7.366072205693298403e-02,-8.052940675034496454e-02
7.554713737787536187e-01,3.998552092136592462e-01,3.899775558697517464e-01,3.393724245738082845e-01,4.314279696628980365e-01,4.733455882352967659e-01,4.271599264705890908e-01,3.351332720588262593e-01,1.345314795123405127e-01,1.781120996360565922e-01,2.889584595159418179e-02
7.540209409347667924e-01,3.628475853997321088e-01,3.813092913576251464e-01,3.333493173883138039e-01,3.551002431084371858e-01,6.055261948529347960e-01,2.235753676470610685e-01,3.623621323529419569e-01,-1.302681579784882235e-02,-5.684428711788942941e-03,6.016020386643449597e-02
7.533145083833729938e-01,3.838250557896755732e-01,2.944058450669838067e-01,3.977515895058120199e-01,3.496708448898476762e-01,2.445427389705893406e-01,2.262178308823551975e-01,5.000000000000014433e-01,2.723788757732257398e-02,9.474047852975681821e-04,1.927968738081793643e-01
7.517686654030107940e-01,3.456458814065498930e-01,3.697171893659038089e-01,3.381427713229482324e-01,3.258757552829839033e-01,5.052849264705866483e-01,2.505170036764735042e-01,3.616153492647052881e-01,-2.453778393922300405e-01,4.287006653474198514e-02,-6.229186463335498886e-02
7.542922635100766104e-01,3.324634166961674686e-01,2.867929594891601153e-01,3.382526500304826600e-01,4.107478479303103835e-01,4.530101102941194169e-01,3.349609375000003886e-01,2.662568933823558637e-01,-9.900380006365948338e-02,-1.390316522425079915e-01,-1.262416876409818423e-01
7.555055624109489054e-01,4.076474622428282180e-01,3.055697083927156887e-01,3.657418146672281600e-01,3.095450203656620602e-01,2.560891544117664953e-01,3.607536764705899235e-01,3.119255514705905341e-01,1.657958374271786828e-02,-2.685892566320337571e-01,-5.684428711789177996e-03
7.529565216008518025e-01,4.107825628693846376e-01,3.888469483837359575e-01,3.031732609671791145e-01,4.110676532894147472e-01,3.943589154411769604e-01,2.618910845588258707e-01,3.537454044117663843e-01,9.971435365263378592e-02,2.392197082877888653e-02,2.368511963245428786e-02
7.525695142351863653e-01,4.271332678454349829e-01,3.992977568156472201e-01,3.860438972740830033e-01,3.811267039876872209e-01,3.253102022058826370e-01,2.850413602941203051e-01,5.253906249999981126e-01,-6.466037659660064940e-02,-2.368511963245418031e-02,4.452802490901447419e-02
7.555673802284750273e-01,3.526956137425563687e-01,3.608120780503848435e-01,5.009398611935059753e-01,2.847136098000800364e-01,3.124425551470610962e-01,5.055147058823519224e-01,3.286994485294129076e-01,1.205572589291938473e-01,-2.273771484715624569e-01,-1.051619311680990071e-01
7.546132788647476053e-01,3.459285809924838029e-01,4.025025857280913888e-01,3.717044791494705791e-01,4.112745081545194359e-01,2.602826286764733377e-01,2.587316176470612628e-01,1.611902573529431781e-01,3.623823303765470044e-02,1.089515503092852201e-02,9.616158570776503489e-02
7.524337535619770589e-01,4.626707612749744736e-01,3.488873698408895274e-01,4.047828453322563913e-01,3.640960583331434575e-01,4.275045955882350035e-01,4.921875000000016098e-01,2.938878676470605966e-01,-2.965376977983293916e-01,2.984325073689259034e-02,1.643747302492331308e-01
7.547732896142854697e-01,4.100089787153535226e-01,3.481787539291484324e-01,3.554198518497344028e-01,3.322121827156085394e-01,4.086626838235314363e-01,3.822380514705907006e-01,2.651654411764723940e-01,-2.212190173671252924e-01,-2.321141723980555543e-02,1.482688488991651676e-01
7.524440896600869122e-01,3.514935469754510433e-01,3.062511968014701713e-01,3.841900724653071753e-01,2.902886859150341503e-01,4.071691176470626505e-01,3.470818014705916443e-01,3.787913602941179736e-01,2.595889111717009090e-01,1.368999914755881231e-01,-1.639010278565845857e-01
7.543892638153872898e-01,3.936246302718728884e-01,3.995881197686688702e-01,3.658301847239062710e-01,4.077319485084628936e-01,2.753906250000039413e-01,4.354319852941190283e-01,5.244715073529423455e-01,2.733262805585253696e-01,1.662695398198304475e-01,3.368024011735019085e-01
7.541064125152692199e-01,4.185925031854323408e-01,3.830758405385136789e-01,3.738981197949902135e-01,4.065258363715080758e-01,2.983685661764726715e-01,4.876493566176473560e-01,5.119485294117687157e-01,3.836989380457608845e-02,-2.167188446369577859e-01,3.595401160206606050e-01
7.524166592458814140e-01,3.126783228032401496e-01,3.775657380304421329e-01,3.533584549933680985e-01,3.599302028861642300e-01,5.967371323529433447e-01,3.417394301470604301e-01,2.883157169117662177e-01,1.151096814137278213e-01,1.248205804630348054e-01,-1.106095086835622993e-01
7.551660613423563095e-01,3.700581691124242290e-01,3.751799891044072521e-01,3.139378037887575190e-01,3.783502486201553716e-01,3.540326286764725050e-01,7.032973345588241498e-01,3.836167279411781261e-01,-3.813304260825166325e-02,-1.887704034706640943e-01,1.084778479166418064e-01
7.509870973692254204e-01,2.867775956614957988e-01,4.369508618972599012e-01,2.673697552756628681e-01,3.104626177275517374e-01,2.753906250000026090e-01,4.156135110294120749e-01,2.291475183823553918e-01,2.321141723980514951e-02,1.447160809542961668e-01,-1.461371881322440225e-01
7.546963651918371374e-01,2.826983583663166821e-01,5.239124881756497265e-01,3.510900320823469589e-01,3.661067513352933012e-01,3.270335477941200830e-01,3.036534926470604301e-01,2.149586397058847187e-01,1.565586407705239491e-01,-8.337162110623939915e-02,-9.805639527836010338e-02
7.566677771346410619e-01,4.276739449569460505e-01,4.210447020733257828e-01,3.618947327647697998e-01,3.616128221684704602e-01,2.604549632352968769e-01,2.770565257352960997e-01,1.831341911764729768e-01,-1.051619311680973834e-01,-1.797700580103296364e-01,-4.594913208696142781e-02
7.544306082078164888e-01,3.792379834761138158e-01,2.893931190644625784e-01,3.733052092764658769e-01,3.719088636451014507e-01,3.465647977941209157e-01,3.046300551470610962e-01,4.468060661764745034e-01,2.489306073370945449e-01,-1.636641766602601467e-01,-8.289791871359020181e-02
7.563596819026090490e-01,3.509881329321969390e-01,4.228050119477111957e-01,3.616259392700893471e-01,3.858864052460933558e-01,3.402458639705905896e-01,4.219898897058855791e-01,3.111213235294141843e-01,6.655518616719664771e-02,-3.330127820323110499e-01,9.331937135187011456e-02
7.546156641181568370e-01,4.214077130586493247e-01,3.569884149261666750e-01,4.087103700988489741e-01,4.164676678074755167e-01,6.256318933823492578e-01,3.466796875000031086e-01,4.027458639705887022e-01,-2.629048279202418625e-02,-3.955414978619913036e-02,-1.958759393603981269e-01
7.549939255546475048e-01,4.006492083888222866e-01,3.193159791781769452e-01,4.238414524330532118e-01,4.674299193553282938e-01,4.764476102941209712e-01,5.374540441176447469e-01,4.742647058823548645e-01,-1.122674670578339279e-01,-2.197979101891768261e-01,-2.842214355894554650e-02
7.532115449445365707e-01,4.369180777715916952e-01,4.013880172352778941e-01,4.111908775653674297e-01,3.233860936272910935e-01,3.569623161764681196e-01,1.965188419117657181e-01,5.221737132352946009e-01,-1.705328613536720161e-01,4.760709046123329236e-02,-2.477463513554744867e-01
7.531407824267236650e-01,3.878593499962650903e-01,3.535999383140734365e-01,3.476750834469294893e-01,3.753348781075749874e-01,4.179687500000008327e-01,3.341567095588259262e-01,5.274586397058843579e-01,-1.487425512918139070e-01,-1.333472235307187337e-01,1.373736938682353255e-02
7.536691160568891323e-01,3.758212745193125204e-01,3.886327187896982394e-01,3.502157461540350569e-01,3.871222260993630315e-01,4.797794117647078971e-01,3.202550551470605966e-01,4.270450367647042333e-01,-2.557992920305072748e-01,2.740368341474990199e-01,-6.489722779292519950e-02
7.549519848488703833e-01,3.369473766765707645e-01,3.407815139680627770e-01,4.110135209196379980e-01,4.001968834963333110e-01,5.599724264705883137e-01,2.788373161764726715e-01,5.331456801470575435e-01,2.036920288391044082e-02,-8.763494264008089840e-02,-1.068198895423694700e-01
7.531292537019134148e-01,3.174290820859613782e-01,3.336282930511964562e-01,4.765640075638175599e-01,4.806443994440293688e-01,3.108340992647080081e-01,3.386948529411802911e-01,2.535615808823555306e-01,-1.162939373953514738e-01,2.842214355894486216e-03,-2.226401245450708097e-02
7.528004862736590308e-01,2.724564251845489893e-01,3.840759588940360070e-01,4.081459144138147588e-01,3.684506802001020209e-01,4.032628676470605411e-01,3.075022977941200830e-01,3.125000000000015543e-01,-1.065830383460450448e-01,-1.290839019968766932e-01,8.052940675034438167e-02
7.546786745623849102e-01,2.904772706639727198e-01,3.574275590423356963e-01,3.016082475107466632e-01,3.717656292687445685e-01,3.388671875000016098e-01,4.273322610294120194e-01,3.826976102941189173e-01,-4.973875122815501690e-03,4.192266174944361129e-02,1.037408239901506657e-01
7.546959676496017844e-01,3.055535605017004608e-01,4.029740763251480340e-01,3.197128531276173802e-01,3.309710716268814967e-01,2.689568014705893129e-01,2.612017463235305481e-01,3.226102941176468564e-01,4.926504883550479608e-02,-8.645068665845861977e-02,6.868684693411762632e-02
7.533622134515567392e-01,2.729412960689970857e-01,3.743329603574777620e-01,3.213975179155867945e-01,3.293007442862963541e-01,3.638556985294143509e-01,4.084329044117650520e-01,2.744140625000022204e-01,-1.061093359533942238e-01,1.975338977346702274e-01,1.333472235307188725e-01
7.542471424664168866e-01,2.736106427595393353e-01,3.180590432309071125e-01,2.615016405242144293e-01,2.421718832525835419e-01,3.048023897058837473e-01,4.263556985294113533e-01,5.313074448529406801e-01,-3.742248901927805460e-02,-1.231626220887625939e-01,-2.323510235943776758e-01
7.544799034449409803e-01,3.824907956264265718e-01,3.353341442465972988e-01,4.072829127790601467e-01,4.705166326315516900e-01,4.854090073529433447e-01,3.583409926470615958e-01,6.295955882352971544e-01,1.302681579784994714e-01,-1.847439331331383189e-02,-6.631833497087252782e-02
7.545657725676783167e-01,4.010279035887188148e-01,3.604678929080205596e-01,3.374714795782527421e-01,3.410365652289125138e-01,4.063648897058818044e-01,2.761948529411787367e-01,3.995863970588257597e-01,-2.174293982259307700e-01,8.716124024743189536e-02,-2.638522327055423111e-01
7.540922997659251781e-01,5.064883435498395148e-01,4.051867711404116279e-01,4.298750891416500131e-01,3.453008145483427160e-01,3.131893382352943789e-01,5.275160845588251490e-01,3.914866727941199720e-01,2.368511963245435725e-01,-3.124067279520734708e-01,1.537164264146282378e-01
7.555872573402189207e-01,3.162295566098974331e-01,3.000607450301741586e-01,4.072952614390787374e-01,3.010393496330047713e-01,2.379940257352960720e-01,2.379365808823570849e-01,4.261259191176461347e-01,1.143991278247547816e-01,3.173806030748851231e-02,8.100310914299438392e-02
7.538007025366323388e-01,3.405929535504779171e-01,3.947394536142620480e-01,3.684511334827673679e-01,3.737533900857507030e-01,3.242761948529424565e-01,5.102826286764707842e-01,2.284581801470619566e-01,-7.981885316137020403e-02,-1.281364972115777157e-01,-1.262416876409817312e-01
7.531141470969862084e-01,2.948291219297643484e-01,3.168447487638506588e-01,4.228069595212280984e-01,3.470234317455448969e-01,3.149701286764717278e-01,5.574448529411809572e-01,3.469669117647067869e-01,1.380842474572090695e-01,-3.969626050399358008e-01,-2.084290527655981162e-02
7.546230186495033188e-01,4.080134648952131182e-01,3.574088176396058580e-01,3.960197779599093915e-01,2.971245128272843039e-01,3.494370404411792363e-01,3.052619485294129631e-01,3.523092830882356141e-01,-2.439567322142824693e-02,1.425844201873756878e-01,-2.013235168758642502e-02
7.540994555261538723e-01,4.912652554583331055e-01,3.453308914346372438e-01,3.931101062673626467e-01,3.306795206989178726e-01,3.462201286764710062e-01,4.046989889705895349e-01,5.102251838235306591e-01,-7.650293641282782109e-02,2.250086365083157208e-02,-8.574013306948508051e-02
7.540624840983101151e-01,3.984588847178140436e-01,3.287228765754086623e-01,2.956515588548347950e-01,3.987194228848063293e-01,3.985523897058834142e-01,5.511259191176494099e-01,3.707490808823558082e-01,9.805639527836124136e-02,1.122674670578344691e-01,6.110760865173233553e-02
7.540034490764301323e-01,3.999524864079647135e-01,3.192742330427573716e-01,2.468396306270963791e-01,2.804596641562887016e-01,2.969324448529429006e-01,3.993566176470599305e-01,3.412224264705898680e-01,4.713338806858407420e-02,2.321141723980528482e-01,1.117937646651841060e-01
7.540135864034230861e-01,2.959021613365159786e-01,4.115755413261640849e-01,3.243570901045302879e-01,4.049297493923931235e-01,4.136603860294130741e-01,3.149701286764721164e-01,2.846966911764715613e-01,1.871124450963917996e-02,8.266106751726491619e-02,-2.591152087790509762e-01
7.540674533762474763e-01,4.668087741261769952e-01,3.560097185851189283e-01,4.017082597432098945e-01,4.063971221831144676e-01,2.146139705882383619e-01,3.488625919117649965e-01,3.853400735294133517e-01,1.762172900654619401e-01,-6.655518616719720282e-02,-8.716124024743165943e-02
7.546254039029111071e-01,4.354447695126341666e-01,2.737820825077426079e-01,3.199149601825489464e-01,4.003887184733567195e-01,4.338235294117666618e-01,2.958409926470607632e-01,2.822840073529443439e-01,-7.816089478709950522e-02,1.207941101255175370e-01,-1.800069092066526252e-02
7.537933480052955160e-01,3.769704598656821171e-01,3.801196122861522642e-01,3.170856574913554216e-01,3.466627774280872654e-01,3.351907169117662733e-01,2.912454044117656626e-01,5.444048713235273285e-01,1.397422058314831510e-02,4.026470337517253778e-02,1.143991278247547816e-01
7.567437077015072289e-01,4.231354110563163573e-01,4.020145403011749496e-01,3.450655480068750558e-01,3.655127315516846775e-01,4.021139705882390558e-01,3.355928308823556971e-01,3.454159007352951560e-01,-1.729013733169172118e-01,4.737023926491090373e-03,-7.697663880547660209e-02
7.535263983945633681e-01,3.924774332328670456e-01,3.453088669805432498e-01,4.646778738200738057e-01,3.405399489683417213e-01,3.155445772058830811e-01,3.184742647058859122e-01,2.093290441176498262e-01,-1.769278436544344801e-01,-6.537093018557509072e-02,-6.300241822232849342e-02
7.534204533889692357e-01,3.665710357258157304e-01,3.702842326109006543e-01,3.885507942077998100e-01,3.745394011264736034e-01,3.492072610294120749e-01,4.316406250000012212e-01,3.307100183823566963e-01,3.289863116947923660e-01,-2.813792212335562981e-01,-1.556112359852255544e-01
7.547567916115400788e-01,4.523518630351241465e-01,3.713691279636330833e-01,3.267065385875813077e-01,3.358791253699330293e-01,3.552389705882372795e-01,7.680951286764732266e-01,4.385340073529419014e-01,1.440055273653222112e-01,-6.466037659660139880e-02,9.853009767100934235e-02
7.562191507225712872e-01,3.545541081821209639e-01,4.154505795643552157e-01,4.038812876708114397e-01,3.217953624916983779e-01,5.831801470588290348e-01,2.767118566176484662e-01,1.865234375000015821e-01,1.785858020287067471e-01,-1.584534503411204609e-01,-3.339601868176071686e-02
7.517523661713816363e-01,4.483241456387256907e-01,4.451274059660731974e-01,4.801809056482789217e-01,3.313255622498301189e-01,2.796989889705908117e-01,3.001493566176489103e-01,4.372702205882354476e-01,-1.006617584379309316e-01,1.655589862308570193e-01,-5.589688233259260813e-02
7.540352524552156321e-01,2.812522249335158153e-01,4.071055595124397630e-01,3.796278638343028033e-01,2.954511197607095907e-01,2.069163602941195834e-01,7.103056066176335337e-01,5.669806985294056911e-01,1.184255981622700862e-02,-3.010378705284941225e-01,5.518632874361926177e-01
7.508914884617354790e-01,3.126110307911646458e-01,3.744348988684588209e-01,2.982360258937439279e-01,4.535971988408389333e-01,3.643727022058861342e-01,3.610409007352926580e-01,4.051585477941203051e-01,7.342387086060634879e-03,-6.229186463335456558e-02,-3.062485968476366671e-01
7.552614714787294625e-01,3.246553650749767206e-01,3.119348476529312242e-01,3.115207094635260021e-01,3.899960367280463358e-01,4.551930147058844134e-01,2.872817095588246494e-01,2.409811580882364468e-01,-1.122674670578337613e-01,5.708113831421571249e-02,-3.955414978619904015e-02
7.544351799435154993e-01,4.493754373730301510e-01,3.084943140381189997e-01,3.325060305586194365e-01,2.839678550048534422e-01,3.344439338235325465e-01,5.680721507352941568e-01,3.636259191176476890e-01,3.458027466338336325e-02,1.160570861990234404e-02,-5.542317993994334835e-02
7.548724764018931443e-01,4.314607480634382597e-01,4.693631905916619829e-01,3.616324792258447385e-01,3.696598053857186317e-01,2.807329963235322690e-01,3.127872242647066203e-01,2.883157169117667173e-01,-9.781954408203602513e-02,-6.892369813044238458e-02,9.734584168938725801e-02
7.531851083859149032e-01,3.731441173757838459e-01,3.269813030716272051e-01,3.051005877354920903e-01,3.355602866555086883e-01,2.846392463235312142e-01,3.393267463235322690e-01,3.111213235294134072e-01,1.736119269058908066e-01,7.555553162752909335e-02,1.421107177947262545e-01
7.540648693517223444e-01,2.931925094994283776e-01,3.392557704938992114e-01,2.951124787243684100e-01,4.263330420516182606e-01,4.247472426470593754e-01,2.112247242647085077e-01,2.289177389705900345e-01,-5.352837036934691983e-02,-5.447577515464466572e-03,-1.115569134688602637e-01
7.541491483055204892e-01,4.243969757448784463e-01,2.742373181453305886e-01,3.474523997386488872e-01,3.656689537650802957e-01,3.376608455882362803e-01,3.709214154411792919e-01,3.995289522058839693e-01,1.032671215975011492e-01,6.513407898925038797e-02,-2.771158996997152499e-02
7.549823968298408072e-01,3.096712205694377995e-01,3.584349299459120286e-01,4.378349291208101790e-01,3.267545044049113834e-01,3.611557904411791808e-01,5.704273897058866893e-01,3.135914522058854681e-01,1.065830383460412804e-02,-1.231626220887634821e-02,-1.414001642057526320e-01
7.543262533711573292e-01,4.065600371378657596e-01,3.431308710713799615e-01,3.227234823496166749e-01,3.208945377220766004e-01,4.043543198529427896e-01,3.662109375000009437e-01,2.865923713235304926e-01,-6.418667420395172962e-02,-8.218736512461660704e-02,3.813304260825158692e-02
7.555965995827402804e-01,3.214629826822732461e-01,3.433231045356014421e-01,3.863320436600099494e-01,3.811250323172585275e-01,5.212545955882333937e-01,3.882697610294119084e-01,3.009535845588260927e-01,2.851688403747515421e-01,3.552767944868712863e-03,-8.763494264008089840e-03
7.528515704508443873e-01,5.630866149178908042e-01,3.973339067856554996e-01,2.881650696277064938e-01,3.657372350566267527e-01,3.478285845588248715e-01,2.132927389705902566e-01,4.547334558823541983e-01,1.546638311999281867e-01,-1.186624493585965584e-01,1.160570861990263547e-01
7.546393178811302560e-01,3.525129863228534943e-01,3.136648044945284930e-01,3.417671633115415553e-01,3.908383379158688054e-01,3.161764705882362803e-01,3.577665441176474670e-01,3.201976102941202496e-01,-7.863459717974807806e-02,-1.226889196961144790e-01,8.289791871358970221e-02
7.548873842356991215e-01,3.099924159334650486e-01,3.302716779299787464e-01,4.008449464265826934e-01,2.991710052294095368e-01,2.943474264705890908e-01,2.857881433823556971e-01,3.914866727941210822e-01,6.394982300762673544e-02,-1.729013733169183081e-02,-1.129780206468074533e-01
7.541521298722804190e-01,3.856396315955197829e-01,3.715089515443130708e-01,4.127601280978825393e-01,3.785553589932660334e-01,4.281939338235309922e-01,3.437500000000015543e-01,5.557789522058811382e-01,5.210726319139936946e-02,2.581678039937532199e-01,5.234411438772365588e-02
7.545464917692875639e-01,3.316560231720347418e-01,3.495525600995275650e-01,2.799575840107093594e-01,3.987590574860054304e-01,3.902228860294134072e-01,2.374770220588262870e-01,3.210018382352944899e-01,2.797212628592866679e-01,-5.637058472524136832e-02,2.387460058951415831e-01
7.530171467916759731e-01,3.210096317870964056e-01,3.642272629287429120e-01,4.262036525099010542e-01,2.780244450731789163e-01,4.762178308823517003e-01,2.315027573529438165e-01,4.947725183823550310e-01,-9.947750245631114402e-03,-7.910829957239778887e-02,-7.887144837607303061e-02
7.526146352788548599e-01,3.628209097179999620e-01,3.852655218182203800e-01,3.767013491833493544e-01,3.284561131187511140e-01,3.239315257352964883e-01,2.475873161764728936e-01,3.918313419117672725e-01,5.921279908113528598e-03,4.073840576782145756e-02,-3.623823303765498494e-02
7.539233443161004189e-01,3.015532169283491881e-01,4.153247596440675093e-01,3.421785658000017216e-01,3.905859770036972378e-01,3.290441176470589313e-01,4.634650735294137402e-01,3.816636029411783482e-01,-1.572691943594976549e-01,-5.684428711789060035e-02,-1.444792297579721441e-01
7.535605870267636508e-01,3.465332421249842643e-01,4.581976368600303440e-01,3.330273508724585496e-01,3.245006258689965839e-01,3.015854779411785147e-01,2.660271139705902566e-01,2.583869485294136292e-01,1.373736938682358633e-02,-7.839774598342362510e-02,2.505885657113685050e-01
7.554055805388755207e-01,3.256073851168823086e-01,3.400979346130229564e-01,3.399053663948644610e-01,4.150301724023159888e-01,3.579963235294137958e-01,4.001608455882374460e-01,4.250344669117646634e-01,-1.018460144195556250e-01,-1.122674670578346912e-01,1.729013733169143183e-02
7.550287105002043697e-01,3.500242836556420878e-01,4.355456981374815073e-01,4.176990000389962376e-01,3.474800704815201313e-01,3.939568014705913113e-01,3.419692095588244829e-01,2.671185661764729491e-01,-1.421107177947313581e-02,-1.432949737763484221e-01,1.444792297579725326e-01
7.523218454228598473e-01,2.825689513354616156e-01,3.108174204422595177e-01,3.820947483623186036e-01,2.537568357811115227e-01,4.762752757352941568e-01,3.401309742647085077e-01,5.209673713235261072e-01,-1.612956646970138963e-01,2.579309527974298355e-01,2.749842389327973313e-01
7.542896794855483700e-01,3.996375802922744191e-01,4.598181939194184720e-01,4.403333292560705492e-01,4.011652204862916626e-01,4.074563419117658847e-01,5.070657169117623875e-01,3.307100183823551975e-01,7.342387086060784933e-03,-2.716683221842522422e-01,2.692998102210078515e-01
7.520713938148808619e-01,3.402970302442528960e-01,3.853331488293820772e-01,5.093453722342967671e-01,5.124978745253406798e-01,3.920036764705907006e-01,3.142807904411784037e-01,8.198529411764673425e-01,1.463740393285688224e-01,-5.992335267010884953e-02,4.244373438135833343e-01
7.552318545822290785e-01,2.989780948825582763e-01,4.692695728438348035e-01,3.655431815164842391e-01,4.398971049750240447e-01,4.766199448529404026e-01,4.272173713235306591e-01,2.819967830882383342e-01,-1.688749029793992218e-01,-1.451897833469446564e-01,-7.745034119812602147e-02
7.534582199012862525e-01,3.439818253271829662e-01,3.414228612957642683e-01,3.270492910276204812e-01,4.038143723892388404e-01,5.144186580882330606e-01,3.818359375000029421e-01,3.578814338235303261e-01,-2.250086365083213413e-02,-2.413513690547114676e-01,2.079553503729501540e-01
7.530372226745389863e-01,3.418086817487570039e-01,3.636951196247735218e-01,2.883513413637636136e-01,3.313470861428428060e-01,3.845932904411782371e-01,2.851562500000029976e-01,3.894186580882355586e-01,1.882967010780137729e-01,1.539532776109540368e-01,-9.213511537024743348e-02
7.557373295338897234e-01,4.699141922132144544e-01,4.127288896332569346e-01,3.795778532054410181e-01,3.021124530088836191e-01,3.464499080882361692e-01,4.279067095588252045e-01,3.602941176470624285e-01,1.352420331013146348e-01,-2.413513690547109125e-01,-2.084290527655987546e-01
7.529690441812519897e-01,4.222940265961842021e-01,3.268419761207344565e-01,3.752951026602925899e-01,3.579573909174461055e-01,3.446691176470609297e-01,5.827205882352917143e-01,4.434168198529407356e-01,-4.310691773106691688e-02,-5.826539429583807439e-02,-1.816648675809248437e-01
7.530241037807831050e-01,3.516784812066645061e-01,4.600148204124047679e-01,3.594537181624258837e-01,3.447462648713774946e-01,4.787454044117623320e-01,3.831571691176492989e-01,3.131893382352967659e-01,3.600138184133108710e-02,1.814280163846009597e-01,1.724276709242683336e-01
7.539217541471625594e-01,3.703973262020273105e-01,4.380274428405869225e-01,3.447155482308372765e-01,4.112579945949573768e-01,4.548483455882331716e-01,4.849494485294130186e-01,3.307674632352961552e-01,1.046882287754482693e-01,5.542317993994345243e-02,-6.679203736352118392e-02
7.554904558060223652e-01,3.056592620757249690e-01,3.776729651089408279e-01,2.975927987401150721e-01,3.069676229817632218e-01,3.878102022058834142e-01,4.053308823529437888e-01,2.796989889705905341e-01,1.617693670896636626e-01,5.637058472524119485e-02,8.929290101435215232e-02
7.552465636449210429e-01,3.639691197370661380e-01,4.044891694193311071e-01,3.450885194608244722e-01,3.232916558034546473e-01,3.087086397058824705e-01,2.474724264705900068e-01,4.460592830882367243e-01,-1.264785388373057817e-01,2.794844116629585651e-02,-1.494531048807882512e-01
7.541998349404641644e-01,3.526422876342480972e-01,3.348945400823678531e-01,4.379984212796387832e-01,2.905439405540991560e-01,2.851562500000026645e-01,3.403607536764725605e-01,5.228630514705890908e-01,6.158131104437214801e-03,-1.153465326100523991e-01,9.189826417392311930e-02
7.547301562818056198e-01,4.074848236113218780e-01,4.304232819282747813e-01,3.166559613634839510e-01,3.811768837808809374e-01,4.104434742647059542e-01,2.429342830882368909e-01,4.789177389705897570e-01,4.808079285388180274e-02,8.881919862170394031e-02,1.143991278247564053e-01
7.530952638408320299e-01,4.081972672499623034e-01,4.055967536825164643e-01,4.679124304196970452e-01,4.123899209644895092e-01,3.555836397058846909e-01,2.199563419117667451e-01,5.178653492647067313e-01,7.295016846795990273e-02,1.437686761689994930e-01,3.199859662344589073e-01
7.533534675223899635e-01,3.442221460936818467e-01,4.041155308759369347e-01,3.227154067914820290e-01,4.616976295526812879e-01,3.677045036764691188e-01,3.973460477941185842e-01,4.415785845588257041e-01,9.781954408203623330e-02,4.334376892739071063e-02,-1.025565680085277626e-01
7.541718082129044154e-01,4.111647967045959917e-01,4.692685433141260964e-01,3.126804400429721298e-01,3.103966026498640174e-01,2.370749080882386672e-01,2.956112132352975985e-01,3.413947610294137402e-01,-1.437686761689964399e-01,-1.766909924581099300e-01,3.576453064500561413e-02
7.548440521321003738e-01,4.236337176252473191e-01,3.269964751144531223e-01,3.371284307393424551e-01,3.654234197600058076e-01,3.212316176470596529e-01,7.583869485294144619e-01,3.663832720588247049e-01,2.197979101891773257e-01,-1.094252527019388410e-01,7.721349000180156852e-02
7.515685028877417961e-01,3.616124828660366997e-01,4.504014208759093973e-01,3.463200335245645856e-01,4.090480055221823452e-01,2.944623161764723940e-01,1.568818933823546702e-01,3.652343750000007772e-01,-1.781120996360578690e-01,-5.566003113626762783e-02,2.586415063864027086e-01
7.529956795109943313e-01,3.315502015750422804e-01,3.370348674830639379e-01,3.868759643263715020e-01,3.763451627312873748e-01,3.574793198529424565e-01,3.855698529411771824e-01,3.423713235294114088e-01,-6.276556702600324944e-02,2.051131360170559970e-01,-1.961127905567226770e-01
7.527052749084049976e-01,3.316318083302856046e-01,4.570976636789326752e-01,4.241722619174959630e-01,3.766699054886443743e-01,4.350298713235295489e-01,3.250804227941196944e-01,2.856158088235316583e-01,-2.228769757413946173e-01,1.579797479484704725e-01,4.737023926489260673e-04
7.540380352508623263e-01,3.209944741603634188e-01,3.687178206998484309e-01,2.870904013996816162e-01,3.761113953151934419e-01,3.185317095588272029e-01,2.466107536764722552e-01,4.514590992647084522e-01,9.497732972614243707e-02,3.055380432586628225e-02,-2.730894293622000979e-01
7.534588162146362844e-01,2.511969664311184403e-01,3.488918314274954136e-01,4.354336554703871487e-01,3.169413978561495537e-01,4.721392463235295489e-01,4.145220588235318804e-01,3.829273897058860232e-01,5.566003113626970256e-02,1.894809570596368495e-02,1.155833838063774904e-01
7.514124675605542425e-01,4.079105638546863255e-01,4.175040056819297463e-01,3.853936581170798181e-01,3.892261183578065720e-01,4.710477941176497430e-01,3.224954044117662733e-01,3.601792279411780151e-01,-2.572203992084549640e-01,1.383210986535333975e-01,2.439567322142798811e-01
7.539750248066369176e-01,3.887787294672528371e-01,3.646385781157317485e-01,4.654260093818276545e-01,3.801405201056330396e-01,2.211052389705892018e-01,3.497817095588248715e-01,3.053768382352948785e-01,-1.584534503411199613e-01,1.295576043895249885e-01,1.103726574872378602e-01
7.543252595155699458e-01,3.394241664479962783e-01,4.113406122348045035e-01,3.400303051502757690e-01,3.737817813251490540e-01,3.507008272058836362e-01,3.162913602941198610e-01,4.089499080882348370e-01,9.734584168938757720e-02,2.984325073689324259e-02,1.537164264146295700e-01
7.543405648916136075e-01,4.136879818986141655e-01,3.974536273238938322e-01,3.918563060870108306e-01,4.114797837461730556e-01,2.457490808823542261e-01,2.740119485294136292e-01,2.599379595588261482e-01,2.231138269377209160e-01,9.331937135187007293e-02,-3.908044739354885749e-02
7.533975947104620818e-01,2.917782055408019715e-01,3.630435003658472048e-01,3.338640436709913173e-01,3.918210142319338840e-01,2.964728860294133517e-01,3.295036764705880916e-01,2.412683823529427340e-01,-2.818529236262062518e-02,-8.479272828418664421e-02,1.605851111080414673e-01
7.533618159093274924e-01,2.849892414726899470e-01,3.556947813965716798e-01,3.605056851632041370e-01,3.549650182743783189e-01,4.191750919117643304e-01,3.278377757352962663e-01,3.538028492647077861e-01,1.755067364764858473e-01,-9.734584168938761883e-02,-4.973875122815827818e-03
7.560605313708532726e-01,3.176986850949468089e-01,4.483386336446547604e-01,4.157494485731442202e-01,3.419969011595175301e-01,3.164062500000008327e-01,3.398437500000017208e-01,3.892463235294147395e-01,-1.316892651564465500e-01,-1.847439331331436965e-02,4.973875122815472200e-02
7.541058162019150801e-01,3.132162092417145605e-01,3.949388270077897056e-01,3.101642980410566075e-01,4.158703217356622961e-01,3.516773897058840803e-01,3.455882352941185842e-01,4.672564338235304371e-01,-5.305466797669776413e-02,-5.968650147378530557e-02,1.283733484079015996e-01
7.525335366629377631e-01,3.048052097233596713e-01,3.311041264250415006e-01,3.487910734747612373e-01,3.920782303207638320e-01,1.882467830882372239e-01,2.672334558823560857e-01,2.683249080882366133e-01,-7.816089478709840888e-03,4.215951294576857078e-02,1.965864929493713747e-02
7.519177437410962117e-01,3.473678111370188115e-01,3.144848083036120290e-01,3.727315052572635068e-01,3.667155582945922920e-01,4.065946691176482441e-01,3.992991727941205271e-01,3.882697610294145174e-01,1.061093359533951813e-01,1.148728302174035765e-01,-6.181816224070596499e-02
7.569068987889261413e-01,3.279079230122257105e-01,4.600042896354724076e-01,4.301421562597510517e-01,3.450685353697267588e-01,5.094784007352952671e-01,2.778033088235320469e-01,5.456686580882361692e-01,4.287006653474274148e-02,1.847439331331444390e-01,-1.101358062909129493e-01
7.529350543201740464e-01,3.839180305315772479e-01,3.623024396017762161e-01,3.523909522213135581e-01,3.504954345767525847e-01,3.231847426470618734e-01,3.450137867647086187e-01,3.394990808823547535e-01,1.392685034388315146e-01,-1.724276709242684724e-01,1.946916833787753487e-01
7.518418131742343746e-01,3.394827279025121602e-01,4.223479550213977141e-01,2.997116468159138347e-01,3.230383141503754274e-01,3.227251838235299375e-01,3.249080882352946564e-01,3.491498161764712838e-01,-1.397422058314806703e-01,8.005570435769572557e-02,-8.952975221067722977e-02
7.547337341619182460e-01,3.393059624030297927e-01,4.092612050869339213e-01,3.556827404416852412e-01,3.646755146419884963e-01,3.487477022058853571e-01,3.559857536764728381e-01,2.798138786764742258e-01,-1.305050091748225505e-01,1.219783661071399267e-01,1.444792297579726090e-02
7.549941243257677348e-01,3.493504417701395193e-01,4.161222238863102607e-01,3.259448421287383102e-01,3.549610819579679388e-01,3.572495404411795139e-01,3.735064338235302150e-01,3.027343750000016653e-01,-2.598257623680251815e-01,1.269522412299558811e-01,1.136885742357809925e-01
7.527329040937343896e-01,4.152204858307747548e-01,3.474501918983300963e-01,3.722329090880693858e-01,4.229370459949934324e-01,4.282513786764709507e-01,2.702780330882380011e-01,2.834903492647083967e-01,-9.639843690409001520e-02,1.186624493585965723e-01,2.107975647288429927e-02
7.540211397058843579e-01,2.793025265468941365e-01,3.428391213087030320e-01,3.737995891445236585e-01,3.630679669557549394e-01,4.170496323529436777e-01,3.773552389705890353e-01,3.343864889705883137e-01,1.686380517830761150e-01,1.018460144195580501e-02,1.350051819049908133e-02
7.543852883930379782e-01,4.242768972739252020e-01,4.624419077045108240e-01,3.681436561682602804e-01,3.142659455112587485e-01,2.961856617647077305e-01,3.714384191176476335e-01,3.156020220588270364e-01,1.563217895742007382e-02,-7.295016846795900067e-02,6.063390625908347126e-02
7.540434020710344853e-01,4.038094845436069891e-01,3.843543049981010262e-01,3.785467018011582918e-01,3.852542846142418820e-01,2.653952205882384452e-01,3.422564338235294379e-01,3.938419117647068979e-01,-9.237196656657212235e-02,9.474047852981777595e-02,-1.056356335607470942e-01
7.531006306610033008e-01,3.001313714036107361e-01,3.003575822882935120e-01,3.749874388239362588e-01,3.154761725101114522e-01,5.951861213235256631e-01,4.917853860294141843e-01,2.558019301470617624e-01,2.233506781340443281e-01,5.329151917302257790e-02,-1.101358062909130187e-01
7.543592493766546614e-01,3.558587418456820028e-01,3.826185410611716575e-01,3.324009899034031101e-01,3.613166068883069126e-01,3.438074448529420124e-01,3.017003676470614848e-01,2.918198529411785702e-01,-8.502957948051100001e-02,1.894809570596327555e-02,-6.442352540027559971e-02
7.535033409449406472e-01,4.758687174800485531e-01,3.610721514406103339e-01,3.165225666797529813e-01,3.438943168671602102e-01,4.456571691176490768e-01,3.438648897058844689e-01,3.714958639705899790e-01,1.700591589610216670e-01,7.626608521650309058e-02,2.006129632868892121e-01
7.540893181991661365e-01,5.117727393212723186e-01,3.135257753905931755e-01,3.478079400598879656e-01,4.248245152839289496e-01,4.741498161764705621e-01,3.386374080882365578e-01,3.085937500000017208e-01,-2.415882202510354071e-02,2.801949652519370448e-01,1.222152173034649486e-01
7.548039003663734592e-01,3.638018749559638887e-01,3.178161432519182039e-01,3.674639529602621857e-01,2.992805780531090365e-01,3.825827205882367799e-01,2.892922794117677721e-01,4.428998161764713393e-01,6.300241822232842404e-02,1.378473962608844916e-01,-8.289791871359040998e-02
7.518901145557730370e-01,4.091003998722382851e-01,4.128950506333456394e-01,3.777768293222879548e-01,3.922967048631654241e-01,3.376608455882355031e-01,2.845243566176489658e-01,4.254365808823548090e-01,-1.008986096342573829e-01,5.092300720977693818e-02,1.894809570595893354e-03
7.512645818491723304e-01,3.728177432688832282e-01,3.729909207037846453e-01,3.497252966989794487e-01,3.192487670726629201e-01,3.803998161764713393e-01,5.256204044117588348e-01,3.500689338235326575e-01,-4.547542969431261212e-02,-1.188993005549222881e-01,3.003273169395227482e-01
7.543121406218217251e-01,3.364831882186805623e-01,4.069986808016396451e-01,4.008216160610646450e-01,3.666288341777381166e-01,4.797794117647071754e-01,3.211167279411770714e-01,2.665441176470620954e-01,-7.626608521650345140e-02,1.084778479166415843e-01,1.634273254639357353e-01
7.555363719341541273e-01,3.521474846578002138e-01,3.877934199677988691e-01,3.943773327301540177e-01,4.058817041328179887e-01,3.331227022058837473e-01,3.426011029411785702e-01,2.789522058823554751e-01,-8.408217469521320209e-02,1.477951465065157621e-01,6.205501343703034856e-02
7.542501240331802581e-01,3.439936277988116520e-01,4.699129096273619299e-01,3.537670955985300347e-01,3.336923773353044353e-01,4.636374080882368909e-01,3.380055147058850795e-01,4.071116727941173630e-01,1.684012005867506212e-01,6.347612061497780178e-02,-8.076625794666962566e-02
7.545679590499663192e-01,3.334749534718973729e-01,3.986701024054947196e-01,3.322577898589234024e-01,2.851281403401064174e-01,3.287568933823553086e-01,3.967141544117663288e-01,3.135340073529443439e-01,4.097525696414622970e-02,-4.310691773106777730e-02,-8.574013306948523316e-02
7.532528893369655476e-01,3.917859159855889839e-01,4.077962837731448076e-01,3.068408534866608472e-01,2.932122570753528668e-01,2.681525735294136847e-01,3.732192095588272585e-01,2.619485294117673835e-01,2.131660766920893679e-01,-2.723788757732236929e-02,-2.605363159569996645e-01
7.545723320145583113e-01,3.338258878686712339e-01,3.833359722789549395e-01,3.909246951548728810e-01,3.702633650037589486e-01,4.353170955882380566e-01,3.404181985294143509e-01,2.930261948529433447e-01,-9.379307374451925639e-02,-2.984325073689265140e-01,-4.429117371268899428e-02
7.545111105103777804e-01,4.050912688895132452e-01,3.300489411124437056e-01,2.983206961884862785e-01,3.183142203509983781e-01,3.936695772058842469e-01,2.894646139705902010e-01,3.131318933823539763e-01,2.645627862945160169e-01,-5.802854309951321204e-02,-4.950190003183023435e-02
7.548981178760437727e-01,2.970706892874366845e-01,3.842784412619191237e-01,3.323251216061693381e-01,3.840717987127658106e-01,4.167049632352956001e-01,4.360638786764738928e-01,3.219784007352951560e-01,3.292231628911167496e-01,-4.327271356849428652e-01,-2.839845843931302349e-01
7.538098460080424612e-01,3.977357399600561227e-01,3.617555616416882613e-01,3.674312864103868037e-01,3.794938806661342090e-01,6.785386029411847320e-01,3.870059742647077305e-01,4.339384191176490213e-01,1.260048364446570701e-01,6.939740052309108231e-02,1.075304431313432590e-01
7.527305188403272673e-01,4.027079423275576886e-01,4.332328153849825947e-01,4.443775688672996771e-01,2.635995874676402839e-01,2.177159926470600415e-01,2.367876838235343784e-01,3.872357536764723385e-01,-7.342387086060871149e-02,-1.757435876728129232e-01,-1.674537958014523376e-01
7.531282598463243660e-01,3.830019525255139445e-01,3.271366545211587540e-01,3.655108537168458294e-01,4.250751946834263606e-01,3.150850183823554751e-01,4.148092830882355031e-01,5.930606617647097289e-01,-1.783489508323823081e-01,1.423475689910504716e-01,-2.321141723980460481e-02
7.544876555185235922e-01,3.694470917964181589e-01,3.864787640414873993e-01,3.309556302958486240e-01,3.408244854370052201e-01,2.852711397058835807e-01,3.844784007352966548e-01,2.872242647058841358e-01,3.315916748543945494e-03,2.053499872133801862e-01,-1.620062182859874911e-01
7.529372408024616048e-01,3.617986298522682387e-01,3.352716029754051474e-01,4.174939170530714283e-01,3.070317000674094854e-01,3.014705882352952115e-01,2.919347426470619289e-01,3.288717830882368909e-01,-1.231626220887656852e-02,5.589688233259232364e-02,-4.026470337517492129e-03
7.529006669168522015e-01,3.497114555002950320e-01,3.750417209863149415e-01,3.471483315755800603e-01,3.820445338055009077e-01,5.303308823529393479e-01,3.350183823529442328e-01,2.250114889705907006e-01,-8.526643067683277802e-03,2.557992920305111884e-02,1.229257708924380438e-01
7.521518961174397111e-01,3.635274415579394791e-01,3.270672896421064624e-01,4.579740883016096276e-01,3.413943361016247846e-01,4.586971507352977651e-01,2.538488051470614293e-01,3.372012867647085632e-01,8.881919862170394031e-02,-6.560778138189851671e-02,1.610588135006903454e-01
7.548696936062526675e-01,4.246230462896503077e-01,2.768958390453353791e-01,3.383087522656038626e-01,3.108444133412250343e-01,3.740808823529432892e-01,2.363855698529435112e-01,2.975643382352964883e-01,-3.789619141193207447e-03,5.755484070686416737e-02,2.311667676127564519e-01
7.514722976669061527e-01,3.810257853360429769e-01,3.743926753940732821e-01,4.375410289425503141e-01,3.450327230469608097e-01,5.172334558823535877e-01,3.845932904411777931e-01,1.795726102941199998e-01,1.880598498816863084e-01,-1.461371881322440780e-01,-4.405432251636512420e-02
7.535311689013803882e-01,3.873595643810321953e-01,4.926004461266759726e-01,4.345714743836054383e-01,3.901094565518553048e-01,5.172334558823540318e-01,4.492761948529445659e-01,3.401884191176499095e-01,2.913269714791882348e-01,1.314524139601217223e-01,1.331103723343951550e-01
7.539654837929982145e-01,4.356865132069552837e-01,3.167424889686281664e-01,3.681049785280456343e-01,3.535621073975689921e-01,3.345588235294136292e-01,2.936006433823549755e-01,2.632697610294150170e-01,-9.947750245630986032e-03,-2.818529236262040660e-02,4.973875122815434036e-03
7.537368970079422192e-01,3.768049724209247553e-01,3.752504537935049123e-01,4.056694737016713903e-01,3.748469953978910696e-01,3.030790441176495209e-01,4.330193014705912558e-01,2.966452205882366688e-01,-1.406896106167798421e-01,7.484497803855511000e-02,1.023197168122027961e-01
7.520425720028459660e-01,3.852896787036300674e-01,4.362157386861877928e-01,3.391673756453728039e-01,3.754337067092108349e-01,4.482996323529427896e-01,2.811351102941207492e-01,3.643152573529436777e-01,-2.363774939318945001e-01,2.842214355894502956e-02,-4.121210816047082143e-02
7.533596294270294980e-01,4.146447653077207085e-01,3.663274783186686312e-01,3.177324136951821809e-01,4.181277925255696415e-01,2.938878676470628171e-01,3.319163602941194724e-01,3.260569852941198055e-01,-1.283733484079027098e-01,1.856913379184430002e-01,8.052940675034490903e-02
7.552634591899043404e-01,2.729051749448660469e-01,4.409022009100308503e-01,3.248844692447451776e-01,3.807037917141033456e-01,4.920726102941190283e-01,3.612706801470590978e-01,3.824103860294125190e-01,7.105535889736275257e-02,1.792963556176801199e-01,2.723788757732238316e-02
7.553443590347079795e-01,3.716174035085690885e-01,4.709928332595673672e-01,4.053038160704103832e-01,3.683524141003842178e-01,3.978630514705910892e-01,3.158318014705905341e-01,3.994140625000009992e-01,9.284566895922094498e-02,-6.063390625908239573e-02,-7.745034119812552187e-02
7.533415412553410295e-01,4.448858317706347876e-01,4.099757055985597254e-01,4.083142043235806762e-01,3.334328062874241660e-01,3.608685661764718944e-01,2.328239889705901178e-01,2.323069852941204438e-01,1.383210986535350628e-01,3.718563782295340736e-02,1.056356335607464142e-01
7.533838795033550584e-01,4.118724245525050565e-01,3.465512527087701300e-01,3.596246577629239605e-01,3.413140108589754473e-01,2.623506433823561967e-01,3.000919117647087853e-01,3.096852022058832477e-01,-1.352420331013149679e-01,-1.771646948507594466e-01,-5.850224549216238162e-02
7.533896438657625705e-01,3.459100196855443565e-01,3.174743694117800330e-01,3.352126800807323503e-01,4.077432322426089994e-01,3.501263786764728381e-01,2.902113970588270364e-01,2.127757352941198610e-01,-2.115081183178174062e-01,5.921279908113624701e-02,1.364262890829372465e-01
7.541360294117678276e-01,3.215932284609711034e-01,3.599351775598231828e-01,2.437160184672245156e-01,3.685091379595755168e-01,5.522173713235305481e-01,3.421989889705894794e-01,2.668887867647065648e-01,3.886728131685783239e-01,-2.314036188090796975e-01,1.610588135006932320e-02
7.545613996030922088e-01,2.971236151810601189e-01,3.510760617632356362e-01,3.390107363954432129e-01,3.721609642693278763e-01,2.963579963235306591e-01,4.215877757352964328e-01,2.786075367647069534e-01,-1.835596771515206893e-01,1.148728302174036736e-01,-2.174293982259304092e-01
7.551034484403588154e-01,3.819787779729668653e-01,3.754766114784043318e-01,4.374442706497329025e-01,4.810016444192962703e-01,2.784352022058831921e-01,2.757927389705901455e-01,3.858570772058827480e-01,-8.266106751726606805e-02,2.629048279202429381e-02,2.584046551900763267e-01
7.532037928709528485e-01,3.645033731353037876e-01,3.190021837664925308e-01,3.731052673001479802e-01,4.444353482265883670e-01,4.690946691176482997e-01,4.131433823529420124e-01,3.577665441176492989e-01,1.468477417212129925e-02,-2.510622681040069679e-02,-8.337162110623946853e-02
7.542938536790133597e-01,3.139681935946000979e-01,3.097928271955629476e-01,3.372144994655609795e-01,3.997370375362690464e-01,4.604779411764711727e-01,2.793543198529450100e-01,4.642118566176485217e-01,-2.610100183496478765e-01,7.602923402017874865e-02,5.944965027746076935e-02
7.540549307958480663e-01,2.893344287794099023e-01,4.417550311696140097e-01,3.566024395079931408e-01,4.180211039954405683e-01,5.992072610294044699e-01,3.849954044117633867e-01,4.268727022058854681e-01,2.399302618767629180e-01,-1.141622766284299262e-01,-2.527202264782890673e-01
7.540330659729301832e-01,3.786831697592717982e-01,4.491857106612089368e-01,3.776959843561071284e-01,3.189145272093445449e-01,2.443129595588253711e-01,2.994600183823551420e-01,3.918887867647052325e-01,-1.200835565365446084e-01,-6.039705506275872687e-02,-4.358062012371631544e-02
7.545089240280901111e-01,3.369125433412051840e-01,3.578376370984504562e-01,3.251095692185932973e-01,4.199909083500024121e-01,3.717256433823546424e-01,2.817095588235323245e-01,4.027458639705885912e-01,2.617205719386229701e-01,-1.894809570596387577e-02,-4.002785217884771707e-02
7.537738684357832009e-01,4.527478046900264008e-01,3.911590650293422788e-01,3.177147389854417248e-01,3.572309282917059958e-01,3.551240808823547535e-01,5.022977941176457461e-01,4.400275735294129631e-01,-1.345314795123403184e-01,-5.873909668848645294e-02,1.871124450963893571e-01
7.541169473844880899e-01,3.552427432796489981e-01,3.960936624693831565e-01,3.411872465317422609e-01,3.925238589041422088e-01,3.120978860294156276e-01,2.981387867647092849e-01,3.285271139705901455e-01,-1.200835565365433039e-01,-1.231626220887633155e-01,2.100870111398701612e-01
7.546216272516773627e-01,3.641057097058110203e-01,4.510313881238871003e-01,4.575749750601628141e-01,3.201725127948459870e-01,3.156020220588255931e-01,3.367417279411767939e-01,3.886144301470628726e-01,4.689653687226016249e-02,1.894809570596100220e-03,1.508742120587341640e-01
7.540398241909220811e-01,4.361225672170057632e-01,4.352976512777980145e-01,3.883479286451982926e-01,4.265879152020960463e-01,3.893037683823561412e-01,4.307215073529440663e-01,3.215188419117647189e-01,-8.834549622905518707e-02,2.430093274289822358e-01,-9.734584168938743842e-02
7.527621234479981993e-01,3.172067991779344842e-01,3.035108893562583621e-01,4.111806994274713190e-01,2.616556632103592683e-01,3.364545036764706731e-01,4.596162683823544759e-01,3.289292279411802911e-01,6.892369813044214866e-02,-4.950190003182974863e-02,-2.633785303128943212e-01
7.547691154208235886e-01,3.627229579302443385e-01,3.647083412439489636e-01,3.532911417108858809e-01,3.601678069375197078e-01,4.277343750000039968e-01,4.049287683823553086e-01,2.798713235294139623e-01,-2.842214355894528977e-01,-1.693486053720494600e-01,-5.210726319140206175e-03
7.521312239212289974e-01,3.727756991022485589e-01,3.604428147903949164e-01,3.825942208890475427e-01,3.417322395703604743e-01,5.157973345588204861e-01,4.041819852941211932e-01,3.728745404411796804e-01,1.811911651882758545e-01,1.639010278565848078e-01,9.237196656657124111e-03
7.539807891690453179e-01,3.998426104962216066e-01,3.326981809059345596e-01,3.121769612343309186e-01,4.267028389646296271e-01,2.941176470588250380e-01,3.797104779411768494e-01,3.072725183823541428e-01,-2.368511963245475797e-03,-1.762172900654603025e-01,-1.276627948189287265e-01
7.538971065285997586e-01,3.879997756721418334e-01,2.931327838321018953e-01,4.120551651777111246e-01,4.525567744538593340e-01,3.351332720588250935e-01,2.180032169117675500e-01,2.243221507352959609e-01,-9.095085938862487729e-02,-2.723788757732239357e-02,-1.302681579784987012e-02
7.537577679752685000e-01,4.649133300522937939e-01,3.906995697180384863e-01,3.078156806723954531e-01,3.583435185123801658e-01,2.958984375000011102e-01,2.306410845588258984e-01,4.660500919117653851e-01,2.527202264782876240e-01,8.976660340700223784e-02,1.823754211699041977e-02
7.543799215728698160e-01,4.298800353266964969e-01,4.101462122863362425e-01,3.033252285034098161e-01,3.295484669223713858e-01,3.847081801470613738e-01,3.259420955882351700e-01,3.759191176470603746e-01,-1.736119269058906123e-01,7.910829957239745580e-02,1.861650403110905738e-01
7.543288373956853476e-01,3.324665261084210899e-01,3.832745677557388153e-01,3.497413673656581956e-01,4.596792024852258685e-01,6.219554227941176405e-01,4.238281249999983902e-01,2.999195772058828591e-01,-1.617693670896643010e-01,-2.145871838700365297e-01,-1.717171173352932956e-01
7.524470712268467310e-01,3.581708081071465211e-01,3.869964942442426503e-01,3.428830811474100626e-01,4.394404448049007428e-01,2.893497242647079526e-01,2.352366727941192504e-01,3.151999080882373350e-01,-2.013235168758618562e-02,-7.105535889738669088e-04,3.718563782295370573e-02
7.542350174282469455e-01,3.861458594298284308e-01,3.791479528471674576e-01,2.673187940954627750e-01,3.334873638905904714e-01,2.460937500000014433e-01,2.657398897058845244e-01,3.107766544117669949e-01,1.425844201873752992e-01,-1.018460144195544037e-01,2.463252441775244661e-02
7.557748972750880645e-01,4.056338706811871697e-01,3.231296471569286566e-01,4.067205473073083333e-01,3.172406255008003995e-01,3.163488051470631501e-01,4.220473345588253156e-01,3.681640624999993894e-01,5.850224549216191672e-02,-2.006129632868888790e-01,3.908044739354998853e-02
7.547297587395654928e-01,4.566954765661746518e-01,3.140440957505725161e-01,4.468220082757668465e-01,3.231386984037893928e-01,2.906709558823559747e-01,2.649356617647077305e-01,6.095473345588209302e-01,-1.037408239901513735e-01,-1.326366699417480012e-02,6.939740052309230356e-02
7.535381258904934043e-01,3.199607781044511157e-01,3.622160722214610162e-01,3.690749650889385003e-01,4.109958048380440432e-01,2.370749080882370019e-01,2.119715073529435390e-01,3.671300551470604856e-01,-4.026470337517315187e-03,-9.947750245630820887e-02,-1.871124450963865260e-02
7.537790364848386826e-01,4.561397404212320650e-01,4.265362425523662182e-01,4.118696520564655295e-01,3.611885350003125050e-01,4.900620404411782927e-01,2.272518382352975708e-01,3.316291360294141843e-01,5.234411438772496733e-02,1.710065637463200894e-01,1.290839019968757218e-01
7.545178687283754515e-01,3.882953799791974414e-01,3.504667643364856033e-01,3.101336316921369241e-01,3.690220190774599063e-01,4.403147977941170854e-01,3.404756433823545314e-01,3.549517463235343229e-01,9.592473451144033214e-02,4.476487610533887163e-02,-4.618598328328641506e-02
7.510095585054933354e-01,2.881734965182454200e-01,3.559414369585440219e-01,3.284613807445822542e-01,3.356731186498404518e-01,3.468520220588242053e-01,5.544577205882389448e-01,3.981502757352941568e-01,1.231626220887630796e-01,3.647508423397976401e-02,-8.834549622905518707e-02
7.556478825310390945e-01,3.542719626750328032e-01,3.360784302322752937e-01,3.790044546804477443e-01,3.490930846936248777e-01,5.816865808823560302e-01,4.218175551470584317e-01,4.439912683823525885e-01,-1.766909924581096525e-01,2.392197082877887612e-02,1.901915106486090079e-01
7.541254945425428513e-01,4.351613038084679030e-01,3.617361374724069600e-01,3.070709893409147573e-01,3.427666109544582063e-01,4.111902573529401250e-01,4.237706801470600970e-01,3.352481617647078416e-01,2.164819934406329027e-01,-1.276627948189300310e-01,2.695366614173321240e-01
7.544288192677567340e-01,3.189391460649375620e-01,3.225372829220538584e-01,5.260988047664629796e-01,3.397844020304661150e-01,5.055147058823549200e-01,3.334673713235308812e-01,2.464384191176492711e-01,-1.852176355257917628e-01,-4.571228089063673200e-02,1.923231714155307637e-01
7.541264883981274592e-01,3.026335799800000115e-01,4.018981913355060831e-01,3.764616997575680468e-01,2.596424381223217392e-01,2.856158088235319359e-01,5.287798713235316583e-01,2.782054227941203606e-01,-1.591640039300921960e-01,2.105607135325194834e-01,1.184255981622634899e-03
7.540000699674327400e-01,3.549036673608484960e-01,2.920238483382650574e-01,4.265072909250836597e-01,2.635042132260221881e-01,5.083869485294147950e-01,3.652918198529422344e-01,4.437614889705878696e-01,3.713826758368888870e-01,-2.067710943913261545e-01,1.702960101573469665e-01
7.532836988601648853e-01,3.352187602353494111e-01,3.230337137979434337e-01,3.084716866927557644e-01,3.508359220300737991e-01,5.547449448529393479e-01,4.998276654411769604e-01,2.738970588235309922e-01,-1.233994732850868248e-01,2.285614044531848743e-01,3.742248901927838767e-02
7.554425519667232747e-01,3.686716364695016290e-01,2.990446532624457254e-01,2.862192422837530614e-01,2.734670617433089812e-01,5.117187499999994449e-01,4.416934742647105616e-01,5.016084558823536987e-01,8.147681153564309553e-02,-6.394982300762902874e-03,-5.210726319139969559e-02
7.531109667591016077e-01,3.619844974258537018e-01,2.893622399064065820e-01,3.179051920230732686e-01,3.109579577407322604e-01,1.312614889705896737e-01,2.323644301470608742e-01,1.952550551470616791e-01,-2.344826843612972389e-02,-4.618598328328649139e-02,-2.155345886553352783e-02
7.542129538342152717e-01,4.434620245420756168e-01,3.908460112979038059e-01,3.212845983737411815e-01,4.867444737678129352e-01,3.512752757352948230e-01,5.533088235294107982e-01,4.369255514705904786e-01,9.497732972614301994e-02,-1.946916833787752654e-01,-1.918494690228799981e-01
7.547569903826598647e-01,3.511112947330671807e-01,3.894538900406210313e-01,3.358373372365704990e-01,3.903832523879169902e-01,4.277343750000008327e-01,4.680032169117648300e-01,3.571346507352953226e-01,-2.491674585334207048e-01,8.289791871358951486e-03,-7.413442444958161237e-02
7.527901501755582814e-01,3.308602040331227179e-01,3.045947007704498666e-01,3.978715649876079508e-01,4.036016509611363157e-01,3.650045955882354476e-01,2.563763786764725050e-01,4.294577205882376125e-01,-8.147681153564366452e-02,-1.238731756777362719e-01,4.073840576782110368e-02
7.532340060808075943e-01,4.227407306748671156e-01,3.777231645002871452e-01,2.738949989118922845e-01,3.222586706487411412e-01,2.988855698529438998e-01,2.767118566176501870e-01,3.312270220588265923e-01,1.053987823644223915e-01,1.139254254321056120e-01,2.610100183496498749e-01
7.547722957586995296e-01,3.326553039112221666e-01,3.627203464537887556e-01,3.493986276760517873e-01,3.658425556804255629e-01,4.004480698529429561e-01,4.395105698529414573e-01,3.772403492647090628e-01,-6.276556702600487314e-02,-1.935074273971517655e-01,-4.760709046123355603e-02
7.543214828643374226e-01,3.572677982657515017e-01,4.419048002618339299e-01,3.981221853340144445e-01,3.535692423339205637e-01,4.603630514705881471e-01,3.771254595588250935e-01,5.656020220588225955e-01,-6.773944214881941206e-02,7.342387086060326098e-03,-1.586903015374455939e-01
7.527096478729916607e-01,4.145882930507319153e-01,3.945386666767232153e-01,3.781582165438334142e-01,3.779105394376660598e-01,3.230698529411774045e-01,3.032513786764724495e-01,5.486557904411760722e-01,-2.013235168758618077e-01,-2.171925470296071914e-01,1.451897833469470434e-01
7.534327771982503030e-01,3.877398308194165977e-01,4.276410784591259118e-01,4.297060786709104852e-01,3.416041387902598037e-01,2.336282169117686602e-01,2.721162683823545314e-01,3.442095588235317138e-01,6.560778138189878039e-02,2.351932379502729986e-01,1.430581225800250655e-01
7.548426607342726413e-01,3.198980724987271484e-01,3.557909778381688204e-01,3.881036970461228530e-01,3.470615376255532514e-01,2.571231617647095069e-01,3.214613970588276470e-01,4.642118566176491323e-01,-1.421107177947283917e-02,1.411633130094288313e-01,-2.105607135325184842e-01
7.541246994580710350e-01,3.104750194147783415e-01,4.645463228583688320e-01,3.166879514510369531e-01,4.565671380880537700e-01,4.280215992647074530e-01,3.547794117647061207e-01,3.940716911764720609e-01,-1.840333795441732034e-01,-3.126435791484013377e-02,-3.491186633823800678e-01
7.547472505979023749e-01,3.323492190517647882e-01,3.635838349317860874e-01,3.235595593451056629e-01,3.644353518188311880e-01,4.824218750000011657e-01,3.089384191176494654e-01,4.055032169117662733e-01,-9.189826417392306379e-02,-3.552767944868161221e-02,5.802854309951305245e-02
7.550436183340141216e-01,3.574343885857901859e-01,3.581165135478356909e-01,3.881875929879483600e-01,3.309048687262552968e-01,4.138901654411786812e-01,4.774816176470590978e-01,3.137063419117676610e-01,2.581678039937450667e-02,1.193730029475705001e-01,1.729013733169239286e-02
7.550036653394049946e-01,4.222117011936295516e-01,3.801712720890019770e-01,4.508712857305499089e-01,4.404646569535924372e-01,4.354894301470584317e-01,4.097541360294125745e-01,4.315831801470613738e-01,-1.063461871497203975e-01,-7.223961487898591938e-02,1.096621038982641266e-01
7.555089415199462977e-01,4.182557390573480860e-01,4.202761294916105284e-01,3.239507489971051313e-01,3.838227373398775399e-01,4.101562500000026645e-01,3.722426470588234837e-01,3.149701286764728381e-01,-4.879134644285589711e-02,-1.207941101255174260e-01,-2.072447967839759209e-01
7.537728745801940411e-01,3.787640573616482542e-01,4.039340808154071594e-01,3.562907181699217496e-01,3.768682960551625882e-01,2.504021139705905341e-01,4.094094669117671059e-01,2.520105698529439553e-01,7.981885316137157793e-02,9.734584168938738291e-02,1.210309613218407826e-01
7.536456610650338339e-01,3.383771529585401505e-01,2.857322081088880528e-01,4.896200213186303607e-01,3.667776301952778706e-01,2.904986213235302150e-01,1.696920955882378346e-01,2.331112132352964328e-01,-2.155345886553320170e-02,1.752698852801635315e-02,-8.195051392829175163e-02
7.538905470817220955e-01,4.129966695311915181e-01,3.334390403355613763e-01,4.141195376712630272e-01,3.370064538442600899e-01,3.648897058823554196e-01,3.050321691176485772e-01,3.598920036764731156e-01,2.970114001909814894e-01,1.170044909843246106e-01,3.434342346705879234e-02
7.559384859047399985e-01,3.523540725850299316e-01,3.776782876487481122e-01,4.301515269820443410e-01,3.646097068753324510e-01,5.006893382352964883e-01,3.429457720588233727e-01,3.809742647058853016e-01,1.084778479166412096e-01,-2.292719580421586079e-01,7.342387086061076540e-02
7.540940887059852660e-01,5.049819243876050301e-01,3.099886158726418706e-01,3.302822652054309693e-01,3.491336077550263317e-01,3.278377757352944899e-01,2.235179227941200830e-01,3.898782169117644969e-01,9.308252015554559222e-02,1.186624493585963502e-01,-2.115081183178176005e-01
7.525889938047045646e-01,3.768792174840403519e-01,4.171437519872953081e-01,4.511674589011011594e-01,4.047671569334906905e-01,2.266773897058843301e-01,3.420840992647080081e-01,4.007352941176471339e-01,8.479272828418635277e-02,-1.650852838382071419e-01,2.908532690865399117e-01
7.544852702651135834e-01,4.276318605938339013e-01,3.147779659232478600e-01,3.459671030573137629e-01,4.004261155192907484e-01,3.447840073529431226e-01,3.062385110294129076e-01,4.225643382352980426e-01,-2.321141723980528135e-02,-1.243468780703851362e-01,-6.300241822232917344e-02
7.543234705755126335e-01,3.443020585008925716e-01,3.200711074676272361e-01,2.741392755534131087e-01,3.972058885978833609e-01,3.751723345588269254e-01,3.027918198529438998e-01,2.015739889705903676e-01,2.323510235943783142e-01,9.734584168938710536e-02,2.176662494222567634e-01
7.537547864085086813e-01,3.955806160197628540e-01,3.150195421698409048e-01,3.240865845641831000e-01,3.211367599118925553e-01,3.245634191176481331e-01,4.619140625000014433e-01,1.834214154411785425e-01,-2.055868384097037371e-01,2.105607135325199275e-01,2.337721307723266972e-01
7.547677240230019624e-01,5.038524105883491755e-01,4.624430660768533152e-01,5.156140440492466004e-01,5.227107231354408690e-01,4.842601102941185287e-01,3.886144301470590978e-01,3.462201286764708397e-01,1.444792297579722828e-01,-1.271890924262803757e-01,1.262416876409810651e-01
7.538971065285994255e-01,3.126836952019536597e-01,2.713007743819133566e-01,3.641083335833272261e-01,4.162800205889551908e-01,3.128446691176503536e-01,4.028033088235334347e-01,3.687959558823542539e-01,2.775896020923664942e-01,3.789619141192733520e-02,2.179031006185811470e-01
7.547235968349249591e-01,3.989309655837302571e-01,3.645501838974273823e-01,2.756585970062644941e-01,3.424975341221578873e-01,3.102022058823533657e-01,2.984834558823551420e-01,3.755744485294135737e-01,-7.579238282384965532e-03,-1.406896106167794813e-01,3.074328528292587515e-01
7.543236693466313092e-01,3.499922915003241819e-01,4.885226007194252151e-01,3.849652908648003580e-01,3.152931467862600257e-01,4.440487132352952671e-01,5.372242647058842469e-01,3.982077205882373905e-01,2.941691858350847233e-01,1.932705762008285755e-01,1.387948010461822479e-01
7.535607857978843249e-01,3.676308343783998844e-01,4.214958616333642216e-01,3.584372988184777453e-01,4.034144011156342580e-01,4.879940257352960442e-01,3.269761029411784592e-01,2.520105698529440108e-01,-9.639843690408933519e-02,-1.027934192048521322e-01,-2.060605408023508112e-02
7.544721513713636973e-01,4.394710818134794916e-01,4.558895828629174196e-01,3.832681167515642473e-01,3.540238544781682539e-01,3.957950367647061207e-01,2.967026654411777375e-01,4.011948529411786257e-01,1.027934192048525069e-01,-4.334376892739139064e-02,3.789619141192730398e-03
7.536798496972286765e-01,3.277985776520800920e-01,3.950009886480224663e-01,4.216115840406130522e-01,3.231010469816101294e-01,3.365693933823544759e-01,3.177274816176489103e-01,3.996438419117665508e-01,1.492162536844636803e-02,6.181816224070631194e-02,-2.494043097297444778e-01
7.536329397135177466e-01,4.442687387121780906e-01,3.999823631608282470e-01,3.687137542519306477e-01,3.839515603666061594e-01,3.644875919117668284e-01,7.636144301470615403e-01,3.756318933823537543e-01,2.676418518467326910e-02,2.588783575827268146e-01,-2.105607135325192891e-01
7.550923172577823639e-01,4.096696411839075846e-01,3.109074773527912283e-01,3.123235925365690502e-01,3.908616471346536558e-01,3.667279411764728936e-01,2.894071691176499650e-01,4.420381433823528661e-01,-3.079065552219081847e-01,-2.605363159570012882e-02,-1.096621038982643209e-01
7.561674702320393404e-01,4.949128977140933028e-01,3.993927833150031637e-01,3.968249369038790997e-01,3.083883933689076096e-01,6.092601102941148650e-01,4.319278492647046219e-01,2.615464154411791808e-01,-1.406896106167796479e-01,-1.617693670896636071e-01,-2.629048279202433891e-02
7.530511366527563588e-01,3.110661403186438800e-01,3.185859301457426573e-01,3.709176988371222783e-01,3.683433625774855669e-01,4.635225183823543094e-01,2.892348345588258152e-01,3.617876838235306591e-01,2.181399518149051975e-01,-6.750259095249465380e-02,4.737023926491607971e-04
7.528531606197866877e-01,2.817008125661838447e-01,3.757458270293795866e-01,3.493803040921997782e-01,3.317758310002336120e-01,2.847541360294136847e-01,3.627068014705907006e-01,5.047679227941183067e-01,3.150120911116446876e-02,-1.847439331331479986e-02,-2.105607135325186507e-01
7.548565747125004499e-01,3.534531761479719481e-01,3.225335470888339162e-01,4.087208666681343971e-01,3.436965402140733095e-01,4.556525735294119084e-01,3.222656250000021649e-01,1.991613051470598750e-01,1.804806115993027871e-01,-1.752698852801624560e-02,8.266106751726651214e-02
7.545548401562162111e-01,3.234012417044489496e-01,3.895272138002148776e-01,3.974133153208809222e-01,3.290576236551961409e-01,4.087775735294128521e-01,3.309972426470600970e-01,4.492761948529424010e-01,1.771646948507585861e-01,6.821314454146873429e-02,1.319261163527707670e-01
7.529312776689361941e-01,3.785725792135851697e-01,4.273168897802213095e-01,2.717014757054944107e-01,3.695566113887340798e-01,3.178423713235319359e-01,5.005744485294140178e-01,4.643841911764727826e-01,-1.996655585015919832e-01,2.098501599435450282e-01,-1.956390881640734103e-01
7.531481369580697027e-01,3.546225081226909714e-01,4.318049180986184843e-01,3.106805720620496869e-01,3.341326016168278956e-01,5.537683823529440108e-01,1.794577205882379456e-01,3.676470588235318804e-01,6.016020386643447515e-02,-1.136885742357844793e-02,-2.259560412936144347e-01
7.528004862736596969e-01,3.825110609877098167e-01,3.940252199087351248e-01,3.545157206366634783e-01,2.912523163056776054e-01,2.833180147058860232e-01,3.335248161764732822e-01,3.741383272058838583e-01,-6.773944214881980064e-02,1.970601953420210994e-01,-9.710899049306406447e-03
7.546999430719519841e-01,3.267971322876289109e-01,3.854609507397415702e-01,3.942282074039725193e-01,3.496455021481652548e-01,3.020450367647086742e-01,3.702320772058830811e-01,2.297794117647089240e-01,-9.663528810041210892e-02,-3.318285260506880219e-01,1.046882287754484636e-01
7.525132620089549640e-01,3.883227811920140216e-01,3.802875363070039594e-01,4.047757698024495032e-01,3.928946261418765906e-01,3.242187500000021094e-01,4.856387867647088408e-01,4.523207720588254266e-01,2.179031006185816813e-02,2.321141723980420929e-02,8.052940675034682416e-03
7.529225317397735262e-01,3.758616841009304044e-01,3.589349929974079423e-01,3.833580117943607979e-01,3.001757135125348586e-01,3.228975183823552531e-01,2.421300551470606799e-01,3.397863051470612628e-01,7.745034119812499451e-02,1.357157354939645955e-01,-1.101358062909121166e-01
7.532224773559927922e-01,4.406556287090458990e-01,3.437585268881274692e-01,2.578835258345723580e-01,3.475308507551184700e-01,1.813534007352960165e-01,4.131433823529425675e-01,3.363396139705887022e-01,1.184255981622754379e-03,-7.484497803855606757e-02,-1.939811297898010600e-01
7.519431864441292745e-01,3.271528979544711668e-01,4.001300766562312927e-01,3.140105711006391243e-01,3.116580003028559531e-01,3.605238970588248715e-01,3.902803308823548090e-01,5.706571691176453021e-01,5.115985840610115520e-02,1.241100268740606416e-01,-5.779169190318840521e-02
7.536665320323659989e-01,3.333661495907540018e-01,3.386542831307716717e-01,3.739357408983562947e-01,4.169624167324996189e-01,3.711511948529415128e-01,6.276424632352952671e-01,2.972771139705912558e-01,9.450362733349275401e-02,3.979100098252334045e-02,1.018460144195569919e-02
7.524743028699357739e-01,2.325273443478140523e-01,2.632162754295125917e-01,4.964341233860388725e-01,3.991302905253490407e-01,2.224264705882370019e-01,3.583984375000018874e-01,3.026769301470603746e-01,-5.637058472524117403e-02,-1.871124450963894056e-02,-9.781954408203523410e-02
7.527633160747027041e-01,3.037175551964019782e-01,3.448540054150019407e-01,4.141109051606120528e-01,4.197062139889111698e-01,2.617761948529441773e-01,2.219094669117670504e-01,4.019990808823556416e-01,-3.481712585970776763e-02,2.181399518149059469e-01,1.795332068140051418e-01
7.544846739517624412e-01,3.634728948964708883e-01,3.913186920951048364e-01,3.558082304558667919e-01,4.496907319191146279e-01,3.778722426470595974e-01,3.495519301470607076e-01,2.277688419117669116e-01,-3.003273169395223041e-01,-1.295576043895251550e-01,-1.020828656158782322e-01
7.536766693593539568e-01,3.957820198311153281e-01,3.111957252028556553e-01,2.991871199608000520e-01,3.909272478488374225e-01,2.973345588235311587e-01,4.344554227941197500e-01,3.739659926470582096e-01,9.331937135187155785e-02,1.466108905248929839e-01,-1.425844201873750494e-01
7.516889581849174329e-01,3.341741404619444911e-01,3.118984633994734135e-01,3.845639703465102976e-01,3.082080113239691332e-01,3.975758272058817488e-01,4.021714154411769604e-01,3.632238051470605966e-01,-1.139254254321059590e-01,-3.339601868176023114e-02,7.934515076872274142e-02
7.532449384922647040e-01,3.236871448946924135e-01,3.878111535462774873e-01,3.726231056379533668e-01,4.256276569129931464e-01,2.559168198529443439e-01,4.324448529411769604e-01,2.420726102941204994e-01,3.434342346705843846e-02,1.335840747270433393e-01,9.568788331511622614e-02
7.540799759566496618e-01,3.647139810194089393e-01,3.908513362879282305e-01,3.589902001547370936e-01,3.714129939674931102e-01,3.559857536764698960e-01,3.382352941176495764e-01,4.350298713235274950e-01,2.439567322142831632e-02,-5.352837036934703085e-02,-1.892441058633114181e-01
7.531383971733123239e-01,3.979634857437900908e-01,4.401553377584812021e-01,4.002140826718587618e-01,3.529596976612083825e-01,4.586397058823545869e-01,3.405905330882382231e-01,3.675321691176496319e-01,-1.042145263827965775e-02,-1.674537958014535033e-01,-9.947750245630791743e-02
7.550990754757791468e-01,3.359998716008136821e-01,3.103849494068479653e-01,3.024291301444130831e-01,4.414015313127109819e-01,2.259880514705896737e-01,2.400045955882380844e-01,4.662798713235304926e-01,6.300241822232818811e-02,-2.169556958332824470e-01,-2.958271442093560744e-01
7.539939080627936496e-01,3.893843632991487169e-01,4.909342457305976848e-01,2.918817045823041689e-01,3.817091841383357664e-01,2.366153492647085632e-01,5.309627757352933797e-01,3.510454963235316028e-01,1.077672943276687528e-01,-3.008010193321671369e-02,-1.428212713837013759e-01
7.543175074419896653e-01,3.577221463945697288e-01,3.547829642674137363e-01,3.088097182472353541e-01,3.059001551921499695e-01,4.929342830882373905e-01,3.732192095588270364e-01,3.240464154411785702e-01,-9.687213929673788027e-02,-1.404527594204548480e-01,-3.434342346705927806e-02
7.528328859658051098e-01,3.655288698533116221e-01,3.598485494364905279e-01,3.847190890107698436e-01,4.273892239521568381e-01,2.004825367647079803e-01,3.523667279411767939e-01,2.619485294117669949e-01,1.710065637463219768e-01,-6.916054932676692080e-02,-3.979100098252350698e-02
7.533948119148174971e-01,3.809073202317944107e-01,3.641275383073636074e-01,3.458557153761681602e-01,3.746859984699906221e-01,2.590188419117659957e-01,2.863051470588258707e-01,4.468060661764718389e-01,-5.139670960242596204e-02,1.482688488991647235e-01,-4.689653687226014167e-02
7.536506303429695297e-01,3.561955298013959603e-01,3.336933846655536495e-01,4.326311992859988020e-01,2.872559073351260706e-01,4.273897058823531436e-01,2.921070772058837473e-01,3.581686580882376680e-01,-8.763494264008132861e-02,-1.160570861990240649e-02,1.376105450645601358e-01
7.534089246641560988e-01,3.753141954315763473e-01,4.578800030401705690e-01,4.931235494783806073e-01,4.047398022599046352e-01,3.632238051470592088e-01,3.257123161764746144e-01,2.343175551470606799e-01,8.266106751726548518e-02,-1.302681579784984445e-01,-9.639843690408901600e-02
7.546498527503552323e-01,3.036971497848688362e-01,3.486778642876784962e-01,4.348145344570221726e-01,3.347246380100460383e-01,4.926470588235310477e-01,2.815946691176490768e-01,2.653377757352962663e-01,-1.165307885916758157e-01,-1.477951465065156511e-01,-1.255311340520080809e-02
7.539764162044609863e-01,3.358145825038055809e-01,3.783270560119930681e-01,3.213655127185363058e-01,3.772837244707306636e-01,3.829273897058835807e-01,2.797564338235321579e-01,3.889590992647084522e-01,1.648484326418829526e-01,1.094252527019391880e-01,3.955414978619827687e-02
7.547997261729108009e-01,3.192644023148630272e-01,3.841105217995572918e-01,4.255990278054566089e-01,3.598369197470712155e-01,4.569163602941175295e-01,2.993451286764737262e-01,3.444393382352958222e-01,-1.207941101255185778e-01,9.497732972614222891e-02,-9.142456178127264521e-02
7.533824881055352085e-01,3.565554062379760469e-01,3.405062811271120649e-01,3.411491822673456964e-01,2.969841577927333498e-01,4.013671875000031086e-01,5.224034926470586537e-01,2.734375000000008882e-01,1.068198895423697753e-01,-3.600138184133068464e-02,1.909020642375824917e-01
7.558094834495232561e-01,3.037547302374837277e-01,3.220211866635351305e-01,3.683438960594354605e-01,3.772394087674069141e-01,3.373161764705875365e-01,5.452090992647042889e-01,3.126148897058836362e-01,-5.731798951053965197e-02,3.981468610215607162e-01,-2.889584595159466057e-02
7.542837163520259569e-01,3.747715343706247704e-01,3.683940948302240614e-01,3.729352473561253212e-01,3.234286042573203401e-01,3.743106617647058987e-01,3.808019301470593754e-01,4.331341911764726160e-01,9.900380006365924745e-02,1.764541412617850746e-01,-2.605363159569963963e-02
7.549821980587230197e-01,3.538376354279849645e-01,3.596347941417467609e-01,3.731283175014175613e-01,3.262050854681355361e-01,3.564453125000003886e-01,2.626953125000017208e-01,1.812385110294141843e-01,1.920863202192046593e-01,-2.913269714791884984e-02,6.039705506275933750e-02
7.532707787375350073e-01,3.373920864972464462e-01,3.865741218587138150e-01,4.559201333361755926e-01,4.038369596583165633e-01,4.164751838235331016e-01,3.839613970588262037e-01,4.763901654411782371e-01,-2.060605408023531981e-01,-6.537093018557368906e-02,-5.234411438772378078e-02
7.554244637950372487e-01,3.395512130605071732e-01,3.892840940333463506e-01,4.149008554347481947e-01,2.860976146932160957e-01,3.167509191176471339e-01,3.308249080882368909e-01,3.017578125000012768e-01,1.364262890829373021e-01,7.697663880547707393e-02,2.250086365083170392e-02
7.547565928404251778e-01,3.742454426015724978e-01,4.549119141476369310e-01,3.005088803671019937e-01,3.623731186543513449e-01,7.287454044117613883e-01,3.001493566176485772e-01,2.331686580882378623e-01,-4.121210816047065628e-01,2.868267987490229487e-01,-1.113200622725364110e-02
7.544946125076346100e-01,4.219854767549922614e-01,3.738141334637858360e-01,3.327959184940785797e-01,3.843358253048812512e-01,4.734604779411782927e-01,3.994715073529425675e-01,2.923943014705920329e-01,-2.377986011098422447e-01,-2.747473877364713379e-01,-6.631833497087237517e-02
7.540265065260527422e-01,3.136051972638536633e-01,3.914734899709136906e-01,4.273613603012832440e-01,3.510198467336029804e-01,4.916704963235298265e-01,3.327780330882366688e-01,3.705767463235319914e-01,1.764541412617844363e-01,2.044025824280817916e-01,-1.255311340520139964e-02
7.529873311240585787e-01,3.417338828710473897e-01,4.968980967751999711e-01,4.603880150883707389e-01,3.492024577784880179e-01,3.640854779411760722e-01,2.281135110294157109e-01,4.303768382352932131e-01,-1.549006823962520707e-01,-6.892369813044199600e-02,2.752210901291202716e-01
7.552602788520269561e-01,4.395583144205680304e-01,3.913355168772182369e-01,4.325690275379840966e-01,2.970368200684512239e-01,3.582835477941211377e-01,2.815372242647060652e-01,2.906709558823556416e-01,1.451897833469456278e-01,2.060605408023538296e-02,-2.216927197597713672e-01
7.543025996081822449e-01,3.372100765128986377e-01,3.717366464567503637e-01,3.752445966536647193e-01,3.466810176541307298e-01,4.037798713235296044e-01,6.141429227941128666e-01,2.535615808823555861e-01,1.920863202192059083e-01,-3.900939203465228489e-01,-4.263321533841797628e-03
7.547643449140057914e-01,4.061224690438045570e-01,3.693122188977414067e-01,4.332796466914347611e-01,4.042058455190565280e-01,3.474839154411782927e-01,2.131778492647078971e-01,3.597771139705905341e-01,3.552767944867906216e-03,-1.276627948189288930e-01,-5.281781678037314465e-02
7.544956063632191068e-01,3.037026646195755131e-01,3.642927132550257130e-01,3.612800890892012284e-01,3.570841632018106337e-01,2.651654411764726715e-01,3.338694852941194724e-01,2.971622242647065093e-01,1.307418603711482941e-01,2.396934106804383680e-01,1.816648675809256763e-01
7.529595031676163952e-01,3.999786853907792428e-01,3.007077308049068143e-01,4.625393299111481560e-01,3.046408070101647159e-01,3.319738051470616513e-01,4.528377757352968214e-01,5.587660845588258152e-01,5.281781678037326955e-02,-1.492162536844611476e-02,7.792404359077474696e-02
7.529698392657211414e-01,2.694059945552657598e-01,4.805128700056167657e-01,3.265585819372522902e-01,3.486458465755595260e-01,2.483915441176497985e-01,2.340877757352963495e-01,4.935661764705916443e-01,-1.354788842976385743e-01,-1.444792297579729212e-02,2.439567322142806582e-01
7.552533218629160494e-01,2.708534751441478705e-01,3.139095411670332902e-01,3.163752295544033921e-01,3.866540993988794028e-01,3.104894301470614293e-01,4.348000919117667173e-01,2.738396139705894794e-01,1.731382245132419839e-01,3.124067279520754137e-01,-9.545103211879130134e-02
7.535104967051684532e-01,4.202375462581214305e-01,3.100602828548352785e-01,4.168410479577718819e-01,4.131019235112269872e-01,5.198184742647060652e-01,4.167624080882376680e-01,4.832835477941172520e-01,-1.390316522425072698e-01,-1.759804388691358912e-01,-7.366072205693360853e-02
7.524544257581863294e-01,4.438071508392562592e-01,3.276830660290396269e-01,2.670719163209682723e-01,3.885608980846483318e-01,3.862017463235308257e-01,3.521369485294147950e-01,3.608111213235331571e-01,-1.769278436544336197e-01,1.132148718431318923e-01,-2.818529236262085763e-02
7.549905464456539983e-01,3.696995771730171576e-01,3.074430364324793330e-01,3.931517335705307925e-01,3.562760900886546844e-01,2.805606617647071199e-01,3.848805147058833032e-01,2.321346507352968491e-01,9.947750245630850030e-02,5.494947754729422040e-02,6.939740052309112395e-02
7.526732727585009330e-01,5.469975001620894783e-01,3.850469810077730148e-01,3.242052408291099530e-01,4.056050533150651338e-01,5.520450367647059542e-01,4.027458639705879251e-01,3.982077205882368909e-01,-2.567466968158061968e-01,3.008010193321721676e-02,-1.989550049126169451e-01
7.543628272567716175e-01,4.630379763928660353e-01,2.771749530433686437e-01,3.173413522682704269e-01,4.370839811097871341e-01,3.156020220588238723e-01,3.863740808823530881e-01,4.898322610294142399e-01,-1.800069092066489476e-02,-1.297944555858476234e-01,8.597698426580864528e-02
7.558557971198874847e-01,4.528602759551753065e-01,2.848973759588206422e-01,3.915301304940623228e-01,4.046848603266711697e-01,2.680376838235329351e-01,4.873621323529431226e-01,3.513327205882371684e-01,9.474047852981899720e-03,-1.198467053402186150e-01,-1.975338977346685621e-01
7.549935280124127068e-01,3.139453055601442721e-01,4.852284218778560865e-01,3.079027400296326378e-01,3.124343136190697034e-01,3.982651654411789033e-01,4.760454963235314918e-01,5.635340073529404581e-01,4.097525696414636848e-02,-8.266106751726533253e-02,2.676418518467345575e-01
7.539873486159195393e-01,3.831847284015426069e-01,3.426276671040494604e-01,3.797732808656839043e-01,3.770937083546507806e-01,3.876953125000018319e-01,2.279411764705907284e-01,5.379710477941176405e-01,2.304562140237796652e-01,-1.544269800036026929e-01,1.608219623043652680e-01
7.532395716720942103e-01,3.932126877879545956e-01,3.062209006019470658e-01,3.651746450509735231e-01,3.802487731002214821e-01,3.042279411764714503e-01,3.241038602941196389e-01,3.750000000000044409e-01,-3.363286987808530859e-02,5.258096558404862925e-02,9.474047852980223543e-04
7.551698379935896099e-01,3.192322972137625059e-01,3.608320675729128069e-01,3.036138490247375366e-01,3.653319996713763618e-01,2.697610294117669949e-01,3.991268382352977095e-01,3.148552389705913668e-01,5.115985840610141194e-02,-1.331103723343941281e-01,-1.539532776109585333e-02
7.551346555058005006e-01,3.646021035779807851e-01,3.251368246543300256e-01,4.053992250703582489e-01,4.221262229016639056e-01,2.267348345588256764e-01,4.355468750000017764e-01,3.439223345588259262e-01,-7.318701966428381445e-02,-3.827515332604670695e-01,3.008010193321699818e-02
7.531650325030537774e-01,3.502366070527813680e-01,4.283983465369431975e-01,3.055425126293417337e-01,3.974141437771938068e-01,3.187614889705899790e-01,3.266888786764742258e-01,5.617532169117649410e-01,2.285614044531848743e-01,2.508254169076928330e-01,1.205572589291922792e-01
7.549211753256686031e-01,3.788899164455797330e-01,4.625723930240558390e-01,4.379364718779595322e-01,2.920088954729813668e-01,2.246093750000034417e-01,4.453699448529411797e-01,4.592715992647071754e-01,9.331937135187076682e-02,-5.092300720977706308e-02,1.965864929493668992e-02
7.519952644768971295e-01,3.928689678125696916e-01,3.237866839638015581e-01,3.464755191926596756e-01,3.901378789085097054e-01,3.380629595588252601e-01,4.142348345588260372e-01,3.897058823529435112e-01,1.039776751864749937e-01,3.102750671851512224e-02,-1.847439331331416495e-02
7.555578392148358802e-01,3.933583760934463158e-01,3.939784212958943876e-01,3.646806184455518851e-01,3.411553456239835858e-01,3.957950367647058432e-01,3.579388786764717834e-01,3.746553308823532547e-01,-1.710065637463212274e-01,5.518632874361854845e-02,8.147681153564306777e-02
7.541893000712416306e-01,3.710509482715052543e-01,3.467058788351793375e-01,3.092745263798968858e-01,3.206678620875412777e-01,2.915326286764723940e-01,2.390280330882382509e-01,2.585018382352959332e-01,-1.489794024881387624e-01,1.390316522425076029e-01,2.321141723980562135e-02
7.550157903775686075e-01,4.454334785627429572e-01,4.266964315718199674e-01,4.308264844099500279e-01,4.040826000763453330e-01,4.284237132352957111e-01,3.013556985294148505e-01,3.327205882352949895e-01,-2.548518872452096851e-01,-8.431902589153703054e-02,-2.084290527655971448e-02
7.544966002188079335e-01,3.460520971227618037e-01,4.973382261052908815e-01,3.517959911624549685e-01,2.965630743595909502e-01,2.518956801470613738e-01,4.167624080882370019e-01,3.382352941176506311e-01,1.191361517512461998e-01,-1.655589862308561588e-01,7.105535889736316890e-02
7.548476300122137772e-01,3.071207283136596078e-01,3.565836040895494219e-01,3.360900186676740731e-01,3.188426459088406495e-01,3.944163602941202496e-01,4.440487132352960442e-01,3.553538602941197500e-01,-6.016020386643418372e-02,1.165307885916755659e-01,-1.918494690228806088e-01
7.537273559943025170e-01,3.520271196876970099e-01,2.460308599709033484e-01,2.683500740944896323e-01,3.633084831296502504e-01,3.448988970588213188e-01,3.590877757352955446e-01,5.658892463235291048e-01,-2.794844116629610978e-02,-2.550887384415347903e-01,-1.650852838382065035e-01
7.552867154106420733e-01,3.666044803062060708e-01,2.857243887847465968e-01,4.351489318815117135e-01,3.565511589368908218e-01,4.872472426470607076e-01,2.770565257352962107e-01,3.298483455882353366e-01,-9.189826417392343849e-02,-8.289791871359739051e-03,2.032183264464581529e-01
7.536432758116179409e-01,3.439924683299979691e-01,2.980244218952456947e-01,3.613423671376520541e-01,2.897486274954483854e-01,3.205422794117679941e-01,4.564568014705889243e-01,6.450482536764753361e-01,-2.842214355893897711e-03,-1.605851111080408289e-01,1.982444513236447658e-01
7.539545513815446576e-01,2.902743682619460808e-01,3.691935504614577979e-01,3.396266175830973122e-01,3.672078906599304249e-01,4.910386029411771269e-01,5.827780330882388338e-01,3.777573529411775710e-01,1.781120996360565645e-01,8.929290101435367888e-02,-3.600138184133070546e-02
7.559909614797464261e-01,3.417774393165823876e-01,4.153531070562476724e-01,3.910301069977114019e-01,3.890955608752723616e-01,3.978630514705905896e-01,4.386488970588258152e-01,4.233685661764723940e-01,-2.562729944231573742e-01,-1.724276709242689165e-01,-1.582165991447944120e-01
7.542898782566667126e-01,3.006760564768328758e-01,3.315091010710783381e-01,3.374823404249391312e-01,3.919291077848096605e-01,3.655215992647063983e-01,3.084788602941193614e-01,3.473690257352957111e-01,2.858793939637267467e-01,8.431902589153739136e-02,1.044513775791230253e-01
7.542137489186817589e-01,3.741961621156063011e-01,3.448647537681007735e-01,4.200817096966145692e-01,3.855263248012951172e-01,3.246208639705913668e-01,4.360064338235303261e-01,3.653492647058838028e-01,-1.309787115674729829e-01,2.179031006185783714e-01,-4.121210816047059244e-02
7.518302844494205717e-01,3.396239148522257612e-01,4.686395269288102239e-01,3.707788658690495676e-01,4.195148764739457525e-01,4.527228860294139068e-01,1.638901654411786812e-01,4.924172794117668839e-01,-2.512991193003379364e-01,6.987110291574047394e-02,1.662695398198297814e-01
7.535812592229793605e-01,2.984576781416671265e-01,3.662525715194200338e-01,4.374130013260982275e-01,4.092803989270823450e-01,3.960248161764732266e-01,6.808363970588211522e-01,3.632238051470614848e-01,2.553255896378574530e-01,5.258096558404901782e-02,8.645068665845828670e-02
7.530386140723563937e-01,3.815193824145028390e-01,3.696902691416515396e-01,3.714444150397794853e-01,3.818012192071880140e-01,3.685087316176471894e-01,7.260454963235183357e-01,4.248046875000027200e-01,1.546638311999272430e-01,2.960639954056771411e-02,-3.908044739354958608e-02
7.539410349455522020e-01,4.637907441330567648e-01,4.080846770291463588e-01,4.020137047468624325e-01,3.206262483290205911e-01,2.651654411764736707e-01,2.702780330882381676e-01,2.790670955882376125e-01,-5.210726319139947355e-02,-9.829324647468531961e-02,6.489722779292486643e-02
7.533482994733380345e-01,3.288359151544332226e-01,4.442755079696498188e-01,3.859245060676542161e-01,3.238503055365078431e-01,4.002182904411784037e-01,3.417968750000022760e-01,3.939568014705898680e-01,1.717171173352950719e-01,1.610588135006907895e-01,-1.705328613536757215e-02
7.531519136093046685e-01,4.063781918235015445e-01,3.507539007290169653e-01,3.706677884769878917e-01,3.946589037849028703e-01,7.998621323529406801e-01,4.046989889705892018e-01,2.945772058823535877e-01,-3.784882117266217261e-01,6.655518616719782732e-02,2.785370068776640284e-01
7.524430958044963091e-01,2.806531987996771504e-01,3.412092178640478979e-01,3.522666699960684267e-01,4.915745008983581910e-01,2.844669117647071754e-01,4.076286764705897570e-01,2.869370404411791808e-01,1.373736938682348641e-01,-4.784394165755841144e-02,-6.892369813044213478e-02
7.523882349760840915e-01,3.495640699833373888e-01,3.595838838637087642e-01,3.828034563487960895e-01,3.820203591253977793e-01,3.463924632352948785e-01,3.428883272058834697e-01,4.269301470588242609e-01,-1.549006823962525980e-01,-8.076625794666884850e-02,6.916054932676728162e-02
7.573922978577257714e-01,3.158822217102645880e-01,4.431646533960753587e-01,4.097286936715420214e-01,3.743051212418779250e-01,4.680606617647090628e-01,2.479319852941202218e-01,4.053308823529436777e-01,3.079065552219098847e-02,-1.695854565683732051e-01,9.000345460333255762e-03
7.530648518598630492e-01,3.029312434073821447e-01,4.147170547411616059e-01,4.250750365484815552e-01,3.652020227076170356e-01,2.320197610294151003e-01,3.119255514705898680e-01,3.659237132352971544e-01,4.523857849798789549e-02,-1.961127905567220386e-01,1.141622766284306062e-01
7.544294155811112068e-01,3.734663213390371772e-01,4.390048730762730056e-01,3.746201837068900975e-01,4.189142635434232598e-01,2.526424632352956556e-01,4.277343750000003331e-01,6.021369485294079116e-01,1.397422058314809756e-01,1.842702307404947004e-01,2.614837207422947007e-01
7.553568816151035037e-01,3.009411766603504179e-01,3.401881695983345888e-01,3.983926564082083122e-01,3.814800058267244776e-01,2.460363051470601803e-01,2.558019301470617068e-01,3.197380514705902566e-01,6.513407898924951367e-02,-7.650293641282755741e-02,-1.965864929493714164e-01
7.534512629121737914e-01,3.679507794361475126e-01,5.020107730636419463e-01,4.042798460546166428e-01,3.315893904887737276e-01,3.820657169117666063e-01,3.000919117647086742e-01,2.799862132352959887e-01,1.385579498498585860e-01,1.989550049126179720e-01,1.084778479166409876e-01
7.541394085207634435e-01,3.782331345402179523e-01,3.340103013649957653e-01,3.673490409526015132e-01,3.963661076797208582e-01,6.645220588235200010e-01,3.786764705882346704e-01,6.178193933823538098e-01,3.339601868176102495e-01,2.027446240538094968e-01,2.261928924899408444e-01
7.524472699979606327e-01,2.910721617528276295e-01,3.761729023573692210e-01,3.196062669854037308e-01,5.264541732995193790e-01,4.385340073529456206e-01,3.141659007352962107e-01,6.428653492647072865e-01,2.202716125818263704e-01,3.434342346705888949e-02,-4.999928754411125387e-01
7.533417400264594832e-01,4.455444772684693522e-01,2.326630531428692528e-01,3.443953976979522436e-01,4.593451303745040293e-01,2.215647977941193891e-01,3.201976102941205826e-01,2.970473345588254821e-01,1.669800934088037092e-01,-4.121210816047093245e-02,-1.205572589291928898e-01
7.551698379935881666e-01,3.635028715223249107e-01,3.896345138526575713e-01,3.647944970352871019e-01,3.601302692394181548e-01,3.284696691176495764e-01,4.773667279411796249e-01,2.610868566176496874e-01,2.775896020923667717e-01,-1.080041455239920123e-01,4.429117371268987552e-02
7.543246632022171383e-01,3.591599112962267637e-01,4.364208700640463401e-01,4.162940219291378918e-01,5.071535263299014051e-01,4.127987132352975985e-01,3.490349264705898680e-01,2.924517463235309922e-01,1.492162536844629239e-01,-2.344826843612982381e-01,-3.008010193321695308e-02
7.548599538214927351e-01,4.095463186388775267e-01,3.225723942817040890e-01,3.994318200708275035e-01,3.937360770601887605e-01,4.062500000000022760e-01,2.374195772058856624e-01,6.040326286764720054e-01,1.752698852801679724e-02,5.802854309951305939e-02,7.460812684223064317e-02
7.548527980612662613e-01,4.535106078543321151e-01,3.619894248535622250e-01,3.715803183107149188e-01,3.575867753440335473e-01,3.478285845588239278e-01,2.950367647058844689e-01,3.887293198529391813e-01,-8.408217469521372944e-02,-4.168581055311998407e-02,1.172413421806497019e-01
7.565664038647453848e-01,3.535600973834576166e-01,4.347476829114901298e-01,3.948114130492141882e-01,4.131113667798844147e-01,4.281364889705887022e-01,3.355353860294152946e-01,4.708754595588268699e-01,1.210309613218416847e-01,-2.771158996997195173e-02,2.963008466020051190e-01
7.537363006945851929e-01,3.467315724464956617e-01,3.726465443776356690e-01,3.728674137927117105e-01,3.488230870353847268e-01,2.788947610294137402e-01,3.430032169117660512e-01,2.430491727941204716e-01,-7.602923402017848498e-02,1.224520684997891379e-01,-1.207941101255163852e-02
7.528925173010376781e-01,3.842470054457419737e-01,3.593349517585723296e-01,2.212655405909657036e-01,3.993950066224115081e-01,3.836741727941205271e-01,5.472771139705886467e-01,4.963235294117643304e-01,-2.745105365401469544e-01,-1.584534503411211548e-01,-8.052940675034980789e-03
7.532063768954826433e-01,3.745658389489515128e-01,4.258916548963831983e-01,3.994174543272780431e-01,3.888675834336373094e-01,1.722771139705891741e-01,5.376263786764708952e-01,1.987017463235319081e-01,8.692438905110741465e-02,3.280389069094944987e-01,1.432949737763498099e-01
7.543449378561940533e-01,3.598595330134361503e-01,3.298654302232836844e-01,3.088314654076544929e-01,3.385738910140738134e-01,3.895335477941205826e-01,3.977481617647061762e-01,4.439338235294129631e-01,1.631904742676096309e-01,1.691117541757243270e-01,1.691117541757245768e-01
7.536335360268674455e-01,3.482946008509423819e-01,3.539677585163234497e-01,3.529310140184476197e-01,2.788927197229898458e-01,2.740693933823549755e-01,4.835133272058839138e-01,4.844898897058841358e-01,2.522465240856386348e-01,-1.546638311999282145e-01,2.695366614173317354e-01
7.531731821188697440e-01,3.888780493974230423e-01,3.467956741188732983e-01,3.497598401456047390e-01,3.718963288044415672e-01,4.075712316176497985e-01,3.941865808823558082e-01,4.616842830882338378e-01,5.376522156567219157e-02,1.942179809861268036e-01,6.371297181130257392e-02
7.540750066787088590e-01,4.051424861299057767e-01,3.943272985479489012e-01,4.209665521222303308e-01,3.476868781789799190e-01,2.726332720588263148e-01,5.516429227941184177e-01,2.720588235294139068e-01,2.889584595159450792e-02,1.106095086835619384e-01,2.079553503729498765e-01
7.524937824394475339e-01,4.505005893183122723e-01,2.868132114415274936e-01,4.175033693285241654e-01,4.582186961173821405e-01,4.384765625000004996e-01,3.686810661764741148e-01,2.617761948529429561e-01,-1.286101996042260109e-01,-3.647508423397959748e-02,1.357157354939649008e-01
7.544453172705062327e-01,3.781367722147757071e-01,3.920680838346446984e-01,4.114139946539790982e-01,3.280040828183213297e-01,3.382352941176480221e-01,5.012637867647075085e-01,4.510569852941184177e-01,-2.183768030112302749e-01,7.484497803855670595e-02,6.158131104437975650e-02
7.547420825488512230e-01,3.574031603028988147e-01,4.214838717803170431e-01,4.400694688520973563e-01,3.718264601335991015e-01,4.121668198529407356e-01,4.607077205882361692e-01,2.828584558823544759e-01,1.380842474572084311e-01,2.747473877364752654e-02,4.026470337517217002e-02
7.542433658151851406e-01,4.284538617773649971e-01,3.790425445493644241e-01,3.694145971873011858e-01,3.590372764967047492e-01,4.145795036764720054e-01,2.494255514705902010e-01,2.720013786764723940e-01,-1.302681579784991002e-02,-1.823754211698991601e-01,-3.339601868176083482e-02
7.520175268420513648e-01,3.005667343610752829e-01,4.488910764755615901e-01,3.980541799759132471e-01,3.397193498982637450e-01,3.600068933823550310e-01,3.832146139705902566e-01,3.013556985294135182e-01,-1.586903015374597700e-02,1.560849383778745436e-01,-1.856913379184426949e-01
7.533697667540220078e-01,3.212949699643337653e-01,3.331334737748546937e-01,3.250488066552023048e-01,3.537042228058978055e-01,3.938419117647072865e-01,2.561465992647078971e-01,3.537454044117653296e-01,1.757435876728125901e-01,-2.344826843612985920e-02,-2.652733398834892370e-02
7.552197295440687963e-01,3.882446192259541573e-01,2.665931852954703807e-01,3.319447427054786903e-01,3.770568266135633784e-01,3.995863970588253156e-01,4.995978860294122970e-01,3.636833639705900900e-01,-1.089515503092924713e-02,-1.219783661071405928e-01,1.859281891147668841e-01
7.529891200641183335e-01,2.967749483495837892e-01,3.774136129560169417e-01,2.856949089884231463e-01,4.216509047601297300e-01,2.978515625000030531e-01,2.923368566176487438e-01,3.546645220588252045e-01,-1.432949737763495879e-01,6.466037659660039960e-02,-1.198467053402198501e-01
7.561464004935860572e-01,3.163937189329744659e-01,3.661728941455800190e-01,3.850002728157729814e-01,4.887263664609619029e-01,4.275045955882380566e-01,4.189453125000026090e-01,6.054113051470556561e-01,-6.394982300762659666e-02,-2.484569049444493860e-01,3.010378705284961764e-01
7.539108217357023412e-01,3.042568480889576987e-01,4.319951976700828200e-01,4.034284646754386916e-01,4.081804168926363441e-01,4.337086397058843024e-01,1.891659007352951838e-01,3.090533088235307146e-01,-3.173806030748908824e-02,-3.813304260825166325e-02,1.435318249726732498e-01
7.557544238499889211e-01,3.957515271134554036e-01,4.031118895352046039e-01,3.612205376821318592e-01,3.487960022568849516e-01,3.748851102941209157e-01,3.211741727941200275e-01,4.554802389705903121e-01,-1.113200622725348671e-01,-4.144895935679505927e-02,1.679274981941016043e-01
7.525124669244831477e-01,3.588354563232653005e-01,3.769284225887238327e-01,4.050665245257517588e-01,2.925035527878702690e-01,2.529871323529427896e-01,3.542049632352949895e-01,3.394990808823548645e-01,1.293207531932005772e-01,-1.421107177947265321e-01,3.836989380457626192e-02
7.548311320094658328e-01,3.697047161315374919e-01,2.762953235790394646e-01,3.656570651661223970e-01,4.282033390716278309e-01,3.364545036764726715e-01,3.695427389705916998e-01,4.186006433823551420e-01,-3.529082825235724252e-02,8.408217469521180043e-02,1.816648675809250102e-01
7.541930767224722665e-01,3.496590926897372165e-01,3.249243857439350625e-01,3.678371839565429680e-01,3.337790118272787043e-01,5.233800551470585427e-01,3.504710477941168634e-01,3.625344669117655516e-01,-1.347683307086654791e-01,-2.257191900972900511e-01,1.778752484397318478e-01
7.555125194000599231e-01,3.119426004974666378e-01,3.661291679116103759e-01,4.088988717445958265e-01,3.263311929091993746e-01,3.122127757352958222e-01,2.460937500000017764e-01,4.011948529411774600e-01,1.200835565365443586e-01,3.410657227073444347e-02,1.326366699417450834e-01
7.534228386423776902e-01,4.777482798695742439e-01,4.394322759054675176e-01,3.609549027605516991e-01,4.325540379629452814e-01,3.237591911764719499e-01,2.801011029411770159e-01,3.100873161764719499e-01,1.473214441138676611e-01,3.282757581058206031e-01,1.165307885916762320e-01
7.545027621234495774e-01,3.935465336200632547e-01,3.498974876731757999e-01,4.997429615412802839e-01,3.264279750655275092e-01,3.032513786764721164e-01,3.592601102941200830e-01,2.755055147058841913e-01,7.981885316137109221e-02,-1.046882287754486301e-01,1.160570861990271457e-01
7.551712293914080165e-01,3.526937814238483848e-01,4.514176410913959270e-01,3.876006749012255725e-01,3.100401742905861124e-01,4.511718749999998335e-01,3.289866727941189728e-01,4.933938419117657737e-01,2.055868384097047918e-01,8.597698426580972775e-02,2.960639954056796738e-02
7.533349818084681404e-01,4.280879396021515237e-01,3.506289008477192493e-01,3.919187227529971618e-01,4.049875035148949309e-01,2.645335477941201385e-01,4.518612132352968214e-01,2.772863051470617068e-01,2.344826843612987308e-02,-8.621383546213388926e-02,-1.276627948189290318e-01
7.550625015901686332e-01,3.510423276016000904e-01,3.475780072782899133e-01,3.482636727039822300e-01,4.366534323573865173e-01,2.612591911764716168e-01,4.261259191176465233e-01,3.955078125000006106e-01,1.781120996360571473e-01,-1.468477417212181169e-01,2.723788757732237276e-02
7.545625922298022648e-01,4.159905583540879359e-01,3.619977697436495001e-01,3.233099412899371194e-01,2.834834371960612831e-01,4.127987132352949895e-01,4.920151654411780706e-01,2.136374080882374737e-01,2.273771484715629843e-01,-2.034551776427832581e-01,-6.323926941865293250e-02
7.550805897618556584e-01,3.220657990131957638e-01,2.988477197915149763e-01,3.771129570163209155e-01,3.651195226654030401e-01,3.064682904411786257e-01,2.516659007352985977e-01,3.073299632352958777e-01,5.802854309951317735e-02,1.432949737763513365e-01,9.189826417392285562e-02
7.528416318949722186e-01,3.358498317624389884e-01,3.457991073240072599e-01,3.895517889617537421e-01,3.551147477411553677e-01,2.821116727941201940e-01,2.589039522058855791e-01,3.129595588235295489e-01,1.006617584379317226e-01,-1.347683307086649240e-01,1.113200622725358524e-01
7.543958232622623994e-01,3.488228705540916685e-01,3.007653881972413568e-01,4.404153712359258899e-01,3.909718678472064446e-01,2.473575367647075640e-01,3.138786764705886467e-01,3.741383272058834697e-01,2.936954834424296279e-02,-6.347612061497784341e-02,1.338209259233678616e-01
7.559523998829642544e-01,4.423710842986753322e-01,4.206501911140569372e-01,3.840412091490186253e-01,3.918060167535811766e-01,5.880629595588228176e-01,3.378331801470595974e-01,3.044577205882370574e-01,4.523857849798736119e-02,1.414001642057531871e-01,-1.520584680403564426e-01
7.538213747328507131e-01,3.879842088364808816e-01,3.114958093995233712e-01,3.918438578163463970e-01,3.983643617599383902e-01,2.845243566176486327e-01,4.022863051470620399e-01,4.681181066176509087e-01,-9.260881776289681122e-02,2.818529236262077436e-02,1.049250799717734717e-01
7.537333191278271505e-01,2.762196868840662844e-01,3.380382931562430082e-01,3.135611468849173744e-01,4.296982078114289227e-01,3.424287683823540318e-01,3.054342830882380011e-01,3.821231617647074530e-01,-4.973875122815346432e-03,3.079065552218832047e-03,-1.075304431313421349e-01
7.551036472114794895e-01,4.265909126905938487e-01,3.265540253326864040e-01,4.344727782732104582e-01,4.179000880048413524e-01,4.426125919117646634e-01,4.174517463235274395e-01,7.593060661764645669e-01,-1.025565680085271936e-01,-1.276627948189296702e-01,7.579238282385369896e-02
7.536108761194797445e-01,3.610663909337859523e-01,4.273473597791809797e-01,3.648739692860225037e-01,4.271234156000363602e-01,2.108800551470611517e-01,2.118566176470623175e-01,4.436465992647031786e-01,3.339601868176069605e-02,-2.396934106804406162e-01,2.877742035343207050e-01
7.529477756716886905e-01,2.924711564218090976e-01,3.378280041565491221e-01,3.776486831595564087e-01,3.261029460642109745e-01,4.052159926470612072e-01,3.979779411764690078e-01,2.997472426470605966e-01,-1.828491235625487876e-01,-1.373736938682351139e-01,4.358062012371469174e-02
7.527722607749856021e-01,3.655893609556443158e-01,3.416639233072703008e-01,3.208980769164258007e-01,3.407111181154573454e-01,3.377182904411784037e-01,2.983111213235299375e-01,2.085822610294130741e-01,-1.158202350027023875e-01,9.497732972614177094e-02,-2.723788757732260174e-02
7.513959695578035225e-01,3.871348693586390555e-01,4.094767828068862636e-01,3.420713682342113038e-01,4.138419429654553450e-01,3.922909007352969879e-01,2.755629595588255376e-01,3.197954963235309367e-01,1.115569134688603053e-01,-1.684012005867510930e-01,6.418667420395142431e-02
7.544071532159555282e-01,3.778845100240486587e-01,3.556270136409546700e-01,4.133367681843410635e-01,3.451210916059909706e-01,3.234719669117667729e-01,4.195772058823549200e-01,3.662109375000012212e-01,3.055380432586607409e-02,5.731798951053972135e-02,8.408217469521236942e-02
7.538046779589806512e-01,3.567132335178609948e-01,4.261257279649022234e-01,3.197633710398193330e-01,3.707855599840326755e-01,2.793543198529448435e-01,4.196346507352954891e-01,3.258846507352951005e-01,-4.855449524653169396e-02,-2.854056915710754261e-01,-1.207941101255191434e-02
7.518364463540592180e-01,3.912678680286536537e-01,3.499101958225573905e-01,3.827053864394341365e-01,4.533287291955823695e-01,4.182559742647059542e-01,5.329159007352952671e-01,3.472541360294156276e-01,3.150120911116445488e-02,6.750259095249552810e-02,1.376105450645608574e-01
7.529511547806860827e-01,3.179617855143824778e-01,3.654989883193907052e-01,3.316242886297289250e-01,3.838071050532933515e-01,2.644186580882380566e-01,4.113051470588263148e-01,3.267463235294146839e-01,-1.586903015374456841e-02,8.100310914299356513e-02,5.684428711788890899e-03
7.543298312512715098e-01,3.840487867183411397e-01,3.593227497935749803e-01,3.609975566687423920e-01,2.511334008860849898e-01,3.880974264705902010e-01,3.188763786764704511e-01,3.706341911764740593e-01,-1.051619311680971752e-01,8.692438905110805303e-02,3.410657227073297243e-02
7.531495283558923282e-01,4.439899229785931878e-01,4.108912301685419544e-01,2.743970665459037894e-01,3.919258973271113611e-01,3.184168198529430116e-01,2.506318933823548645e-01,3.281824448529432336e-01,2.190873566002012052e-01,4.287006653474213780e-02,-2.484569049444468880e-01
7.538040816456358373e-01,3.456892710665528945e-01,3.809212447522812295e-01,3.577823475432581612e-01,3.323497291808967247e-01,3.264590992647062873e-01,2.575827205882373350e-01,4.896024816176497985e-01,-7.887144837607297509e-02,1.610588135006905952e-02,-3.197491150381396446e-02
7.536742841059410614e-01,4.273312548322953930e-01,3.552815724870355130e-01,3.992658599889403193e-01,4.857483999509811246e-01,3.089958639705903121e-01,3.033088235294141843e-01,3.066406250000020539e-01,1.859281891147648025e-01,-2.055868384097043200e-01,1.170044909843248604e-01
7.527887587777344347e-01,3.890333460922644204e-01,4.721765261503105271e-01,2.734507583954373655e-01,3.711933450359706232e-01,3.303079044117667729e-01,3.646024816176483552e-01,4.492761948529434557e-01,-1.482688488991631137e-01,9.260881776289719980e-02,4.144895935679490662e-02
7.519505409754745351e-01,2.552649638438754809e-01,3.317991836786147730e-01,3.609258109934382341e-01,4.997490739611699651e-01,2.354090073529440941e-01,2.971622242647097845e-01,2.429917279411793751e-01,3.884359619722495272e-02,-1.504005096660849528e-01,4.073840576782153389e-02
7.546281866985594666e-01,3.429656989754171770e-01,3.285507340046635583e-01,3.621740173032982901e-01,3.203023464955823685e-01,5.149356617647048440e-01,3.043428308823567519e-01,2.639016544117662733e-01,1.601114087153913124e-01,-1.278996460152557503e-02,-8.763494264008069023e-02
7.555707593374755282e-01,3.880534809263083140e-01,3.566735647961449818e-01,3.339273891913815406e-01,3.894682384697869537e-01,4.464039522058846909e-01,2.838350183823540318e-01,2.805606617647095069e-01,3.718563782295250530e-02,-1.745593316911896453e-01,-1.819017187772496991e-01
7.544482988372692711e-01,4.541297421253497890e-01,3.072810029489814188e-01,3.537432635067557229e-01,3.774841165733570092e-01,3.494944852941187508e-01,3.164636948529434557e-01,4.974724264705910337e-01,-6.347612061497798219e-02,-1.991918561089415507e-01,-3.320653772470121279e-01
7.532183031625255820e-01,3.319957762709819238e-01,3.722897703079811604e-01,3.756733273288296870e-01,4.535291039284722880e-01,3.050321691176489658e-01,3.402458639705885357e-01,4.049862132352946564e-01,-1.473214441138665232e-01,1.776383972434073671e-02,4.405432251636516583e-02
7.546140739492177563e-01,3.464625859959069576e-01,4.251632456317517850e-01,3.584500539749938541e-01,3.837825969589717667e-01,4.198644301470614293e-01,2.908432904411772935e-01,2.932559742647075085e-01,1.871124450963917649e-02,9.497732972614207625e-02,-3.434342346705841070e-02
7.543882699598020158e-01,3.852557299619114306e-01,2.830184473570973580e-01,3.831185356545629972e-01,3.224427737190376786e-01,2.868221507352962107e-01,4.410041360294122970e-01,2.701631433823552531e-01,1.650852838382063370e-01,1.736119269058908621e-01,-9.024030579965110210e-02
7.541988410848814439e-01,3.419665374574197281e-01,3.500125872830681661e-01,3.751904032285262591e-01,3.582596685640140333e-01,3.657513786764733932e-01,3.759765625000013323e-01,2.791819852941207492e-01,8.266106751726647051e-02,-2.839845843931292357e-01,-5.542317993994313324e-02
7.519906927411975639e-01,3.846851952538704600e-01,3.378562931370471256e-01,3.336281187298550388e-01,3.686595898752217382e-01,4.938534007352905486e-01,5.070657169117643859e-01,4.353745404411760167e-01,-3.079065552219612673e-03,-1.423475689910513597e-01,-2.773527508960413890e-01
7.558597725422353530e-01,3.807035931495633685e-01,3.956318340732364880e-01,3.094975545220938207e-01,3.611550272463525113e-01,4.971277573529434002e-01,3.040556066176485217e-01,5.402688419117676055e-01,-1.582165991447963271e-01,1.447160809542957782e-01,1.049250799717729582e-01
7.539750248066331428e-01,3.260677561783963951e-01,4.715725913540805836e-01,3.745483845102221543e-01,3.348922668193455854e-01,4.248046875000009992e-01,3.229549632352967103e-01,3.899931066176485217e-01,1.925600226118557023e-01,-1.837965283478465162e-01,-1.361894378866118915e-01
7.544049667336661935e-01,4.352709094178984772e-01,3.699858189907650474e-01,3.930050687513440000e-01,2.819076334815796558e-01,4.256089154411796249e-01,3.372587316176494099e-01,3.131318933823550310e-01,4.095157184451387322e-01,8.266106751726570723e-02,1.681643493904288328e-02
7.532435470944429667e-01,4.430621169783063862e-01,3.948465088253037547e-01,4.248428637701643917e-01,4.243435431873986974e-01,6.371783088235226655e-01,5.975988051470554341e-01,2.168543198529432892e-01,1.695854565683713455e-01,1.539532776109596955e-02,-1.397422058314818499e-02
7.542926610523099651e-01,3.081317794635422547e-01,3.511297821242868600e-01,3.671138166075771370e-01,3.801035490295021080e-01,2.131204044117674390e-01,3.943589154411800690e-01,1.704388786764723662e-01,-6.300241822232871547e-02,-8.739809144375670913e-02,1.191361517512458251e-01
7.552103873015489910e-01,3.783473861426857043e-01,4.428599759658213841e-01,3.051902725956949780e-01,3.848916749459370679e-01,3.592026654411777375e-01,3.188189338235317138e-01,4.392233455882346704e-01,-2.771158996997233337e-02,1.923231714155300975e-01,3.619086279839054399e-01
