old_path	new_path	ledger_id
docs/ACPHILAMBDA_AMBIENT_EQUIVARIANT_HEAT_TRACE_FACE_2026-07-02.md	archive/notes/docs/ACPHILAMBDA_AMBIENT_EQUIVARIANT_HEAT_TRACE_FACE_2026-07-02.md	acphilambda_ambient_equivariant_heat_trace_face_2026-07-02
docs/ACPHILAMBDA_CROSS_ARC_UNIT_CLASSIFICATION_WIRING_2026-07-02.md	archive/notes/docs/ACPHILAMBDA_CROSS_ARC_UNIT_CLASSIFICATION_WIRING_2026-07-02.md	acphilambda_cross_arc_unit_classification_wiring_2026-07-02
docs/ACPHILAMBDA_CYCLE_FLUX_TRANSPORT_FACE_INVENTORY_2026-07-01.md	archive/notes/docs/ACPHILAMBDA_CYCLE_FLUX_TRANSPORT_FACE_INVENTORY_2026-07-01.md	acphilambda_cycle_flux_transport_face_inventory_2026-07-01
docs/ACPHILAMBDA_DEFECT_IDENTITY_UNIT_RESCALE_OBSTRUCTION_2026-07-01.md	archive/notes/docs/ACPHILAMBDA_DEFECT_IDENTITY_UNIT_RESCALE_OBSTRUCTION_2026-07-01.md	acphilambda_defect_identity_unit_rescale_obstruction_2026-07-01
docs/ACPHILAMBDA_FLUXED_RING_SPECTRAL_FUNCTIONAL_ROUTE_NO_GO_2026-07-02.md	archive/notes/docs/ACPHILAMBDA_FLUXED_RING_SPECTRAL_FUNCTIONAL_ROUTE_NO_GO_2026-07-02.md	acphilambda_fluxed_ring_spectral_functional_route_no_go_2026-07-02
docs/ACPHILAMBDA_K1_STAGGERED_K_BLINDNESS_REAL_LIFT_2026-07-02.md	archive/notes/docs/ACPHILAMBDA_K1_STAGGERED_K_BLINDNESS_REAL_LIFT_2026-07-02.md	acphilambda_k1_staggered_k_blindness_real_lift_2026-07-02
docs/ACPHILAMBDA_K_EVEN_REGISTRATION_CORRECTION_REGISTERED_PATTERN_2026-07-02.md	archive/notes/docs/ACPHILAMBDA_K_EVEN_REGISTRATION_CORRECTION_REGISTERED_PATTERN_2026-07-02.md	acphilambda_k_even_registration_correction_registered_pattern_2026-07-02
docs/ACPHILAMBDA_MEASURE_BINARY_AXIOM_UPDATE_NO_GO_NOTE_2026-07-04.md	archive/notes/docs/ACPHILAMBDA_MEASURE_BINARY_AXIOM_UPDATE_NO_GO_NOTE_2026-07-04.md	acphilambda_measure_binary_axiom_update_no_go_note_2026-07-04
docs/ACPHILAMBDA_OCCUPANCY_FORMATION_APPEND_NON_SUPPLY_NO_GO_NOTE_2026-07-04.md	archive/notes/docs/ACPHILAMBDA_OCCUPANCY_FORMATION_APPEND_NON_SUPPLY_NO_GO_NOTE_2026-07-04.md	acphilambda_occupancy_formation_append_non_supply_no_go_note_2026-07-04
docs/ACPHILAMBDA_OCCUPANCY_GRAIN_MENU_COUNTING_MEASURE_DYNAMICAL_STATIC_CORRESPONDENCE_BOUNDED_THEOREM_NOTE_2026-07-16.md	archive/notes/docs/ACPHILAMBDA_OCCUPANCY_GRAIN_MENU_COUNTING_MEASURE_DYNAMICAL_STATIC_CORRESPONDENCE_BOUNDED_THEOREM_NOTE_2026-07-16.md	acphilambda_occupancy_grain_menu_counting_measure_dynamical_static_correspondence_bounded_theorem_note_2026-07-16
docs/ACPHILAMBDA_OCCUPANCY_GRAIN_SHARPENING_IMPORT_DECOMPOSITION_REFLECTION_ASYMMETRY_ORIENTATION_DICHOTOMY_BOUNDED_THEOREM_NOTE_2026-07-16.md	archive/notes/docs/ACPHILAMBDA_OCCUPANCY_GRAIN_SHARPENING_IMPORT_DECOMPOSITION_REFLECTION_ASYMMETRY_ORIENTATION_DICHOTOMY_BOUNDED_THEOREM_NOTE_2026-07-16.md	acphilambda_occupancy_grain_sharpening_import_decomposition_reflection_asymmetry_orientation_dichotomy_bounded_theorem_note_2026-07-16
docs/ACPHILAMBDA_OCCURRENCE_CLOCK_COMPOSITION_DELTA_BLINDNESS_2026-07-02.md	archive/notes/docs/ACPHILAMBDA_OCCURRENCE_CLOCK_COMPOSITION_DELTA_BLINDNESS_2026-07-02.md	acphilambda_occurrence_clock_composition_delta_blindness_2026-07-02
docs/ACPHILAMBDA_POINTER_LABELED_REFINEMENT_FINER_RECORD_CLOCK_2026-07-02.md	archive/notes/docs/ACPHILAMBDA_POINTER_LABELED_REFINEMENT_FINER_RECORD_CLOCK_2026-07-02.md	acphilambda_pointer_labeled_refinement_finer_record_clock_2026-07-02
docs/ACPHILAMBDA_PROJECTIVE_EQUIVARIANCE_K_ODD_TRACE_2026-07-02.md	archive/notes/docs/ACPHILAMBDA_PROJECTIVE_EQUIVARIANCE_K_ODD_TRACE_2026-07-02.md	acphilambda_projective_equivariance_k_odd_trace_2026-07-02
docs/ACPHILAMBDA_REAL_HOLONOMY_LOCUS_IDENTITY_2026-07-01.md	archive/notes/docs/ACPHILAMBDA_REAL_HOLONOMY_LOCUS_IDENTITY_2026-07-01.md	acphilambda_real_holonomy_locus_identity_2026-07-01
docs/ACPHILAMBDA_REGISTRABLE_CYCLE_HOLONOMY_NORMAL_FORM_2026-07-01.md	archive/notes/docs/ACPHILAMBDA_REGISTRABLE_CYCLE_HOLONOMY_NORMAL_FORM_2026-07-01.md	acphilambda_registrable_cycle_holonomy_normal_form_2026-07-01
docs/ACPHILAMBDA_RETIREMENT_BASIS_REMATCH_AND_CLAIM_SURFACE_NOTE_2026-07-06.md	archive/notes/docs/ACPHILAMBDA_RETIREMENT_BASIS_REMATCH_AND_CLAIM_SURFACE_NOTE_2026-07-06.md	acphilambda_retirement_basis_rematch_and_claim_surface_note_2026-07-06
docs/ACPHILAMBDA_R_ETA_ANGLE_NATIVE_FRONTIER_NO_GO_NOTE_2026-07-04.md	archive/notes/docs/ACPHILAMBDA_R_ETA_ANGLE_NATIVE_FRONTIER_NO_GO_NOTE_2026-07-04.md	acphilambda_r_eta_angle_native_frontier_no_go_note_2026-07-04
docs/ACPHILAMBDA_R_ETA_DIRECT_LICENSE_HCLASS_HUNIT_NON_SUPPLY_NO_GO_NOTE_2026-07-04.md	archive/notes/docs/ACPHILAMBDA_R_ETA_DIRECT_LICENSE_HCLASS_HUNIT_NON_SUPPLY_NO_GO_NOTE_2026-07-04.md	acphilambda_r_eta_direct_license_hclass_hunit_non_supply_no_go_note_2026-07-04
docs/ACPHILAMBDA_R_ETA_DOUBLET_CLOCK_RATE_NORMALIZATION_NO_GO_NOTE_2026-07-04.md	archive/notes/docs/ACPHILAMBDA_R_ETA_DOUBLET_CLOCK_RATE_NORMALIZATION_NO_GO_NOTE_2026-07-04.md	acphilambda_r_eta_doublet_clock_rate_normalization_no_go_note_2026-07-04
docs/ACPHILAMBDA_R_ETA_HCLASS_FIRST_PRINCIPLES_STRETCH_NO_GO_NOTE_2026-07-04.md	archive/notes/docs/ACPHILAMBDA_R_ETA_HCLASS_FIRST_PRINCIPLES_STRETCH_NO_GO_NOTE_2026-07-04.md	acphilambda_r_eta_hclass_first_principles_stretch_no_go_note_2026-07-04
docs/ACPHILAMBDA_R_ETA_HUNIT_APPROVED_PRIMITIVE_NON_SUPPLY_NO_GO_NOTE_2026-07-04.md	archive/notes/docs/ACPHILAMBDA_R_ETA_HUNIT_APPROVED_PRIMITIVE_NON_SUPPLY_NO_GO_NOTE_2026-07-04.md	acphilambda_r_eta_hunit_approved_primitive_non_supply_no_go_note_2026-07-04
docs/ACPHILAMBDA_R_ETA_OCCURRENCE_AXIOM_HYGIENE_NO_GO_NOTE_2026-07-04.md	archive/notes/docs/ACPHILAMBDA_R_ETA_OCCURRENCE_AXIOM_HYGIENE_NO_GO_NOTE_2026-07-04.md	acphilambda_r_eta_occurrence_axiom_hygiene_no_go_note_2026-07-04
docs/ACPHILAMBDA_R_ETA_RECORD_FORMATION_NON_SUPPLY_NO_GO_NOTE_2026-07-04.md	archive/notes/docs/ACPHILAMBDA_R_ETA_RECORD_FORMATION_NON_SUPPLY_NO_GO_NOTE_2026-07-04.md	acphilambda_r_eta_record_formation_non_supply_no_go_note_2026-07-04
docs/ACPHILAMBDA_R_ETA_VALUE_FACE_REGISTERED_ANGLE_FUNCTIONAL_EXACTNESS_RELOCATION_NOTE_2026-07-05.md	archive/notes/docs/ACPHILAMBDA_R_ETA_VALUE_FACE_REGISTERED_ANGLE_FUNCTIONAL_EXACTNESS_RELOCATION_NOTE_2026-07-05.md	acphilambda_r_eta_value_face_registered_angle_functional_exactness_relocation_note_2026-07-05
docs/ACTION_FAMILY_CHARACTER_SEMIGROUP_DISCRIMINATOR_BOUNDED_NOTE_2026-07-02.md	archive/notes/docs/ACTION_FAMILY_CHARACTER_SEMIGROUP_DISCRIMINATOR_BOUNDED_NOTE_2026-07-02.md	action_family_character_semigroup_discriminator_bounded_note_2026-07-02
docs/ACTIVITY_ENERGY_BOUND_WITNESSES_BOUNDED_NOTE_2026-07-08.md	archive/notes/docs/ACTIVITY_ENERGY_BOUND_WITNESSES_BOUNDED_NOTE_2026-07-08.md	activity_energy_bound_witnesses_bounded_note_2026-07-08
docs/ADMISSIBILITY_RULE_COVARIANCE_EXTENSION_CLASSIFICATION_OPENNESS_ACHIRAL_ORIENTED_FRAME_MINIMAL_CHIRAL_CHANNEL_BOUNDED_THEOREM_NOTE_2026-07-03.md	archive/notes/docs/ADMISSIBILITY_RULE_COVARIANCE_EXTENSION_CLASSIFICATION_OPENNESS_ACHIRAL_ORIENTED_FRAME_MINIMAL_CHIRAL_CHANNEL_BOUNDED_THEOREM_NOTE_2026-07-03.md	admissibility_rule_covariance_extension_classification_openness_achiral_oriented_frame_minimal_chiral_channel_bounded_theorem_note_2026-07-03
docs/ARCHITECTURE_OPTIONS.md	archive/notes/docs/ARCHITECTURE_OPTIONS.md	architecture_options
docs/ASYMMETRY_PERSISTENCE_MASS_WINDOW_NOTE.md	archive/notes/docs/ASYMMETRY_PERSISTENCE_MASS_WINDOW_NOTE.md	asymmetry_persistence_mass_window_note
docs/AUDIT_DM_GV_RUNNER_STALE_PATH_CLEANUP_BLOCK_TWO_NOTE_2026-05-01.md	archive/notes/docs/AUDIT_DM_GV_RUNNER_STALE_PATH_CLEANUP_BLOCK_TWO_NOTE_2026-05-01.md	audit_dm_gv_runner_stale_path_cleanup_block_two_note_2026-05-01
docs/AUDIT_DM_RUNNER_STALE_PATH_CLEANUP_NOTE_2026-05-01.md	archive/notes/docs/AUDIT_DM_RUNNER_STALE_PATH_CLEANUP_NOTE_2026-05-01.md	audit_dm_runner_stale_path_cleanup_note_2026-05-01
docs/AUDIT_LANDSCAPE_SNAPSHOT_2026-05-17.md	archive/notes/docs/AUDIT_LANDSCAPE_SNAPSHOT_2026-05-17.md	audit_landscape_snapshot_2026-05-17
docs/AUDIT_LHF_LEVERAGE_MAP_FOR_RETAINED_PROMOTION_NOTE_2026-05-01.md	archive/notes/docs/AUDIT_LHF_LEVERAGE_MAP_FOR_RETAINED_PROMOTION_NOTE_2026-05-01.md	audit_lhf_leverage_map_for_retained_promotion_note_2026-05-01
docs/AUDIT_PACKET_SCRIPT_DEPS_NOTE_2026-05-17.md	archive/notes/docs/AUDIT_PACKET_SCRIPT_DEPS_NOTE_2026-05-17.md	audit_packet_script_deps_note_2026-05-17
docs/AUDIT_STRUCTURAL_ISSUES_SNAPSHOT_2026-05-17.md	archive/notes/docs/AUDIT_STRUCTURAL_ISSUES_SNAPSHOT_2026-05-17.md	audit_structural_issues_snapshot_2026-05-17
docs/AUTONOMOUS_INTERMITTENT_RECORD_INSTRUMENT_CALIBRATION_NONSELECTION_BOUNDED_THEOREM_NOTE_2026-07-11.md	archive/notes/docs/AUTONOMOUS_INTERMITTENT_RECORD_INSTRUMENT_CALIBRATION_NONSELECTION_BOUNDED_THEOREM_NOTE_2026-07-11.md	autonomous_intermittent_record_instrument_calibration_nonselection_bounded_theorem_note_2026-07-11
docs/AXIOM_CHANGE_PROPOSAL_2026-04-10.md	archive/notes/docs/AXIOM_CHANGE_PROPOSAL_2026-04-10.md	axiom_change_proposal_2026-04-10
docs/AXIOM_FIRST_MICROCAUSALITY_LIEB_ROBINSON_NOTE_2026-05-17.md	archive/notes/docs/AXIOM_FIRST_MICROCAUSALITY_LIEB_ROBINSON_NOTE_2026-05-17.md	axiom_first_microcausality_lieb_robinson_note_2026-05-17
docs/BMV_THREEBODY_NOTE_2026-04-11.md	archive/notes/docs/BMV_THREEBODY_NOTE_2026-04-11.md	bmv_threebody_note_2026-04-11
docs/BORN_ACCEPTANCE_HARNESS_SUPPORT_NOTE_2026-07-28.md	archive/notes/docs/BORN_ACCEPTANCE_HARNESS_SUPPORT_NOTE_2026-07-28.md	born_acceptance_harness_support_note_2026-07-28
docs/BORN_FORM_EFFECT_MENU_SITEWISE_FORCING_AND_PRODUCT_MENU_BOUNDARY_BOUNDED_THEOREM_NOTE_2026-07-17.md	archive/notes/docs/BORN_FORM_EFFECT_MENU_SITEWISE_FORCING_AND_PRODUCT_MENU_BOUNDARY_BOUNDED_THEOREM_NOTE_2026-07-17.md	born_form_effect_menu_sitewise_forcing_and_product_menu_boundary_bounded_theorem_note_2026-07-17
docs/BORN_FORM_SCALED_PROJECTOR_MENU_FAMILY_SITEWISE_FORCING_AND_PAIRED_MENU_BOUNDARY_BOUNDED_THEOREM_NOTE_2026-07-17.md	archive/notes/docs/BORN_FORM_SCALED_PROJECTOR_MENU_FAMILY_SITEWISE_FORCING_AND_PAIRED_MENU_BOUNDARY_BOUNDED_THEOREM_NOTE_2026-07-17.md	born_form_scaled_projector_menu_family_sitewise_forcing_and_paired_menu_boundary_bounded_theorem_note_2026-07-17
docs/BOUNDED_ADDITIVE_ON_INTERVAL_LINEARITY_REBUILT_SUPPORT_NOTE_2026-07-18.md	archive/notes/docs/BOUNDED_ADDITIVE_ON_INTERVAL_LINEARITY_REBUILT_SUPPORT_NOTE_2026-07-18.md	bounded_additive_on_interval_linearity_rebuilt_support_note_2026-07-18
docs/BRANCH_CLEANUP_RECOMMENDATION_2026-05-03.md	archive/notes/docs/BRANCH_CLEANUP_RECOMMENDATION_2026-05-03.md	branch_cleanup_recommendation_2026-05-03
docs/BRANCH_SUMMARY_DISTRACTED_NAPIER.md	archive/notes/docs/BRANCH_SUMMARY_DISTRACTED_NAPIER.md	branch_summary_distracted_napier
docs/BREAKTHROUGH_DIRECTION_MEMO_2026-04-10.md	archive/notes/docs/BREAKTHROUGH_DIRECTION_MEMO_2026-04-10.md	breakthrough_direction_memo_2026-04-10
docs/BRIDGE_LANES_PROMOTION_PROPOSAL_NOTE_2026-05-10_lanes.md	archive/notes/docs/BRIDGE_LANES_PROMOTION_PROPOSAL_NOTE_2026-05-10_lanes.md	bridge_lanes_promotion_proposal_note_2026-05-10_lanes
docs/C1B_DEGENERACY_LOCUS_PARTITION_TOTALITY_BOUNDED_NOTE_2026-07-02.md	archive/notes/docs/C1B_DEGENERACY_LOCUS_PARTITION_TOTALITY_BOUNDED_NOTE_2026-07-02.md	c1b_degeneracy_locus_partition_totality_bounded_note_2026-07-02
docs/C1_FRAME_COMPONENT_FROM_RECORD_REGISTRABILITY_PARTIAL_BOUNDED_NOTE_2026-07-02.md	archive/notes/docs/C1_FRAME_COMPONENT_FROM_RECORD_REGISTRABILITY_PARTIAL_BOUNDED_NOTE_2026-07-02.md	c1_frame_component_from_record_registrability_partial_bounded_note_2026-07-02
docs/C2_WEIGHTING_NORMAL_FORM_ONE_PARAMETER_UNIQUENESS_BOUNDED_NOTE_2026-07-02.md	archive/notes/docs/C2_WEIGHTING_NORMAL_FORM_ONE_PARAMETER_UNIQUENESS_BOUNDED_NOTE_2026-07-02.md	c2_weighting_normal_form_one_parameter_uniqueness_bounded_note_2026-07-02
docs/C2_W_SUPPLIER_READING_FORK_FIXED_POINT_UNIDENTIFIABILITY_BOUNDED_NOTE_2026-07-02.md	archive/notes/docs/C2_W_SUPPLIER_READING_FORK_FIXED_POINT_UNIDENTIFIABILITY_BOUNDED_NOTE_2026-07-02.md	c2_w_supplier_reading_fork_fixed_point_unidentifiability_bounded_note_2026-07-02
docs/CAMPAIGN_CONSISTENCY_SURVEY_NOTE_2026-05-10_meta.md	archive/notes/docs/CAMPAIGN_CONSISTENCY_SURVEY_NOTE_2026-05-10_meta.md	campaign_consistency_survey_note_2026-05-10_meta
docs/CANONICAL_TWO_CELL_CONTEXT_C3_EW_INSTANCE_BOUNDED_NOTE_2026-07-02.md	archive/notes/docs/CANONICAL_TWO_CELL_CONTEXT_C3_EW_INSTANCE_BOUNDED_NOTE_2026-07-02.md	canonical_two_cell_context_c3_ew_instance_bounded_note_2026-07-02
docs/CHARGED_LEPTON_LANE6_THEOREM_PLAN_NOTE_2026-04-28.md	archive/notes/docs/CHARGED_LEPTON_LANE6_THEOREM_PLAN_NOTE_2026-04-28.md	charged_lepton_lane6_theorem_plan_note_2026-04-28
docs/CKM_COMPOSITE_POSITIVE_VOLUME_ALIGNMENT_SOURCE_ACTION_BOUNDARY_NOTE_2026-07-12.md	archive/notes/docs/CKM_COMPOSITE_POSITIVE_VOLUME_ALIGNMENT_SOURCE_ACTION_BOUNDARY_NOTE_2026-07-12.md	ckm_composite_positive_volume_alignment_source_action_boundary_note_2026-07-12
docs/CKM_DOWN_TYPE_SCALE_CONVENTION_AUDITED_SCOPE_NARROW_BOUNDED_NOTE_2026-05-10.md	archive/notes/docs/CKM_DOWN_TYPE_SCALE_CONVENTION_AUDITED_SCOPE_NARROW_BOUNDED_NOTE_2026-05-10.md	ckm_down_type_scale_convention_audited_scope_narrow_bounded_note_2026-05-10
docs/CKM_FIVE_SIXTHS_EXPONENT_DISCRIMINATOR_SUPPORT_NOTE_2026-07-02.md	archive/notes/docs/CKM_FIVE_SIXTHS_EXPONENT_DISCRIMINATOR_SUPPORT_NOTE_2026-07-02.md	ckm_five_sixths_exponent_discriminator_support_note_2026-07-02
docs/CKM_MASS_OPERATOR_PROJECTOR_OVERLAP_TYPING_THEOREM_NOTE_2026-07-12.md	archive/notes/docs/CKM_MASS_OPERATOR_PROJECTOR_OVERLAP_TYPING_THEOREM_NOTE_2026-07-12.md	ckm_mass_operator_projector_overlap_typing_theorem_note_2026-07-12
docs/COLLAPSE_MERGER_TOY_ENGINE_VALIDATION_NOTE_2026-07-08.md	archive/notes/docs/COLLAPSE_MERGER_TOY_ENGINE_VALIDATION_NOTE_2026-07-08.md	collapse_merger_toy_engine_validation_note_2026-07-08
docs/COLOR_COMPOSITION_RULE_MATTER_BILINEAR_POLAR_TRANSPORT_CONDITIONAL_BOUNDED_THEOREM_NOTE_2026-07-06.md	archive/notes/docs/COLOR_COMPOSITION_RULE_MATTER_BILINEAR_POLAR_TRANSPORT_CONDITIONAL_BOUNDED_THEOREM_NOTE_2026-07-06.md	color_composition_rule_matter_bilinear_polar_transport_conditional_bounded_theorem_note_2026-07-06
docs/COLOR_COMP_HURWITZ_CLAUSE_SCOPE_REDUCTION_NARROW_THEOREM_NOTE_2026-07-06.md	archive/notes/docs/COLOR_COMP_HURWITZ_CLAUSE_SCOPE_REDUCTION_NARROW_THEOREM_NOTE_2026-07-06.md	color_comp_hurwitz_clause_scope_reduction_narrow_theorem_note_2026-07-06
docs/COLOR_DERIVATION_CAMPAIGN_20260706_ASSEMBLY_AND_HONEST_REBOUNDING_META_NOTE_2026-07-06.md	archive/notes/docs/COLOR_DERIVATION_CAMPAIGN_20260706_ASSEMBLY_AND_HONEST_REBOUNDING_META_NOTE_2026-07-06.md	color_derivation_campaign_20260706_assembly_and_honest_rebounding_meta_note_2026-07-06
docs/COLOR_ORIENTATION_THREE_VS_THREEBAR_SUCCESSION_CANDIDATE_CONDITIONAL_BOUNDED_THEOREM_NOTE_2026-07-06.md	archive/notes/docs/COLOR_ORIENTATION_THREE_VS_THREEBAR_SUCCESSION_CANDIDATE_CONDITIONAL_BOUNDED_THEOREM_NOTE_2026-07-06.md	color_orientation_three_vs_threebar_succession_candidate_conditional_bounded_theorem_note_2026-07-06
docs/COMPANION_BANK_LIVENESS_SCHEDULE_ENDPOINT_INTERVAL_PACKET_PROJECTION_BOUNDED_THEOREM_NOTE_2026-07-28.md	archive/notes/docs/COMPANION_BANK_LIVENESS_SCHEDULE_ENDPOINT_INTERVAL_PACKET_PROJECTION_BOUNDED_THEOREM_NOTE_2026-07-28.md	companion_bank_liveness_schedule_endpoint_interval_packet_projection_bounded_theorem_note_2026-07-28
docs/COMPANION_BANK_PACKET_COUNT_TENSOR_PROJECTION_CONSTRAINT_MEMBERSHIP_BOUNDED_THEOREM_NOTE_2026-07-28.md	archive/notes/docs/COMPANION_BANK_PACKET_COUNT_TENSOR_PROJECTION_CONSTRAINT_MEMBERSHIP_BOUNDED_THEOREM_NOTE_2026-07-28.md	companion_bank_packet_count_tensor_projection_constraint_membership_bounded_theorem_note_2026-07-28
docs/COMPANION_BANK_STATIC_CERTIFICATE_POVM_CONDITIONAL_BOUNDED_THEOREM_NOTE_2026-07-30.md	archive/notes/docs/COMPANION_BANK_STATIC_CERTIFICATE_POVM_CONDITIONAL_BOUNDED_THEOREM_NOTE_2026-07-30.md	companion_bank_static_certificate_povm_conditional_bounded_theorem_note_2026-07-30
docs/COMPANION_BANK_STATIC_CERTIFICATE_POVM_INPUT_CONVENTION_META_NOTE_2026-07-30.md	archive/notes/docs/COMPANION_BANK_STATIC_CERTIFICATE_POVM_INPUT_CONVENTION_META_NOTE_2026-07-30.md	companion_bank_static_certificate_povm_input_convention_meta_note_2026-07-30
docs/COMPOSITE_CURVATURE_SUM_RULE_BAND_CONTROLS_BOUNDED_THEOREM_NOTE_2026-07-08.md	archive/notes/docs/COMPOSITE_CURVATURE_SUM_RULE_BAND_CONTROLS_BOUNDED_THEOREM_NOTE_2026-07-08.md	composite_curvature_sum_rule_band_controls_bounded_theorem_note_2026-07-08
docs/COMPOSITE_MASS_ADDITIVITY_BINDING_DEFECT_TWO_STEP_SURFACE_BOUNDED_NOTE_2026-07-08.md	archive/notes/docs/COMPOSITE_MASS_ADDITIVITY_BINDING_DEFECT_TWO_STEP_SURFACE_BOUNDED_NOTE_2026-07-08.md	composite_mass_additivity_binding_defect_two_step_surface_bounded_note_2026-07-08
docs/CONDITION_ALPHABET_IDENTIFICATION_COUPLED_CUBIC_ACTION_THRESHOLD_MET_NO_ODD_CHANNEL_BELOW_TRIPLES_BOUNDED_THEOREM_NOTE_2026-07-04.md	archive/notes/docs/CONDITION_ALPHABET_IDENTIFICATION_COUPLED_CUBIC_ACTION_THRESHOLD_MET_NO_ODD_CHANNEL_BELOW_TRIPLES_BOUNDED_THEOREM_NOTE_2026-07-04.md	condition_alphabet_identification_coupled_cubic_action_threshold_met_no_odd_channel_below_triples_bounded_theorem_note_2026-07-04
docs/CONNES_KREIMER_PARTIAL_SUM_RB_B4_EXTERNAL_BOUNDED_NOTE_2026-05-10.md	archive/notes/docs/CONNES_KREIMER_PARTIAL_SUM_RB_B4_EXTERNAL_BOUNDED_NOTE_2026-05-10.md	connes_kreimer_partial_sum_rb_b4_external_bounded_note_2026-05-10
docs/COSMOLOGICAL_CONSTANT_RETENTION_WITH_R_BUDGET_THEOREM_NOTE_2026-04-29.md	archive/notes/docs/COSMOLOGICAL_CONSTANT_RETENTION_WITH_R_BUDGET_THEOREM_NOTE_2026-04-29.md	cosmological_constant_retention_with_r_budget_theorem_note_2026-04-29
docs/COUPLED_PERIODIC_TWO_SEAM_SU3_WILSON_STAGGERED_REFLECTED_GRAM_BOUNDED_THEOREM_NOTE_2026-07-12.md	archive/notes/docs/COUPLED_PERIODIC_TWO_SEAM_SU3_WILSON_STAGGERED_REFLECTED_GRAM_BOUNDED_THEOREM_NOTE_2026-07-12.md	coupled_periodic_two_seam_su3_wilson_staggered_reflected_gram_bounded_theorem_note_2026-07-12
docs/CTE_RCONN_SPATIAL_TENSOR_COLOR_BRIDGE_IS_A_CROSS_DOMAIN_COINCIDENCE_NARROW_NO_GO_NOTE_2026-06-08.md	archive/notes/docs/CTE_RCONN_SPATIAL_TENSOR_COLOR_BRIDGE_IS_A_CROSS_DOMAIN_COINCIDENCE_NARROW_NO_GO_NOTE_2026-06-08.md	cte_rconn_spatial_tensor_color_bridge_is_a_cross_domain_coincidence_narrow_no_go_note_2026-06-08
docs/CUBIC_MATCHING_PRODUCT_QUBIT_QCA_SCHEDULE_ORBIT_BOUNDED_THEOREM_NOTE_2026-07-11.md	archive/notes/docs/CUBIC_MATCHING_PRODUCT_QUBIT_QCA_SCHEDULE_ORBIT_BOUNDED_THEOREM_NOTE_2026-07-11.md	cubic_matching_product_qubit_qca_schedule_orbit_bounded_theorem_note_2026-07-11
docs/D3_RETENTION_CLOSURE_PLAN_2026-05-20.md	archive/notes/docs/D3_RETENTION_CLOSURE_PLAN_2026-05-20.md	d3_retention_closure_plan_2026-05-20
docs/DECOHERENCE_DECISION_NOTE.md	archive/notes/docs/DECOHERENCE_DECISION_NOTE.md	decoherence_decision_note
docs/DE_SITTER_CURVATURE_GAP_NOT_FIERZ_PAULI_MASS_DIAGNOSTIC_BOUNDED_THEOREM_NOTE_2026-06-08.md	archive/notes/docs/DE_SITTER_CURVATURE_GAP_NOT_FIERZ_PAULI_MASS_DIAGNOSTIC_BOUNDED_THEOREM_NOTE_2026-06-08.md	de_sitter_curvature_gap_not_fierz_pauli_mass_diagnostic_bounded_theorem_note_2026-06-08
docs/DIAMOND_NV_PHASE_RAMP_SIGNAL_BUDGET_NOTE.md	archive/notes/docs/DIAMOND_NV_PHASE_RAMP_SIGNAL_BUDGET_NOTE.md	diamond_nv_phase_ramp_signal_budget_note
docs/DIMENSION_UPPER_BOUND_DEPENDENCY_EDGE_REPAIR_NOTE_2026-06-08.md	archive/notes/docs/DIMENSION_UPPER_BOUND_DEPENDENCY_EDGE_REPAIR_NOTE_2026-06-08.md	dimension_upper_bound_dependency_edge_repair_note_2026-06-08
docs/DISTANCE_LAW_FRONTIER_AUDIT_NOTE.md	archive/notes/docs/DISTANCE_LAW_FRONTIER_AUDIT_NOTE.md	distance_law_frontier_audit_note
docs/DISTRACTED_NAPIER_RECONCILIATION_NOTE.md	archive/notes/docs/DISTRACTED_NAPIER_RECONCILIATION_NOTE.md	distracted_napier_reconciliation_note
docs/DM_LEPTOGENESIS_PMNS_ISEED_SELECTOR_ROUTE_PROBES_NOTE_2026-07-02.md	archive/notes/docs/DM_LEPTOGENESIS_PMNS_ISEED_SELECTOR_ROUTE_PROBES_NOTE_2026-07-02.md	dm_leptogenesis_pmns_iseed_selector_route_probes_note_2026-07-02
docs/DM_WILSON_DIRECT_DESCENDANT_CONSTRUCTIVE_TRANSPORT_PLATEAU_NORMALIZED_SCHUR_DETERMINANT_SELECTOR_NOTE_2026-04-19.md	archive/notes/docs/DM_WILSON_DIRECT_DESCENDANT_CONSTRUCTIVE_TRANSPORT_PLATEAU_NORMALIZED_SCHUR_DETERMINANT_SELECTOR_NOTE_2026-04-19.md	dm_wilson_direct_descendant_constructive_transport_plateau_normalized_schur_determinant_selector_note_2026-04-19
docs/DM_WILSON_DIRECT_DESCENDANT_CONSTRUCTIVE_TRANSPORT_PLATEAU_SCHUR_SPECTRAL_ISOTROPY_SELECTOR_NOTE_2026-04-19.md	archive/notes/docs/DM_WILSON_DIRECT_DESCENDANT_CONSTRUCTIVE_TRANSPORT_PLATEAU_SCHUR_SPECTRAL_ISOTROPY_SELECTOR_NOTE_2026-04-19.md	dm_wilson_direct_descendant_constructive_transport_plateau_schur_spectral_isotropy_selector_note_2026-04-19
docs/DOMAIN_WALL_CHIRAL_EDGE_FROM_ACHIRAL_CL3_BULK_FREE_FIELD_BOUNDED_THEOREM_NOTE_2026-07-04.md	archive/notes/docs/DOMAIN_WALL_CHIRAL_EDGE_FROM_ACHIRAL_CL3_BULK_FREE_FIELD_BOUNDED_THEOREM_NOTE_2026-07-04.md	domain_wall_chiral_edge_from_achiral_cl3_bulk_free_field_bounded_theorem_note_2026-07-04
docs/DOMAIN_WALL_EDGE_ANOMALY_INFLOW_SPECTRAL_FLOW_FREE_FIELD_BOUNDED_THEOREM_NOTE_2026-07-05.md	archive/notes/docs/DOMAIN_WALL_EDGE_ANOMALY_INFLOW_SPECTRAL_FLOW_FREE_FIELD_BOUNDED_THEOREM_NOTE_2026-07-05.md	domain_wall_edge_anomaly_inflow_spectral_flow_free_field_bounded_theorem_note_2026-07-05
docs/DOMAIN_WALL_EDGE_CONTENT_VS_SM_CHIRAL_FERMIONS_MAP_BOUNDED_THEOREM_NOTE_2026-07-05.md	archive/notes/docs/DOMAIN_WALL_EDGE_CONTENT_VS_SM_CHIRAL_FERMIONS_MAP_BOUNDED_THEOREM_NOTE_2026-07-05.md	domain_wall_edge_content_vs_sm_chiral_fermions_map_bounded_theorem_note_2026-07-05
docs/DYNAMICS_CONTENT_SORT_ORDERING_DERIVED_ACCUMULATION_IRREDUCIBLE_BOUNDED_NOTE_2026-07-03.md	archive/notes/docs/DYNAMICS_CONTENT_SORT_ORDERING_DERIVED_ACCUMULATION_IRREDUCIBLE_BOUNDED_NOTE_2026-07-03.md	dynamics_content_sort_ordering_derived_accumulation_irreducible_bounded_note_2026-07-03
docs/EARLY_FAMILY_TRANSFER_CONNECTIVITY_DIAGNOSIS.md	archive/notes/docs/EARLY_FAMILY_TRANSFER_CONNECTIVITY_DIAGNOSIS.md	early_family_transfer_connectivity_diagnosis
docs/EIDENT_DECOMPOSITION_DEFINITIONAL_PROPORTIONALITY_CTX_MATCH_BOUNDED_NOTE_2026-07-02.md	archive/notes/docs/EIDENT_DECOMPOSITION_DEFINITIONAL_PROPORTIONALITY_CTX_MATCH_BOUNDED_NOTE_2026-07-02.md	eident_decomposition_definitional_proportionality_ctx_match_bounded_note_2026-07-02
docs/EMPTY_STATE_BOOTSTRAP_ALL_OPEN_AVAILABILITY_ORBIT_DICHOTOMY_DEGREE_NINE_CHIRALITY_WALL_BOUNDED_THEOREM_NOTE_2026-07-04.md	archive/notes/docs/EMPTY_STATE_BOOTSTRAP_ALL_OPEN_AVAILABILITY_ORBIT_DICHOTOMY_DEGREE_NINE_CHIRALITY_WALL_BOUNDED_THEOREM_NOTE_2026-07-04.md	empty_state_bootstrap_all_open_availability_orbit_dichotomy_degree_nine_chirality_wall_bounded_theorem_note_2026-07-04
docs/ENERGY_CHANNEL_INDUCED_KERNEL_ROUTE_A_NOTE_2026-07-08.md	archive/notes/docs/ENERGY_CHANNEL_INDUCED_KERNEL_ROUTE_A_NOTE_2026-07-08.md	energy_channel_induced_kernel_route_a_note_2026-07-08
docs/ENERGY_GAUSS_CONSTRAINT_OBSTRUCTION_ROUTE_B_NOTE_2026-07-08.md	archive/notes/docs/ENERGY_GAUSS_CONSTRAINT_OBSTRUCTION_ROUTE_B_NOTE_2026-07-08.md	energy_gauss_constraint_obstruction_route_b_note_2026-07-08
docs/EQUAL_CHANNEL_ENERGY_REDUCES_TO_EQUIPARTITION_SURFACE_DICTIONARY_RESIDUAL_BOUNDED_NOTE_2026-07-02.md	archive/notes/docs/EQUAL_CHANNEL_ENERGY_REDUCES_TO_EQUIPARTITION_SURFACE_DICTIONARY_RESIDUAL_BOUNDED_NOTE_2026-07-02.md	equal_channel_energy_reduces_to_equipartition_surface_dictionary_residual_bounded_note_2026-07-02
docs/EROSION_GEOMETRIC_RATE_CLOSED_FORM_BOUNDED_THEOREM_NOTE_2026-06-12.md	archive/notes/docs/EROSION_GEOMETRIC_RATE_CLOSED_FORM_BOUNDED_THEOREM_NOTE_2026-06-12.md	erosion_geometric_rate_closed_form_bounded_theorem_note_2026-06-12
docs/EROSION_MOBIUS_DERIVATIVE_CHAIN_RULE_LAW_BOUNDED_THEOREM_NOTE_2026-06-12.md	archive/notes/docs/EROSION_MOBIUS_DERIVATIVE_CHAIN_RULE_LAW_BOUNDED_THEOREM_NOTE_2026-06-12.md	erosion_mobius_derivative_chain_rule_law_bounded_theorem_note_2026-06-12
docs/EXACT_QGEN_METZLER_VIOLATION_ALL_ODD_N_CLOSED_FORM_BOUNDED_NOTE_2026-07-02.md	archive/notes/docs/EXACT_QGEN_METZLER_VIOLATION_ALL_ODD_N_CLOSED_FORM_BOUNDED_NOTE_2026-07-02.md	exact_qgen_metzler_violation_all_odd_n_closed_form_bounded_note_2026-07-02
docs/EXACT_QGEN_NOT_POSITIVE_ON_ZN_WRAPPED_GAUSSIAN_CORRECTION_BOUNDED_NOTE_2026-07-02.md	archive/notes/docs/EXACT_QGEN_NOT_POSITIVE_ON_ZN_WRAPPED_GAUSSIAN_CORRECTION_BOUNDED_NOTE_2026-07-02.md	exact_qgen_not_positive_on_zn_wrapped_gaussian_correction_bounded_note_2026-07-02
docs/FACTORIZATION_OBJECT_API_SUPPORT_NOTE_2026-07-28.md	archive/notes/docs/FACTORIZATION_OBJECT_API_SUPPORT_NOTE_2026-07-28.md	factorization_object_api_support_note_2026-07-28
docs/FINITE_FLAT_LINK_EVEN_CAR_SUPPORT_CENSUS_BOUNDED_THEOREM_NOTE_2026-07-23.md	archive/notes/docs/FINITE_FLAT_LINK_EVEN_CAR_SUPPORT_CENSUS_BOUNDED_THEOREM_NOTE_2026-07-23.md	finite_flat_link_even_car_support_census_bounded_theorem_note_2026-07-23
docs/FINITE_PROPER_CUBIC_ADMISSION_TABLE_DISCRIMINATOR_BOUNDED_THEOREM_NOTE_2026-07-23.md	archive/notes/docs/FINITE_PROPER_CUBIC_ADMISSION_TABLE_DISCRIMINATOR_BOUNDED_THEOREM_NOTE_2026-07-23.md	finite_proper_cubic_admission_table_discriminator_bounded_theorem_note_2026-07-23
docs/FINITE_REGGE_PLAQUETTE_SCATTERING_DIAGNOSTICS_CYCLE576_BOUNDED_THEOREM_NOTE_2026-07-22.md	archive/notes/docs/FINITE_REGGE_PLAQUETTE_SCATTERING_DIAGNOSTICS_CYCLE576_BOUNDED_THEOREM_NOTE_2026-07-22.md	finite_regge_plaquette_scattering_diagnostics_cycle576_bounded_theorem_note_2026-07-22
docs/FINITE_RETAINED_COUNTER_COREGISTRATION_IDENTITIES_NOTE_2026-07-24.md	archive/notes/docs/FINITE_RETAINED_COUNTER_COREGISTRATION_IDENTITIES_NOTE_2026-07-24.md	finite_retained_counter_coregistration_identities_note_2026-07-24
docs/FINITE_SOURCE_INSERTION_ALGEBRA_CARRIER_LABEL_SUPPORT_CYCLE572_BOUNDED_THEOREM_NOTE_2026-07-22.md	archive/notes/docs/FINITE_SOURCE_INSERTION_ALGEBRA_CARRIER_LABEL_SUPPORT_CYCLE572_BOUNDED_THEOREM_NOTE_2026-07-22.md	finite_source_insertion_algebra_carrier_label_support_cycle572_bounded_theorem_note_2026-07-22
docs/FLAGSHIP_PAPER_CONTRIBUTION_STATEMENT_NOTE.md	archive/notes/docs/FLAGSHIP_PAPER_CONTRIBUTION_STATEMENT_NOTE.md	flagship_paper_contribution_statement_note
docs/FLAVOR_CARRIER_MEASURE_SCORING_DISCRIMINATOR_BOUNDED_NOTE_2026-07-02.md	archive/notes/docs/FLAVOR_CARRIER_MEASURE_SCORING_DISCRIMINATOR_BOUNDED_NOTE_2026-07-02.md	flavor_carrier_measure_scoring_discriminator_bounded_note_2026-07-02
docs/FORMATION_RATE_LAW_CLASS_REDUCTION_BOUNDED_NOTE_2026-07-08.md	archive/notes/docs/FORMATION_RATE_LAW_CLASS_REDUCTION_BOUNDED_NOTE_2026-07-08.md	formation_rate_law_class_reduction_bounded_note_2026-07-08
docs/FREE_STAGGERED_3PLUS1_REFLECTED_GRAM_CAR_FOCK_REPRESENTATION_BOUNDED_THEOREM_NOTE_2026-07-12.md	archive/notes/docs/FREE_STAGGERED_3PLUS1_REFLECTED_GRAM_CAR_FOCK_REPRESENTATION_BOUNDED_THEOREM_NOTE_2026-07-12.md	free_staggered_3plus1_reflected_gram_car_fock_representation_bounded_theorem_note_2026-07-12
docs/FREE_STAGGERED_3PLUS1_SAME_ACTION_TRANSFER_GAUSSIAN_CONTINUUM_BOUNDED_THEOREM_NOTE_2026-07-12.md	archive/notes/docs/FREE_STAGGERED_3PLUS1_SAME_ACTION_TRANSFER_GAUSSIAN_CONTINUUM_BOUNDED_THEOREM_NOTE_2026-07-12.md	free_staggered_3plus1_same_action_transfer_gaussian_continuum_bounded_theorem_note_2026-07-12
docs/FREE_STAGGERED_D_DIMENSIONAL_TWO_STEP_MANY_BODY_TRANSFER_IDENTITY_NOTE_2026-07-20.md	archive/notes/docs/FREE_STAGGERED_D_DIMENSIONAL_TWO_STEP_MANY_BODY_TRANSFER_IDENTITY_NOTE_2026-07-20.md	free_staggered_d_dimensional_two_step_many_body_transfer_identity_note_2026-07-20
docs/FROZEN_REGION_RECORD_SATURATION_LOCAL_FINALITY_BOUNDARY_INFLUENCE_BOUNDED_NOTE_2026-07-03.md	archive/notes/docs/FROZEN_REGION_RECORD_SATURATION_LOCAL_FINALITY_BOUNDARY_INFLUENCE_BOUNDED_NOTE_2026-07-03.md	frozen_region_record_saturation_local_finality_boundary_influence_bounded_note_2026-07-03
docs/GATE_B_GROWN_WAVEFIELD_COMPANION_NOTE.md	archive/notes/docs/GATE_B_GROWN_WAVEFIELD_COMPANION_NOTE.md	gate_b_grown_wavefield_companion_note
docs/GAUGED_SCHWINGER_STAGGERED_ED_ENGINE_VALIDATION_NOTE_2026-07-08.md	archive/notes/docs/GAUGED_SCHWINGER_STAGGERED_ED_ENGINE_VALIDATION_NOTE_2026-07-08.md	gauged_schwinger_staggered_ed_engine_validation_note_2026-07-08
docs/GAUGE_LINK_BINARY_REGISTRATION_CAPACITY_STEP_KERNEL_PIN_THEOREM_NOTE_2026-07-02.md	archive/notes/docs/GAUGE_LINK_BINARY_REGISTRATION_CAPACITY_STEP_KERNEL_PIN_THEOREM_NOTE_2026-07-02.md	gauge_link_binary_registration_capacity_step_kernel_pin_theorem_note_2026-07-02
docs/GAUGE_LINK_CENTRAL_REGISTRATION_INDUCED_BI_INVARIANT_STEP_KERNEL_THEOREM_NOTE_2026-07-02.md	archive/notes/docs/GAUGE_LINK_CENTRAL_REGISTRATION_INDUCED_BI_INVARIANT_STEP_KERNEL_THEOREM_NOTE_2026-07-02.md	gauge_link_central_registration_induced_bi_invariant_step_kernel_theorem_note_2026-07-02
docs/GAUGE_LINK_PER_RECORD_STEP_RATE_DIAL_UNIT_VARIANCE_POINT_THEOREM_NOTE_2026-07-02.md	archive/notes/docs/GAUGE_LINK_PER_RECORD_STEP_RATE_DIAL_UNIT_VARIANCE_POINT_THEOREM_NOTE_2026-07-02.md	gauge_link_per_record_step_rate_dial_unit_variance_point_theorem_note_2026-07-02
docs/GAUGE_SD_LOOP_EQUATION_BETA_COUPLED_PLAQUETTE_BRACKET_NOTE_2026-07-10.md	archive/notes/docs/GAUGE_SD_LOOP_EQUATION_BETA_COUPLED_PLAQUETTE_BRACKET_NOTE_2026-07-10.md	gauge_sd_loop_equation_beta_coupled_plaquette_bracket_note_2026-07-10
docs/GAUGE_VACUUM_PLAQUETTE_FIRST_SECTOR_FIRST_HANKEL_TO_DM_BOUNDARY_NOTE_2026-04-19.md	archive/notes/docs/GAUGE_VACUUM_PLAQUETTE_FIRST_SECTOR_FIRST_HANKEL_TO_DM_BOUNDARY_NOTE_2026-04-19.md	gauge_vacuum_plaquette_first_sector_first_hankel_to_dm_boundary_note_2026-04-19
docs/GENERATED_GEOMETRY_SYNTHESIS_NOTE.md	archive/notes/docs/GENERATED_GEOMETRY_SYNTHESIS_NOTE.md	generated_geometry_synthesis_note
docs/GENERATION_MODULI_SELECTOR_EXACT_CONSTRAINTS_BOUNDED_NOTE_2026-07-02.md	archive/notes/docs/GENERATION_MODULI_SELECTOR_EXACT_CONSTRAINTS_BOUNDED_NOTE_2026-07-02.md	generation_moduli_selector_exact_constraints_bounded_note_2026-07-02
docs/GMN_VEV_ANNIHILATOR_L4_SUPPORT_NOTE_2026-07-02.md	archive/notes/docs/GMN_VEV_ANNIHILATOR_L4_SUPPORT_NOTE_2026-07-02.md	gmn_vev_annihilator_l4_support_note_2026-07-02
docs/GRADED_CONSTRAINT_INTERFACE_CONSISTENCY_BOUNDED_NOTE_2026-07-04.md	archive/notes/docs/GRADED_CONSTRAINT_INTERFACE_CONSISTENCY_BOUNDED_NOTE_2026-07-04.md	graded_constraint_interface_consistency_bounded_note_2026-07-04
docs/GRAVITY_DESIGN_BLUEPRINT.md	archive/notes/docs/GRAVITY_DESIGN_BLUEPRINT.md	gravity_design_blueprint
docs/GRAVITY_EMERGENT_FORCE_TRANSVERSE_NONCENTRALITY_STRUCTURE_THEOREM_NOTE_2026-07-09.md	archive/notes/docs/GRAVITY_EMERGENT_FORCE_TRANSVERSE_NONCENTRALITY_STRUCTURE_THEOREM_NOTE_2026-07-09.md	gravity_emergent_force_transverse_noncentrality_structure_theorem_note_2026-07-09
docs/GROWN_WAVEFIELD_COMPANION_NOTE.md	archive/notes/docs/GROWN_WAVEFIELD_COMPANION_NOTE.md	grown_wavefield_companion_note
docs/G_BARE_SAME_SLOT_BETA6_CONVENTION_NOTE_2026-07-11.md	archive/notes/docs/G_BARE_SAME_SLOT_BETA6_CONVENTION_NOTE_2026-07-11.md	g_bare_same_slot_beta6_convention_note_2026-07-11
docs/HARD_GEOMETRY_HEAD_TO_HEAD_NOTE.md	archive/notes/docs/HARD_GEOMETRY_HEAD_TO_HEAD_NOTE.md	hard_geometry_head_to_head_note
docs/HEAT_KERNEL_GAUGE_ACTION_NATIVE_RP_PLANE_CHARACTER_POSITIVITY_ALL_COMPACT_GROUPS_NARROW_THEOREM_NOTE_2026-07-09.md	archive/notes/docs/HEAT_KERNEL_GAUGE_ACTION_NATIVE_RP_PLANE_CHARACTER_POSITIVITY_ALL_COMPACT_GROUPS_NARROW_THEOREM_NOTE_2026-07-09.md	heat_kernel_gauge_action_native_rp_plane_character_positivity_all_compact_groups_narrow_theorem_note_2026-07-09
docs/HIGHER_DIMENSION_STATUS_2026-04-01.md	archive/notes/docs/HIGHER_DIMENSION_STATUS_2026-04-01.md	higher_dimension_status_2026-04-01
docs/HIGHER_SYMMETRY_GRAVITY_PROBE_NOTE.md	archive/notes/docs/HIGHER_SYMMETRY_GRAVITY_PROBE_NOTE.md	higher_symmetry_gravity_probe_note
docs/HUBBLE_LANE5_C1_NARROW_ROUTE_NOGO_CLUSTER_2026-04-30.md	archive/notes/docs/HUBBLE_LANE5_C1_NARROW_ROUTE_NOGO_CLUSTER_2026-04-30.md	hubble_lane5_c1_narrow_route_nogo_cluster_2026-04-30
docs/HYPERCHARGE_QUARK_LEPTON_NAMING_CONVENTION_NOTE_2026-07-11.md	archive/notes/docs/HYPERCHARGE_QUARK_LEPTON_NAMING_CONVENTION_NOTE_2026-07-11.md	hypercharge_quark_lepton_naming_convention_note_2026-07-11
docs/HYPERCHARGE_TRACELESS_CENTRAL_DIRECTION_REQUIRES_MULTI_SUMMAND_SUPPLIED_STRUCTURE_BOUNDED_THEOREM_NOTE_2026-07-06.md	archive/notes/docs/HYPERCHARGE_TRACELESS_CENTRAL_DIRECTION_REQUIRES_MULTI_SUMMAND_SUPPLIED_STRUCTURE_BOUNDED_THEOREM_NOTE_2026-07-06.md	hypercharge_traceless_central_direction_requires_multi_summand_supplied_structure_bounded_theorem_note_2026-07-06
docs/INERTIAL_CLOSURE_WIDTH_INDEPENDENT_ACCELERATION_TWO_STEP_SURFACE_BOUNDED_THEOREM_NOTE_2026-07-08.md	archive/notes/docs/INERTIAL_CLOSURE_WIDTH_INDEPENDENT_ACCELERATION_TWO_STEP_SURFACE_BOUNDED_THEOREM_NOTE_2026-07-08.md	inertial_closure_width_independent_acceleration_two_step_surface_bounded_theorem_note_2026-07-08
docs/INFORMATIVE_FRACTION_COVARIANT_RULE_QUANTIZATION_OCCUPANCY_RESIDUAL_THEOREM_NOTE_2026-07-02.md	archive/notes/docs/INFORMATIVE_FRACTION_COVARIANT_RULE_QUANTIZATION_OCCUPANCY_RESIDUAL_THEOREM_NOTE_2026-07-02.md	informative_fraction_covariant_rule_quantization_occupancy_residual_theorem_note_2026-07-02
docs/KCPT_BULK_ADJACENCY_HOLOMORPHIC_SPLIT_GLOBAL_ORIENTATION_INVOLUTION_BOUNDED_THEOREM_NOTE_2026-07-19.md	archive/notes/docs/KCPT_BULK_ADJACENCY_HOLOMORPHIC_SPLIT_GLOBAL_ORIENTATION_INVOLUTION_BOUNDED_THEOREM_NOTE_2026-07-19.md	kcpt_bulk_adjacency_holomorphic_split_global_orientation_involution_bounded_theorem_note_2026-07-19
docs/KCPT_CORNER_CARRIER_ANTILINEAR_NONHERMITIAN_KREAL_READOUT_CLASSIFICATION_BOUNDED_THEOREM_NOTE_2026-07-18.md	archive/notes/docs/KCPT_CORNER_CARRIER_ANTILINEAR_NONHERMITIAN_KREAL_READOUT_CLASSIFICATION_BOUNDED_THEOREM_NOTE_2026-07-18.md	kcpt_corner_carrier_antilinear_nonhermitian_kreal_readout_classification_bounded_theorem_note_2026-07-18
docs/KCPT_CORNER_CARRIER_TWO_PRESENTATION_SWAP_PROPER_ROTATION_CONJUGACY_BOUNDED_THEOREM_NOTE_2026-07-18.md	archive/notes/docs/KCPT_CORNER_CARRIER_TWO_PRESENTATION_SWAP_PROPER_ROTATION_CONJUGACY_BOUNDED_THEOREM_NOTE_2026-07-18.md	kcpt_corner_carrier_two_presentation_swap_proper_rotation_conjugacy_bounded_theorem_note_2026-07-18
docs/KCPT_COUPLING_TRIPLE_BEREZIN_COUNT_BINARY_MEASURE_COLLAPSE_BOUNDED_THEOREM_NOTE_2026-07-17.md	archive/notes/docs/KCPT_COUPLING_TRIPLE_BEREZIN_COUNT_BINARY_MEASURE_COLLAPSE_BOUNDED_THEOREM_NOTE_2026-07-17.md	kcpt_coupling_triple_berezin_count_binary_measure_collapse_bounded_theorem_note_2026-07-17
docs/KCPT_CP_COMPLETION_UNDER_EXTENDED_GROUP_BOUNDED_THEOREM_NOTE_2026-07-20.md	archive/notes/docs/KCPT_CP_COMPLETION_UNDER_EXTENDED_GROUP_BOUNDED_THEOREM_NOTE_2026-07-20.md	kcpt_cp_completion_under_extended_group_bounded_theorem_note_2026-07-20
docs/KCPT_D2_COMMUTANT_CLOSED_FORM_LIFTS_AND_LATTICE_SIZE_INDEPENDENCE_BOUNDED_THEOREM_NOTE_2026-07-25.md	archive/notes/docs/KCPT_D2_COMMUTANT_CLOSED_FORM_LIFTS_AND_LATTICE_SIZE_INDEPENDENCE_BOUNDED_THEOREM_NOTE_2026-07-25.md	kcpt_d2_commutant_closed_form_lifts_and_lattice_size_independence_bounded_theorem_note_2026-07-25
docs/KCPT_D2_COMMUTANT_DOUBLE_COVER_BICOMMUTANT_STRUCTURE_BOUNDED_THEOREM_NOTE_2026-07-25.md	archive/notes/docs/KCPT_D2_COMMUTANT_DOUBLE_COVER_BICOMMUTANT_STRUCTURE_BOUNDED_THEOREM_NOTE_2026-07-25.md	kcpt_d2_commutant_double_cover_bicommutant_structure_bounded_theorem_note_2026-07-25
docs/KCPT_D2_COMMUTANT_EXTENSION_TRANSLATION_LOCALIZATION_BOUNDED_THEOREM_NOTE_2026-07-25.md	archive/notes/docs/KCPT_D2_COMMUTANT_EXTENSION_TRANSLATION_LOCALIZATION_BOUNDED_THEOREM_NOTE_2026-07-25.md	kcpt_d2_commutant_extension_translation_localization_bounded_theorem_note_2026-07-25
docs/KCPT_D2_GRADED_SIGNED_PERMUTATION_COMMUTANT_CHARACTERIZATION_BOUNDED_THEOREM_NOTE_2026-07-25.md	archive/notes/docs/KCPT_D2_GRADED_SIGNED_PERMUTATION_COMMUTANT_CHARACTERIZATION_BOUNDED_THEOREM_NOTE_2026-07-25.md	kcpt_d2_graded_signed_permutation_commutant_characterization_bounded_theorem_note_2026-07-25
docs/KCPT_DIRAC_CHISGN_COVARIANCE_SCHUR_FORCED_FUSED_BLOCK_SUPERSTRUCTURE_BOUNDED_THEOREM_NOTE_2026-07-24.md	archive/notes/docs/KCPT_DIRAC_CHISGN_COVARIANCE_SCHUR_FORCED_FUSED_BLOCK_SUPERSTRUCTURE_BOUNDED_THEOREM_NOTE_2026-07-24.md	kcpt_dirac_chisgn_covariance_schur_forced_fused_block_superstructure_bounded_theorem_note_2026-07-24
docs/KCPT_DIRAC_EVEN_ALGEBRA_REACH_CHARACTER_CP_CHARGE_BOUNDED_THEOREM_NOTE_2026-07-21.md	archive/notes/docs/KCPT_DIRAC_EVEN_ALGEBRA_REACH_CHARACTER_CP_CHARGE_BOUNDED_THEOREM_NOTE_2026-07-21.md	kcpt_dirac_even_algebra_reach_character_cp_charge_bounded_theorem_note_2026-07-21
docs/KCPT_DIRAC_RADIUS_GRADING_OF_END_H_BOUNDED_THEOREM_NOTE_2026-07-20.md	archive/notes/docs/KCPT_DIRAC_RADIUS_GRADING_OF_END_H_BOUNDED_THEOREM_NOTE_2026-07-20.md	kcpt_dirac_radius_grading_of_end_h_bounded_theorem_note_2026-07-20
docs/KCPT_DIRAC_SYMMETRY_ALGEBRA_BICOMMUTANT_DIMENSION_992_BOUNDED_THEOREM_NOTE_2026-07-24.md	archive/notes/docs/KCPT_DIRAC_SYMMETRY_ALGEBRA_BICOMMUTANT_DIMENSION_992_BOUNDED_THEOREM_NOTE_2026-07-24.md	kcpt_dirac_symmetry_algebra_bicommutant_dimension_992_bounded_theorem_note_2026-07-24
docs/KCPT_DIRAC_SYMMETRY_FIVE_MODULE_SELECTIVE_CP_FUSION_BOUNDED_THEOREM_NOTE_2026-07-21.md	archive/notes/docs/KCPT_DIRAC_SYMMETRY_FIVE_MODULE_SELECTIVE_CP_FUSION_BOUNDED_THEOREM_NOTE_2026-07-21.md	kcpt_dirac_symmetry_five_module_selective_cp_fusion_bounded_theorem_note_2026-07-21
docs/KCPT_EXTENDED_GROUP_REALITY_CENSUS_FROBENIUS_SCHUR_BOUNDED_THEOREM_NOTE_2026-07-20.md	archive/notes/docs/KCPT_EXTENDED_GROUP_REALITY_CENSUS_FROBENIUS_SCHUR_BOUNDED_THEOREM_NOTE_2026-07-20.md	kcpt_extended_group_reality_census_frobenius_schur_bounded_theorem_note_2026-07-20
docs/KCPT_HOLOMORPHIC_GAMB_REPRESENTATION_BOUNDED_THEOREM_NOTE_2026-07-20.md	archive/notes/docs/KCPT_HOLOMORPHIC_GAMB_REPRESENTATION_BOUNDED_THEOREM_NOTE_2026-07-20.md	kcpt_holomorphic_gamb_representation_bounded_theorem_note_2026-07-20
docs/KCPT_HOLOMORPHIC_REALITY_CP_CENSUS_FROBENIUS_SCHUR_BOUNDED_THEOREM_NOTE_2026-07-20.md	archive/notes/docs/KCPT_HOLOMORPHIC_REALITY_CP_CENSUS_FROBENIUS_SCHUR_BOUNDED_THEOREM_NOTE_2026-07-20.md	kcpt_holomorphic_reality_cp_census_frobenius_schur_bounded_theorem_note_2026-07-20
docs/KCPT_IND12_SEPARATOR_REACH_QUANTIZED_CENSUS_MINIMAL_UNLOCK_BOUNDED_THEOREM_NOTE_2026-07-25.md	archive/notes/docs/KCPT_IND12_SEPARATOR_REACH_QUANTIZED_CENSUS_MINIMAL_UNLOCK_BOUNDED_THEOREM_NOTE_2026-07-25.md	kcpt_ind12_separator_reach_quantized_census_minimal_unlock_bounded_theorem_note_2026-07-25
docs/KCPT_L6_IND8_SEPARATOR_REACH_CENSUS_SURFACE_COMPARISON_BOUNDED_THEOREM_NOTE_2026-07-25.md	archive/notes/docs/KCPT_L6_IND8_SEPARATOR_REACH_CENSUS_SURFACE_COMPARISON_BOUNDED_THEOREM_NOTE_2026-07-25.md	kcpt_l6_ind8_separator_reach_census_surface_comparison_bounded_theorem_note_2026-07-25
docs/KCPT_L6_SURFACE_CHANGE_MODULE_STRUCTURE_NATURAL_ALGEBRA_INVARIANCE_BOUNDED_THEOREM_NOTE_2026-07-25.md	archive/notes/docs/KCPT_L6_SURFACE_CHANGE_MODULE_STRUCTURE_NATURAL_ALGEBRA_INVARIANCE_BOUNDED_THEOREM_NOTE_2026-07-25.md	kcpt_l6_surface_change_module_structure_natural_algebra_invariance_bounded_theorem_note_2026-07-25
docs/KCPT_SYMPLECTIC_LEG_CHISGN_COVARIANCE_OMEGA_PAIRING_BOUNDED_THEOREM_NOTE_2026-07-20.md	archive/notes/docs/KCPT_SYMPLECTIC_LEG_CHISGN_COVARIANCE_OMEGA_PAIRING_BOUNDED_THEOREM_NOTE_2026-07-20.md	kcpt_symplectic_leg_chisgn_covariance_omega_pairing_bounded_theorem_note_2026-07-20
docs/KINETIC_ISOTROPY_3D_FACTORIZED_PROTOCOL_SELECTION_ON_ANALYZED_CLASSES_BOUNDED_THEOREM_NOTE_2026-07-09.md	archive/notes/docs/KINETIC_ISOTROPY_3D_FACTORIZED_PROTOCOL_SELECTION_ON_ANALYZED_CLASSES_BOUNDED_THEOREM_NOTE_2026-07-09.md	kinetic_isotropy_3d_factorized_protocol_selection_on_analyzed_classes_bounded_theorem_note_2026-07-09
docs/KOIDE_GENERATION_WEIGHT_DIAL_SHAPE_FORCED_VALUE_UNFIXED_QUALIFICATION_BOUNDED_THEOREM_NOTE_2026-07-11.md	archive/notes/docs/KOIDE_GENERATION_WEIGHT_DIAL_SHAPE_FORCED_VALUE_UNFIXED_QUALIFICATION_BOUNDED_THEOREM_NOTE_2026-07-11.md	koide_generation_weight_dial_shape_forced_value_unfixed_qualification_bounded_theorem_note_2026-07-11
docs/KOIDE_KAPPA_BOOKKEEPING_FLOW_CLASS_FIXED_POINT_INVERSION_AND_LANE_SCOPING_BOUNDED_THEOREM_NOTE_2026-07-11.md	archive/notes/docs/KOIDE_KAPPA_BOOKKEEPING_FLOW_CLASS_FIXED_POINT_INVERSION_AND_LANE_SCOPING_BOUNDED_THEOREM_NOTE_2026-07-11.md	koide_kappa_bookkeeping_flow_class_fixed_point_inversion_and_lane_scoping_bounded_theorem_note_2026-07-11
docs/KOIDE_KAPPA_FLOW_CLASS_IS_THE_FORMATION_WEIGHT_IN_FLOW_COORDINATES_BOUNDED_THEOREM_NOTE_2026-07-12.md	archive/notes/docs/KOIDE_KAPPA_FLOW_CLASS_IS_THE_FORMATION_WEIGHT_IN_FLOW_COORDINATES_BOUNDED_THEOREM_NOTE_2026-07-12.md	koide_kappa_flow_class_is_the_formation_weight_in_flow_coordinates_bounded_theorem_note_2026-07-12
docs/KOIDE_LANE_AUDIT_BATCH_NOTE_2026-05-02.md	archive/notes/docs/KOIDE_LANE_AUDIT_BATCH_NOTE_2026-05-02.md	koide_lane_audit_batch_note_2026-05-02
docs/KOIDE_POINTER_RECORD_DEGENERACY_D3_NOTE_2026-05-31.md	archive/notes/docs/KOIDE_POINTER_RECORD_DEGENERACY_D3_NOTE_2026-05-31.md	koide_pointer_record_degeneracy_d3_note_2026-05-31
docs/LATTICE_3D_DENSE_SPENT_DELAY_Z2_Z5_SUPPORT_NOTE_2026-04-30.md	archive/notes/docs/LATTICE_3D_DENSE_SPENT_DELAY_Z2_Z5_SUPPORT_NOTE_2026-04-30.md	lattice_3d_dense_spent_delay_z2_z5_support_note_2026-04-30
docs/LATTICE_GREENS_NEXT_ORDER_R5_ANISOTROPY_THEOREM_NOTE_2026-07-09.md	archive/notes/docs/LATTICE_GREENS_NEXT_ORDER_R5_ANISOTROPY_THEOREM_NOTE_2026-07-09.md	lattice_greens_next_order_r5_anisotropy_theorem_note_2026-07-09
docs/LATTICE_SYNTHESIS_GUARD_NOTE.md	archive/notes/docs/LATTICE_SYNTHESIS_GUARD_NOTE.md	lattice_synthesis_guard_note
docs/LSP_PROJECTIVE_RATIFICATION_REAUDIT_MANIFEST_NOTE_2026-05-22.md	archive/notes/docs/LSP_PROJECTIVE_RATIFICATION_REAUDIT_MANIFEST_NOTE_2026-05-22.md	lsp_projective_ratification_reaudit_manifest_note_2026-05-22
docs/MASS_OBSERVABLE_REST_GAP_INERTIAL_RESPONSE_UNIVERSAL_FUNCTION_TWO_STEP_SURFACE_BOUNDED_THEOREM_NOTE_2026-07-08.md	archive/notes/docs/MASS_OBSERVABLE_REST_GAP_INERTIAL_RESPONSE_UNIVERSAL_FUNCTION_TWO_STEP_SURFACE_BOUNDED_THEOREM_NOTE_2026-07-08.md	mass_observable_rest_gap_inertial_response_universal_function_two_step_surface_bounded_theorem_note_2026-07-08
docs/MATTER_REALIZATION_ARENA_SPLIT_PRESERVATION_UNDER_AXIS_COUPLED_FRAMES_BOUNDED_THEOREM_NOTE_2026-07-06.md	archive/notes/docs/MATTER_REALIZATION_ARENA_SPLIT_PRESERVATION_UNDER_AXIS_COUPLED_FRAMES_BOUNDED_THEOREM_NOTE_2026-07-06.md	matter_realization_arena_split_preservation_under_axis_coupled_frames_bounded_theorem_note_2026-07-06
docs/MATTER_REALIZATION_KS_HOP_BRIDGE_EDGE_DIAG_MEMBERSHIP_BOUNDED_THEOREM_NOTE_2026-07-06.md	archive/notes/docs/MATTER_REALIZATION_KS_HOP_BRIDGE_EDGE_DIAG_MEMBERSHIP_BOUNDED_THEOREM_NOTE_2026-07-06.md	matter_realization_ks_hop_bridge_edge_diag_membership_bounded_theorem_note_2026-07-06
docs/MATTER_REALIZATION_QUBIT_LEVEL_CROSS_SITE_BILINEAR_FROM_K1_STRUCTURE_BOUNDED_THEOREM_NOTE_2026-07-06.md	archive/notes/docs/MATTER_REALIZATION_QUBIT_LEVEL_CROSS_SITE_BILINEAR_FROM_K1_STRUCTURE_BOUNDED_THEOREM_NOTE_2026-07-06.md	matter_realization_qubit_level_cross_site_bilinear_from_k1_structure_bounded_theorem_note_2026-07-06
docs/MESOSCOPIC_SURROGATE_ALTERNATE_FAMILY_SCOUT_NOTE.md	archive/notes/docs/MESOSCOPIC_SURROGATE_ALTERNATE_FAMILY_SCOUT_NOTE.md	mesoscopic_surrogate_alternate_family_scout_note
docs/MICROCAUSALITY_FINITE_RANGE_PLAQUETTE_CLASS_WALK_EXPANSION_LIEB_ROBINSON_BOUNDED_THEOREM_NOTE_2026-07-18.md	archive/notes/docs/MICROCAUSALITY_FINITE_RANGE_PLAQUETTE_CLASS_WALK_EXPANSION_LIEB_ROBINSON_BOUNDED_THEOREM_NOTE_2026-07-18.md	microcausality_finite_range_plaquette_class_walk_expansion_lieb_robinson_bounded_theorem_note_2026-07-18
docs/MICROCAUSALITY_GRAPH_METRIC_CLASS_AND_D3_SECOND_QUANTIZATION_DISCHARGE_BOUNDED_THEOREM_NOTE_2026-07-20.md	archive/notes/docs/MICROCAUSALITY_GRAPH_METRIC_CLASS_AND_D3_SECOND_QUANTIZATION_DISCHARGE_BOUNDED_THEOREM_NOTE_2026-07-20.md	microcausality_graph_metric_class_and_d3_second_quantization_discharge_bounded_theorem_note_2026-07-20
docs/MINIMAL_BIDIRECTIONAL_TRAPPING_PROBE_NOTE.md	archive/notes/docs/MINIMAL_BIDIRECTIONAL_TRAPPING_PROBE_NOTE.md	minimal_bidirectional_trapping_probe_note
docs/MINIMAL_RECORD_INSTRUMENT_DILATION_SCALAR_EXCHANGE_NONSELECTION_BOUNDED_THEOREM_NOTE_2026-07-11.md	archive/notes/docs/MINIMAL_RECORD_INSTRUMENT_DILATION_SCALAR_EXCHANGE_NONSELECTION_BOUNDED_THEOREM_NOTE_2026-07-11.md	minimal_record_instrument_dilation_scalar_exchange_nonselection_bounded_theorem_note_2026-07-11
docs/MIRROR_MUTUAL_INFORMATION_CANONICAL_FAMILIES_NOTE.md	archive/notes/docs/MIRROR_MUTUAL_INFORMATION_CANONICAL_FAMILIES_NOTE.md	mirror_mutual_information_canonical_families_note
docs/MIRROR_MUTUAL_INFORMATION_NOTE.md	archive/notes/docs/MIRROR_MUTUAL_INFORMATION_NOTE.md	mirror_mutual_information_note
docs/MIRROR_VS_CENTRAL_HEAD_TO_HEAD_NOTE.md	archive/notes/docs/MIRROR_VS_CENTRAL_HEAD_TO_HEAD_NOTE.md	mirror_vs_central_head_to_head_note
docs/MIRROR_VS_LATTICE_PROGRAM_NOTE.md	archive/notes/docs/MIRROR_VS_LATTICE_PROGRAM_NOTE.md	mirror_vs_lattice_program_note
docs/MODULI_COMPOSITION_WORD_DIAL_SETS_DENSIFY_WORD_SUPPLIER_RESIDUAL_BOUNDED_NOTE_2026-07-02.md	archive/notes/docs/MODULI_COMPOSITION_WORD_DIAL_SETS_DENSIFY_WORD_SUPPLIER_RESIDUAL_BOUNDED_NOTE_2026-07-02.md	moduli_composition_word_dial_sets_densify_word_supplier_residual_bounded_note_2026-07-02
docs/MOONSHOT_DIAMOND_SENSOR_BRAINSTORM_NOTE.md	archive/notes/docs/MOONSHOT_DIAMOND_SENSOR_BRAINSTORM_NOTE.md	moonshot_diamond_sensor_brainstorm_note
docs/MOONSHOT_DIAMOND_SENSOR_TECH_NOTE.md	archive/notes/docs/MOONSHOT_DIAMOND_SENSOR_TECH_NOTE.md	moonshot_diamond_sensor_tech_note
docs/MOONSHOT_FRONTIER_BRAINSTORM_NOTE.md	archive/notes/docs/MOONSHOT_FRONTIER_BRAINSTORM_NOTE.md	moonshot_frontier_brainstorm_note
docs/MOVING_SOURCE_CROSS_FAMILY_REPLAY_NOTE.md	archive/notes/docs/MOVING_SOURCE_CROSS_FAMILY_REPLAY_NOTE.md	moving_source_cross_family_replay_note
docs/NATIVE_CARRIER_REGISTRATION_KERNEL_RATE_VS_UNIT_VARIANCE_POINT_THEOREM_NOTE_2026-07-02.md	archive/notes/docs/NATIVE_CARRIER_REGISTRATION_KERNEL_RATE_VS_UNIT_VARIANCE_POINT_THEOREM_NOTE_2026-07-02.md	native_carrier_registration_kernel_rate_vs_unit_variance_point_theorem_note_2026-07-02
docs/NEXT_CHUNK_RECOMMENDATION.md	archive/notes/docs/NEXT_CHUNK_RECOMMENDATION.md	next_chunk_recommendation
docs/NOETHER_SOURCE_CURRENT_CLASSIFICATION_BOUNDED_NOTE_2026-07-08.md	archive/notes/docs/NOETHER_SOURCE_CURRENT_CLASSIFICATION_BOUNDED_NOTE_2026-07-08.md	noether_source_current_classification_bounded_note_2026-07-08
docs/OBSERVABLE_PRINCIPLE_P1_BRIDGE_GLEASON_BUSCH_ROUTE_NARROW_NOTE_2026-05-21.md	archive/notes/docs/OBSERVABLE_PRINCIPLE_P1_BRIDGE_GLEASON_BUSCH_ROUTE_NARROW_NOTE_2026-05-21.md	observable_principle_p1_bridge_gleason_busch_route_narrow_note_2026-05-21
docs/OBSERVABLE_PRINCIPLE_P1_BRIDGE_WAVE11_ROUTE_B_HARLOW_DISJOINT_ADDITIVITY_EXTERNAL_NARROW_BOUNDED_NOTE_2026-05-17.md	archive/notes/docs/OBSERVABLE_PRINCIPLE_P1_BRIDGE_WAVE11_ROUTE_B_HARLOW_DISJOINT_ADDITIVITY_EXTERNAL_NARROW_BOUNDED_NOTE_2026-05-17.md	observable_principle_p1_bridge_wave11_route_b_harlow_disjoint_additivity_external_narrow_bounded_note_2026-05-17
docs/OBSERVABLE_PRINCIPLE_P1_BRIDGE_WAVE11_ROUTE_C_DOPLICHER_ROBERTS_RECONSTRUCTION_EXTERNAL_NARROW_BOUNDED_NOTE_2026-05-17.md	archive/notes/docs/OBSERVABLE_PRINCIPLE_P1_BRIDGE_WAVE11_ROUTE_C_DOPLICHER_ROBERTS_RECONSTRUCTION_EXTERNAL_NARROW_BOUNDED_NOTE_2026-05-17.md	observable_principle_p1_bridge_wave11_route_c_doplicher_roberts_reconstruction_external_narrow_bounded_note_2026-05-17
docs/OBSERVABLE_PRINCIPLE_P1_CAMPAIGN_CLOSURE_SYNTHESIS_NOTE_2026-05-18.md	archive/notes/docs/OBSERVABLE_PRINCIPLE_P1_CAMPAIGN_CLOSURE_SYNTHESIS_NOTE_2026-05-18.md	observable_principle_p1_campaign_closure_synthesis_note_2026-05-18
docs/OH_SEVEN_SITE_STAR_SHELL_LEVERAGE_POSITIVE_THEOREM_NOTE_2026-06-10.md	archive/notes/docs/OH_SEVEN_SITE_STAR_SHELL_LEVERAGE_POSITIVE_THEOREM_NOTE_2026-06-10.md	oh_seven_site_star_shell_leverage_positive_theorem_note_2026-06-10
docs/ONSITE_CHARGE_CONSERVING_ENDPOINT_SYMMETRIC_COMMON_HAMILTONIAN_STRICT_QCA_DICHOTOMY_BOUNDED_THEOREM_NOTE_2026-07-12.md	archive/notes/docs/ONSITE_CHARGE_CONSERVING_ENDPOINT_SYMMETRIC_COMMON_HAMILTONIAN_STRICT_QCA_DICHOTOMY_BOUNDED_THEOREM_NOTE_2026-07-12.md	onsite_charge_conserving_endpoint_symmetric_common_hamiltonian_strict_qca_dichotomy_bounded_theorem_note_2026-07-12
docs/OVERLAPPING_EDGE_INSTRUMENT_ORDER_AND_TIME_RATE_NONSELECTION_BOUNDED_THEOREM_NOTE_2026-07-11.md	archive/notes/docs/OVERLAPPING_EDGE_INSTRUMENT_ORDER_AND_TIME_RATE_NONSELECTION_BOUNDED_THEOREM_NOTE_2026-07-11.md	overlapping_edge_instrument_order_and_time_rate_nonselection_bounded_theorem_note_2026-07-11
docs/OWNER_DECISION_SURFACE_CLASS_B_PREMISE_REVERSION_2026-07-11.md	archive/notes/docs/OWNER_DECISION_SURFACE_CLASS_B_PREMISE_REVERSION_2026-07-11.md	owner_decision_surface_class_b_premise_reversion_2026-07-11
docs/PAIRWISE_COMMUTING_ENDPOINT_SYMMETRIC_EDGE_HAMILTONIAN_CLASSIFICATION_AND_STRICT_QCA_BOUNDARY_BOUNDED_THEOREM_NOTE_2026-07-12.md	archive/notes/docs/PAIRWISE_COMMUTING_ENDPOINT_SYMMETRIC_EDGE_HAMILTONIAN_CLASSIFICATION_AND_STRICT_QCA_BOUNDARY_BOUNDED_THEOREM_NOTE_2026-07-12.md	pairwise_commuting_endpoint_symmetric_edge_hamiltonian_classification_and_strict_qca_boundary_bounded_theorem_note_2026-07-12
docs/PAPER_OUTLINE_2026-04-12.md	archive/notes/docs/PAPER_OUTLINE_2026-04-12.md	paper_outline_2026-04-12
docs/PERIODIC_STAGGERED_OS_CIRCLE_FAILURE_TWISTED_ANTIPERIODIC_FREE_REPAIR_BOUNDED_THEOREM_NOTE_2026-07-12.md	archive/notes/docs/PERIODIC_STAGGERED_OS_CIRCLE_FAILURE_TWISTED_ANTIPERIODIC_FREE_REPAIR_BOUNDED_THEOREM_NOTE_2026-07-12.md	periodic_staggered_os_circle_failure_twisted_antiperiodic_free_repair_bounded_theorem_note_2026-07-12
docs/PERSISTENT_RECORD_MATCHED_COMPARE_NOTE.md	archive/notes/docs/PERSISTENT_RECORD_MATCHED_COMPARE_NOTE.md	persistent_record_matched_compare_note
docs/PERSISTENT_RECORD_OVERLAP_KERNEL_NOTE.md	archive/notes/docs/PERSISTENT_RECORD_OVERLAP_KERNEL_NOTE.md	persistent_record_overlap_kernel_note
docs/PERSISTENT_RECORD_SIDEBIT_NOTE.md	archive/notes/docs/PERSISTENT_RECORD_SIDEBIT_NOTE.md	persistent_record_sidebit_note
docs/PER_PLAQUETTE_LICENSE_COVARIANT_SUBDOMAIN_CLASSIFICATION_NOTE_2026-07-12.md	archive/notes/docs/PER_PLAQUETTE_LICENSE_COVARIANT_SUBDOMAIN_CLASSIFICATION_NOTE_2026-07-12.md	per_plaquette_license_covariant_subdomain_classification_note_2026-07-12
docs/PER_ROW_BIJECTION_S3_CUBED_CONDITIONAL_CENSUS_BOUNDED_THEOREM_NOTE_2026-07-28.md	archive/notes/docs/PER_ROW_BIJECTION_S3_CUBED_CONDITIONAL_CENSUS_BOUNDED_THEOREM_NOTE_2026-07-28.md	per_row_bijection_s3_cubed_conditional_census_bounded_theorem_note_2026-07-28
docs/PER_SITE_K_EQUALS_1_RATIFICATION_REAUDIT_MANIFEST_NOTE_2026-05-22.md	archive/notes/docs/PER_SITE_K_EQUALS_1_RATIFICATION_REAUDIT_MANIFEST_NOTE_2026-05-22.md	per_site_k_equals_1_ratification_reaudit_manifest_note_2026-05-22
docs/PHYSICAL_CONTENT_PAIR_KERNEL_CHANNEL_CENSUS_CYCLE699_NOTE_2026-07-25.md	archive/notes/docs/PHYSICAL_CONTENT_PAIR_KERNEL_CHANNEL_CENSUS_CYCLE699_NOTE_2026-07-25.md	physical_content_pair_kernel_channel_census_cycle699_note_2026-07-25
docs/PHYSICAL_DIRECTION_SET_VS_TRIANGULATION_COVARIANCE_CYCLE695_NOTE_2026-07-25.md	archive/notes/docs/PHYSICAL_DIRECTION_SET_VS_TRIANGULATION_COVARIANCE_CYCLE695_NOTE_2026-07-25.md	physical_direction_set_vs_triangulation_covariance_cycle695_note_2026-07-25
docs/PHYSICAL_HYPERCHARGE_ALPHA_SCALE_FREEDOM_CYCLE692_NOTE_2026-07-25.md	archive/notes/docs/PHYSICAL_HYPERCHARGE_ALPHA_SCALE_FREEDOM_CYCLE692_NOTE_2026-07-25.md	physical_hypercharge_alpha_scale_freedom_cycle692_note_2026-07-25
docs/PHYSICAL_PAIR_KERNEL_MINIMAL_POSITION_EXTENSION_CYCLE698_NOTE_2026-07-25.md	archive/notes/docs/PHYSICAL_PAIR_KERNEL_MINIMAL_POSITION_EXTENSION_CYCLE698_NOTE_2026-07-25.md	physical_pair_kernel_minimal_position_extension_cycle698_note_2026-07-25
docs/PHYSICAL_PROPER_CUBIC_COVARIANCE_CEILING_CYCLE690_NOTE_2026-07-24.md	archive/notes/docs/PHYSICAL_PROPER_CUBIC_COVARIANCE_CEILING_CYCLE690_NOTE_2026-07-24.md	physical_proper_cubic_covariance_ceiling_cycle690_note_2026-07-24
docs/PHYSICAL_RECORD_READOUT_CARRIER_THREE_WAY_SPLIT_CYCLE693_NOTE_2026-07-25.md	archive/notes/docs/PHYSICAL_RECORD_READOUT_CARRIER_THREE_WAY_SPLIT_CYCLE693_NOTE_2026-07-25.md	physical_record_readout_carrier_three_way_split_cycle693_note_2026-07-25
docs/PHYSICS_CRITIC_TRACKER.md	archive/notes/docs/PHYSICS_CRITIC_TRACKER.md	physics_critic_tracker
docs/PHYSICS_QA_TRACKER.md	archive/notes/docs/PHYSICS_QA_TRACKER.md	physics_qa_tracker
docs/PLANCK_MASS_CONVENTIONAL_ANCHOR_META_NOTE_2026-05-27.md	archive/notes/docs/PLANCK_MASS_CONVENTIONAL_ANCHOR_META_NOTE_2026-05-27.md	planck_mass_conventional_anchor_meta_note_2026-05-27
docs/PMNS_SELECTOR_THREE_IDENTITY_SUPPORT_PROPOSAL_README_2026-04-21.md	archive/notes/docs/PMNS_SELECTOR_THREE_IDENTITY_SUPPORT_PROPOSAL_README_2026-04-21.md	pmns_selector_three_identity_support_proposal_readme_2026-04-21
docs/POISSON_FINITE_VOLUME_WINDOW_AND_BIHARMONIC_OFFSET_BOUNDED_THEOREM_NOTE_2026-07-27.md	archive/notes/docs/POISSON_FINITE_VOLUME_WINDOW_AND_BIHARMONIC_OFFSET_BOUNDED_THEOREM_NOTE_2026-07-27.md	poisson_finite_volume_window_and_biharmonic_offset_bounded_theorem_note_2026-07-27
docs/POISSON_SELF_CONSISTENT_BETA_CAVEAT_BOUNDED_DIAGNOSTIC_NOTE_2026-07-26.md	archive/notes/docs/POISSON_SELF_CONSISTENT_BETA_CAVEAT_BOUNDED_DIAGNOSTIC_NOTE_2026-07-26.md	poisson_self_consistent_beta_caveat_bounded_diagnostic_note_2026-07-26
docs/POISSON_SELF_CONSISTENT_WELL_DEPTH_FINITE_VOLUME_BOUNDED_THEOREM_NOTE_2026-07-27.md	archive/notes/docs/POISSON_SELF_CONSISTENT_WELL_DEPTH_FINITE_VOLUME_BOUNDED_THEOREM_NOTE_2026-07-27.md	poisson_self_consistent_well_depth_finite_volume_bounded_theorem_note_2026-07-27
docs/POST_RECORD_DYNAMICS_CAMPAIGN_CLOSEOUT_INDEX_2026-06-06.md	archive/notes/docs/POST_RECORD_DYNAMICS_CAMPAIGN_CLOSEOUT_INDEX_2026-06-06.md	post_record_dynamics_campaign_closeout_index_2026-06-06
docs/POVM_OBSERVATION_COMPARATOR_EXACT_ARITHMETIC_BOUNDED_THEOREM_NOTE_2026-07-30.md	archive/notes/docs/POVM_OBSERVATION_COMPARATOR_EXACT_ARITHMETIC_BOUNDED_THEOREM_NOTE_2026-07-30.md	povm_observation_comparator_exact_arithmetic_bounded_theorem_note_2026-07-30
docs/POVM_OBSERVATION_COMPARATOR_INPUT_CONVENTION_META_NOTE_2026-07-30.md	archive/notes/docs/POVM_OBSERVATION_COMPARATOR_INPUT_CONVENTION_META_NOTE_2026-07-30.md	povm_observation_comparator_input_convention_meta_note_2026-07-30
docs/PRESENTATION_GAUGE_AXIS_SIGN_FLIP_INVARIANTS_TWIN_DETECTOR_GAUGE_SECTION_ORIENTATION_BIT_BOUNDED_THEOREM_NOTE_2026-07-04.md	archive/notes/docs/PRESENTATION_GAUGE_AXIS_SIGN_FLIP_INVARIANTS_TWIN_DETECTOR_GAUGE_SECTION_ORIENTATION_BIT_BOUNDED_THEOREM_NOTE_2026-07-04.md	presentation_gauge_axis_sign_flip_invariants_twin_detector_gauge_section_orientation_bit_bounded_theorem_note_2026-07-04
docs/PRIMITIVE_RETIREMENT_REVIEW_AFTER_FOUR_AXIOM_RESET_NOTE_2026-07-05.md	archive/notes/docs/PRIMITIVE_RETIREMENT_REVIEW_AFTER_FOUR_AXIOM_RESET_NOTE_2026-07-05.md	primitive_retirement_review_after_four_axiom_reset_note_2026-07-05
docs/PROPER_CUBIC_FINITE_SUPPORT_LINEAR_KERNEL_CLASSIFICATION_BOUNDED_THEOREM_NOTE_2026-07-25.md	archive/notes/docs/PROPER_CUBIC_FINITE_SUPPORT_LINEAR_KERNEL_CLASSIFICATION_BOUNDED_THEOREM_NOTE_2026-07-25.md	proper_cubic_finite_support_linear_kernel_classification_bounded_theorem_note_2026-07-25
docs/PROPER_CUBIC_LOCAL_ADMISSION_RELATIONS_CONDITIONAL_PORT_FINITE_GRADE_BLOCK_BOUNDED_THEOREM_NOTE_2026-07-23.md	archive/notes/docs/PROPER_CUBIC_LOCAL_ADMISSION_RELATIONS_CONDITIONAL_PORT_FINITE_GRADE_BLOCK_BOUNDED_THEOREM_NOTE_2026-07-23.md	proper_cubic_local_admission_relations_conditional_port_finite_grade_block_bounded_theorem_note_2026-07-23
docs/PROPER_CUBIC_SCALAR_EVEN_ANTIPODAL_TRANSITION_LEMMA_NOTE_2026-07-23.md	archive/notes/docs/PROPER_CUBIC_SCALAR_EVEN_ANTIPODAL_TRANSITION_LEMMA_NOTE_2026-07-23.md	proper_cubic_scalar_even_antipodal_transition_lemma_note_2026-07-23
docs/QUALIFICATION_UNFIXED_CHOICE_CLARIFICATION_CERTIFICATION_NOTE_2026-07-04.md	archive/notes/docs/QUALIFICATION_UNFIXED_CHOICE_CLARIFICATION_CERTIFICATION_NOTE_2026-07-04.md	qualification_unfixed_choice_clarification_certification_note_2026-07-04
docs/QUARK_C3_ORIENTED_WARD_SPLITTER_ALGEBRAIC_CORE_SPLIT_NOTE_2026-06-18.md	archive/notes/docs/QUARK_C3_ORIENTED_WARD_SPLITTER_ALGEBRAIC_CORE_SPLIT_NOTE_2026-06-18.md	quark_c3_oriented_ward_splitter_algebraic_core_split_note_2026-06-18
docs/QUARK_C3_ORIENTED_WARD_SPLITTER_SUPPORT_NOTE_HASH_DRIFT_HYGIENE_COMPANION_NOTE_2026-06-04.md	archive/notes/docs/QUARK_C3_ORIENTED_WARD_SPLITTER_SUPPORT_NOTE_HASH_DRIFT_HYGIENE_COMPANION_NOTE_2026-06-04.md	quark_c3_oriented_ward_splitter_support_note_hash_drift_hygiene_companion_note_2026-06-04
docs/QUARK_ROUTE2_CHANNEL_DETERMINANT_QUOTIENT_GATE_NOTE_2026-06-21.md	archive/notes/docs/QUARK_ROUTE2_CHANNEL_DETERMINANT_QUOTIENT_GATE_NOTE_2026-06-21.md	quark_route2_channel_determinant_quotient_gate_note_2026-06-21
docs/QUARK_ROUTE2_CHANNEL_METRIC_SCHUR_FREE_PARAMETER_NO_GO_NOTE_2026-06-21.md	archive/notes/docs/QUARK_ROUTE2_CHANNEL_METRIC_SCHUR_FREE_PARAMETER_NO_GO_NOTE_2026-06-21.md	quark_route2_channel_metric_schur_free_parameter_no_go_note_2026-06-21
docs/QUARK_ROUTE2_COEFFICIENT_SELECTION_BOUNDARY_NOTE_2026-06-21.md	archive/notes/docs/QUARK_ROUTE2_COEFFICIENT_SELECTION_BOUNDARY_NOTE_2026-06-21.md	quark_route2_coefficient_selection_boundary_note_2026-06-21
docs/QUARK_ROUTE2_COLOR_COMPLEMENT_SEVEN_EIGHTHS_BRIDGE_NO_GO_NOTE_2026-06-21.md	archive/notes/docs/QUARK_ROUTE2_COLOR_COMPLEMENT_SEVEN_EIGHTHS_BRIDGE_NO_GO_NOTE_2026-06-21.md	quark_route2_color_complement_seven_eighths_bridge_no_go_note_2026-06-21
docs/QUARK_ROUTE2_COLOR_COVARIANCE_BRIDGE_EQUIVALENCE_SUPPORT_NOTE_2026-06-21.md	archive/notes/docs/QUARK_ROUTE2_COLOR_COVARIANCE_BRIDGE_EQUIVALENCE_SUPPORT_NOTE_2026-06-21.md	quark_route2_color_covariance_bridge_equivalence_support_note_2026-06-21
docs/QUARK_ROUTE2_COLOR_RAY_ADJOINT_LINE_SELECTOR_BOUNDARY_NOTE_2026-06-21.md	archive/notes/docs/QUARK_ROUTE2_COLOR_RAY_ADJOINT_LINE_SELECTOR_BOUNDARY_NOTE_2026-06-21.md	quark_route2_color_ray_adjoint_line_selector_boundary_note_2026-06-21
docs/QUARK_ROUTE2_CURRENT_DUALIZATION_GATE_NO_GO_NOTE_2026-06-21.md	archive/notes/docs/QUARK_ROUTE2_CURRENT_DUALIZATION_GATE_NO_GO_NOTE_2026-06-21.md	quark_route2_current_dualization_gate_no_go_note_2026-06-21
docs/QUARK_ROUTE2_DENSITY_SQUARE_PRIMITIVE_GAP_NOTE_2026-06-21.md	archive/notes/docs/QUARK_ROUTE2_DENSITY_SQUARE_PRIMITIVE_GAP_NOTE_2026-06-21.md	quark_route2_density_square_primitive_gap_note_2026-06-21
docs/QUARK_ROUTE2_DOUBLE_LOCAL_PROJECTOR_FACTOR_DEGREE_NO_GO_NOTE_2026-06-21.md	archive/notes/docs/QUARK_ROUTE2_DOUBLE_LOCAL_PROJECTOR_FACTOR_DEGREE_NO_GO_NOTE_2026-06-21.md	quark_route2_double_local_projector_factor_degree_no_go_note_2026-06-21
docs/QUARK_ROUTE2_DUAL_COMPLIANCE_BRIDGE_CONDITIONAL_SUPPORT_NOTE_2026-06-21.md	archive/notes/docs/QUARK_ROUTE2_DUAL_COMPLIANCE_BRIDGE_CONDITIONAL_SUPPORT_NOTE_2026-06-21.md	quark_route2_dual_compliance_bridge_conditional_support_note_2026-06-21
docs/QUARK_ROUTE2_DUAL_COMPLIANCE_CURRENT_PRIMITIVE_GATE_NO_GO_NOTE_2026-06-21.md	archive/notes/docs/QUARK_ROUTE2_DUAL_COMPLIANCE_CURRENT_PRIMITIVE_GATE_NO_GO_NOTE_2026-06-21.md	quark_route2_dual_compliance_current_primitive_gate_no_go_note_2026-06-21
docs/QUARK_ROUTE2_ELL_E_STRUCTURAL_NARROWING_BOUNDED_NOTE_2026-06-12.md	archive/notes/docs/QUARK_ROUTE2_ELL_E_STRUCTURAL_NARROWING_BOUNDED_NOTE_2026-06-12.md	quark_route2_ell_e_structural_narrowing_bounded_note_2026-06-12
docs/QUARK_ROUTE2_ENDPOINT_T_BALANCE_FD_PROVENANCE_AND_STEP_STABILITY_BOUNDED_NOTE_2026-06-11.md	archive/notes/docs/QUARK_ROUTE2_ENDPOINT_T_BALANCE_FD_PROVENANCE_AND_STEP_STABILITY_BOUNDED_NOTE_2026-06-11.md	quark_route2_endpoint_t_balance_fd_provenance_and_step_stability_bounded_note_2026-06-11
docs/QUARK_ROUTE2_E_CENTER_CURRENT_SOURCE_BANK_NO_GO_NOTE_2026-06-21.md	archive/notes/docs/QUARK_ROUTE2_E_CENTER_CURRENT_SOURCE_BANK_NO_GO_NOTE_2026-06-21.md	quark_route2_e_center_current_source_bank_no_go_note_2026-06-21
docs/QUARK_ROUTE2_E_CENTER_EXCESS_SEVEN_EIGHTHS_IMPORT_BOUNDARY_NOTE_2026-06-21.md	archive/notes/docs/QUARK_ROUTE2_E_CENTER_EXCESS_SEVEN_EIGHTHS_IMPORT_BOUNDARY_NOTE_2026-06-21.md	quark_route2_e_center_excess_seven_eighths_import_boundary_note_2026-06-21
docs/QUARK_ROUTE2_E_CENTER_FINGERPRINT_EXACT_SUPPORT_NOTE_2026-06-21.md	archive/notes/docs/QUARK_ROUTE2_E_CENTER_FINGERPRINT_EXACT_SUPPORT_NOTE_2026-06-21.md	quark_route2_e_center_fingerprint_exact_support_note_2026-06-21
docs/QUARK_ROUTE2_E_CENTER_FINITE_SIZE_BRIDGE_ADMISSIBILITY_GATE_NO_GO_NOTE_2026-06-21.md	archive/notes/docs/QUARK_ROUTE2_E_CENTER_FINITE_SIZE_BRIDGE_ADMISSIBILITY_GATE_NO_GO_NOTE_2026-06-21.md	quark_route2_e_center_finite_size_bridge_admissibility_gate_no_go_note_2026-06-21
docs/QUARK_ROUTE2_E_CENTER_INVERSE_SQUARE_SOURCE_LAW_FIREWALL_NOTE_2026-06-21.md	archive/notes/docs/QUARK_ROUTE2_E_CENTER_INVERSE_SQUARE_SOURCE_LAW_FIREWALL_NOTE_2026-06-21.md	quark_route2_e_center_inverse_square_source_law_firewall_note_2026-06-21
docs/QUARK_ROUTE2_E_CENTER_LIFT_DERIVATION_ATTEMPT_BOUNDED_NOTE_2026-06-12.md	archive/notes/docs/QUARK_ROUTE2_E_CENTER_LIFT_DERIVATION_ATTEMPT_BOUNDED_NOTE_2026-06-12.md	quark_route2_e_center_lift_derivation_attempt_bounded_note_2026-06-12
docs/QUARK_ROUTE2_E_CENTER_LIFT_MEASURED_CALIBRATION_NARROW_THEOREM_NOTE_2026-06-10.md	archive/notes/docs/QUARK_ROUTE2_E_CENTER_LIFT_MEASURED_CALIBRATION_NARROW_THEOREM_NOTE_2026-06-10.md	quark_route2_e_center_lift_measured_calibration_narrow_theorem_note_2026-06-10
docs/QUARK_ROUTE2_E_CENTER_SELECTOR_FANOUT_NO_GO_NOTE_2026-06-21.md	archive/notes/docs/QUARK_ROUTE2_E_CENTER_SELECTOR_FANOUT_NO_GO_NOTE_2026-06-21.md	quark_route2_e_center_selector_fanout_no_go_note_2026-06-21
docs/QUARK_ROUTE2_E_CENTER_SINGLE_BOX_LIMIT_UNDERDETERMINATION_NO_GO_NOTE_2026-06-21.md	archive/notes/docs/QUARK_ROUTE2_E_CENTER_SINGLE_BOX_LIMIT_UNDERDETERMINATION_NO_GO_NOTE_2026-06-21.md	quark_route2_e_center_single_box_limit_underdetermination_no_go_note_2026-06-21
docs/QUARK_ROUTE2_E_CHANNEL_SOURCE_READOUT_CONSTRUCTION_BOUNDED_NOTE_2026-06-12.md	archive/notes/docs/QUARK_ROUTE2_E_CHANNEL_SOURCE_READOUT_CONSTRUCTION_BOUNDED_NOTE_2026-06-12.md	quark_route2_e_channel_source_readout_construction_bounded_note_2026-06-12
docs/QUARK_ROUTE2_FINITE_FRAME_DUAL_LEG_COUNT_BOUNDARY_NOTE_2026-06-21.md	archive/notes/docs/QUARK_ROUTE2_FINITE_FRAME_DUAL_LEG_COUNT_BOUNDARY_NOTE_2026-06-21.md	quark_route2_finite_frame_dual_leg_count_boundary_note_2026-06-21
docs/QUARK_ROUTE2_FIXED_CARRIER_SELECTOR_EQUATION_BOUNDARY_NOTE_2026-06-21.md	archive/notes/docs/QUARK_ROUTE2_FIXED_CARRIER_SELECTOR_EQUATION_BOUNDARY_NOTE_2026-06-21.md	quark_route2_fixed_carrier_selector_equation_boundary_note_2026-06-21
docs/QUARK_ROUTE2_GRAPH_FIRST_SU3_SPATIAL_COLOR_BRIDGE_GATE_NO_GO_NOTE_2026-06-21.md	archive/notes/docs/QUARK_ROUTE2_GRAPH_FIRST_SU3_SPATIAL_COLOR_BRIDGE_GATE_NO_GO_NOTE_2026-06-21.md	quark_route2_graph_first_su3_spatial_color_bridge_gate_no_go_note_2026-06-21
docs/QUARK_ROUTE2_GRAPH_FIRST_SU3_SPATIAL_COLOR_FUNCTOR_FIREWALL_NOTE_2026-06-21.md	archive/notes/docs/QUARK_ROUTE2_GRAPH_FIRST_SU3_SPATIAL_COLOR_FUNCTOR_FIREWALL_NOTE_2026-06-21.md	quark_route2_graph_first_su3_spatial_color_functor_firewall_note_2026-06-21
docs/QUARK_ROUTE2_GRAVITY_METRIC_RHOE_VALUE_PACKET_NOTE_2026-06-21.md	archive/notes/docs/QUARK_ROUTE2_GRAVITY_METRIC_RHOE_VALUE_PACKET_NOTE_2026-06-21.md	quark_route2_gravity_metric_rhoe_value_packet_note_2026-06-21
docs/QUARK_ROUTE2_HESSIAN_E_CENTER_BRIDGE_GATE_NOTE_2026-06-21.md	archive/notes/docs/QUARK_ROUTE2_HESSIAN_E_CENTER_BRIDGE_GATE_NOTE_2026-06-21.md	quark_route2_hessian_e_center_bridge_gate_note_2026-06-21
docs/QUARK_ROUTE2_INDEPENDENT_ET_CHANNEL_SELECTOR_FIREWALL_NOTE_2026-06-21.md	archive/notes/docs/QUARK_ROUTE2_INDEPENDENT_ET_CHANNEL_SELECTOR_FIREWALL_NOTE_2026-06-21.md	quark_route2_independent_et_channel_selector_firewall_note_2026-06-21
docs/QUARK_ROUTE2_INVERSE_SQUARE_CENTER_LIFT_BOUNDARY_NOTE_2026-06-21.md	archive/notes/docs/QUARK_ROUTE2_INVERSE_SQUARE_CENTER_LIFT_BOUNDARY_NOTE_2026-06-21.md	quark_route2_inverse_square_center_lift_boundary_note_2026-06-21
docs/QUARK_ROUTE2_INVERSE_SQUARE_CHANNEL_LAW_GATE_NOTE_2026-06-21.md	archive/notes/docs/QUARK_ROUTE2_INVERSE_SQUARE_CHANNEL_LAW_GATE_NOTE_2026-06-21.md	quark_route2_inverse_square_channel_law_gate_note_2026-06-21
docs/QUARK_ROUTE2_INVERSE_SQUARE_COEFFICIENT_LAW_GATE_NOTE_2026-06-21.md	archive/notes/docs/QUARK_ROUTE2_INVERSE_SQUARE_COEFFICIENT_LAW_GATE_NOTE_2026-06-21.md	quark_route2_inverse_square_coefficient_law_gate_note_2026-06-21
docs/QUARK_ROUTE2_INVERSE_SQUARE_COVARIANCE_PRIMITIVE_CANDIDATE_NOTE_2026-06-21.md	archive/notes/docs/QUARK_ROUTE2_INVERSE_SQUARE_COVARIANCE_PRIMITIVE_CANDIDATE_NOTE_2026-06-21.md	quark_route2_inverse_square_covariance_primitive_candidate_note_2026-06-21
docs/QUARK_ROUTE2_KR_GRAM_NONSEPARABLE_DEGREE2_NO_GO_NOTE_2026-06-21.md	archive/notes/docs/QUARK_ROUTE2_KR_GRAM_NONSEPARABLE_DEGREE2_NO_GO_NOTE_2026-06-21.md	quark_route2_kr_gram_nonseparable_degree2_no_go_note_2026-06-21
docs/QUARK_ROUTE2_LIFT_COORDINATE_SELECTOR_GATE_NOTE_2026-06-21.md	archive/notes/docs/QUARK_ROUTE2_LIFT_COORDINATE_SELECTOR_GATE_NOTE_2026-06-21.md	quark_route2_lift_coordinate_selector_gate_note_2026-06-21
docs/QUARK_ROUTE2_LOG_BARRIER_RECORD_PRIMITIVE_GATE_NOTE_2026-06-21.md	archive/notes/docs/QUARK_ROUTE2_LOG_BARRIER_RECORD_PRIMITIVE_GATE_NOTE_2026-06-21.md	quark_route2_log_barrier_record_primitive_gate_note_2026-06-21
docs/QUARK_ROUTE2_MAGNITUDE_SOURCE_E_CENTER_SHEAR_NO_GO_NOTE_2026-06-21.md	archive/notes/docs/QUARK_ROUTE2_MAGNITUDE_SOURCE_E_CENTER_SHEAR_NO_GO_NOTE_2026-06-21.md	quark_route2_magnitude_source_e_center_shear_no_go_note_2026-06-21
docs/QUARK_ROUTE2_MEASURED_CALIBRATION_RESCUE_TRANSFORM_FIREWALL_NOTE_2026-06-21.md	archive/notes/docs/QUARK_ROUTE2_MEASURED_CALIBRATION_RESCUE_TRANSFORM_FIREWALL_NOTE_2026-06-21.md	quark_route2_measured_calibration_rescue_transform_firewall_note_2026-06-21
docs/QUARK_ROUTE2_METRIC_SELECTOR_RATIO_BOUNDARY_NOTE_2026-06-21.md	archive/notes/docs/QUARK_ROUTE2_METRIC_SELECTOR_RATIO_BOUNDARY_NOTE_2026-06-21.md	quark_route2_metric_selector_ratio_boundary_note_2026-06-21
docs/QUARK_ROUTE2_NONBLIND_E_CENTER_LIFT_SELECTOR_EQUIVALENCE_EXACT_SUPPORT_NOTE_2026-06-21.md	archive/notes/docs/QUARK_ROUTE2_NONBLIND_E_CENTER_LIFT_SELECTOR_EQUIVALENCE_EXACT_SUPPORT_NOTE_2026-06-21.md	quark_route2_nonblind_e_center_lift_selector_equivalence_exact_support_note_2026-06-21
docs/QUARK_ROUTE2_NONBLIND_SOURCE_READOUT_PRIMITIVE_GATE_NO_GO_NOTE_2026-06-21.md	archive/notes/docs/QUARK_ROUTE2_NONBLIND_SOURCE_READOUT_PRIMITIVE_GATE_NO_GO_NOTE_2026-06-21.md	quark_route2_nonblind_source_readout_primitive_gate_no_go_note_2026-06-21
docs/QUARK_ROUTE2_NONLINEAR_E_CENTER_READOUT_PRIMITIVE_BOUNDARY_NOTE_2026-06-21.md	archive/notes/docs/QUARK_ROUTE2_NONLINEAR_E_CENTER_READOUT_PRIMITIVE_BOUNDARY_NOTE_2026-06-21.md	quark_route2_nonlinear_e_center_readout_primitive_boundary_note_2026-06-21
docs/QUARK_ROUTE2_NONLINEAR_E_CENTER_TENSOR_OBSERVABLE_GATE_NOTE_2026-06-21.md	archive/notes/docs/QUARK_ROUTE2_NONLINEAR_E_CENTER_TENSOR_OBSERVABLE_GATE_NOTE_2026-06-21.md	quark_route2_nonlinear_e_center_tensor_observable_gate_note_2026-06-21
docs/QUARK_ROUTE2_NONLINEAR_LOG_CURVATURE_READOUT_CANDIDATE_NOTE_2026-06-21.md	archive/notes/docs/QUARK_ROUTE2_NONLINEAR_LOG_CURVATURE_READOUT_CANDIDATE_NOTE_2026-06-21.md	quark_route2_nonlinear_log_curvature_readout_candidate_note_2026-06-21
docs/QUARK_ROUTE2_NONLINEAR_TENSOR_OBSERVABLE_CLASS_NO_GO_NOTE_2026-06-21.md	archive/notes/docs/QUARK_ROUTE2_NONLINEAR_TENSOR_OBSERVABLE_CLASS_NO_GO_NOTE_2026-06-21.md	quark_route2_nonlinear_tensor_observable_class_no_go_note_2026-06-21
docs/QUARK_ROUTE2_NONSEPARABLE_QUADRATIC_EQUIVARIANT_PRIMITIVE_NO_GO_NOTE_2026-06-21.md	archive/notes/docs/QUARK_ROUTE2_NONSEPARABLE_QUADRATIC_EQUIVARIANT_PRIMITIVE_NO_GO_NOTE_2026-06-21.md	quark_route2_nonseparable_quadratic_equivariant_primitive_no_go_note_2026-06-21
docs/QUARK_ROUTE2_NON_COLOR_E_CENTER_SOURCE_PRIMITIVE_FIREWALL_NOTE_2026-06-21.md	archive/notes/docs/QUARK_ROUTE2_NON_COLOR_E_CENTER_SOURCE_PRIMITIVE_FIREWALL_NOTE_2026-06-21.md	quark_route2_non_color_e_center_source_primitive_firewall_note_2026-06-21
docs/QUARK_ROUTE2_NORMALIZED_QUOTIENT_SELECTOR_TRICHOTOMY_NOTE_2026-06-21.md	archive/notes/docs/QUARK_ROUTE2_NORMALIZED_QUOTIENT_SELECTOR_TRICHOTOMY_NOTE_2026-06-21.md	quark_route2_normalized_quotient_selector_trichotomy_note_2026-06-21
docs/QUARK_ROUTE2_ONE_POLE_CHANNEL_VOLUME_NO_GO_NOTE_2026-06-21.md	archive/notes/docs/QUARK_ROUTE2_ONE_POLE_CHANNEL_VOLUME_NO_GO_NOTE_2026-06-21.md	quark_route2_one_pole_channel_volume_no_go_note_2026-06-21
docs/QUARK_ROUTE2_POLYNOMIAL_CARRIER_DENSITY_NORMALIZATION_NO_GO_NOTE_2026-06-21.md	archive/notes/docs/QUARK_ROUTE2_POLYNOMIAL_CARRIER_DENSITY_NORMALIZATION_NO_GO_NOTE_2026-06-21.md	quark_route2_polynomial_carrier_density_normalization_no_go_note_2026-06-21
docs/QUARK_ROUTE2_POSITIVE_DIAGONAL_E_CENTER_SELECTOR_NO_GO_NOTE_2026-06-21.md	archive/notes/docs/QUARK_ROUTE2_POSITIVE_DIAGONAL_E_CENTER_SELECTOR_NO_GO_NOTE_2026-06-21.md	quark_route2_positive_diagonal_e_center_selector_no_go_note_2026-06-21
docs/QUARK_ROUTE2_POSITIVE_SOURCE_FUNCTIONAL_CONE_NO_GO_NOTE_2026-06-21.md	archive/notes/docs/QUARK_ROUTE2_POSITIVE_SOURCE_FUNCTIONAL_CONE_NO_GO_NOTE_2026-06-21.md	quark_route2_positive_source_functional_cone_no_go_note_2026-06-21
docs/QUARK_ROUTE2_QE_BOX_PATH_INTERPOLATION_FAMILY_NO_GO_NOTE_2026-06-21.md	archive/notes/docs/QUARK_ROUTE2_QE_BOX_PATH_INTERPOLATION_FAMILY_NO_GO_NOTE_2026-06-21.md	quark_route2_qe_box_path_interpolation_family_no_go_note_2026-06-21
docs/QUARK_ROUTE2_QE_BOX_SIZE_SCAN_CLOSES_BULK_LIMIT_HATCH_NARROW_THEOREM_NOTE_2026-06-10.md	archive/notes/docs/QUARK_ROUTE2_QE_BOX_SIZE_SCAN_CLOSES_BULK_LIMIT_HATCH_NARROW_THEOREM_NOTE_2026-06-10.md	quark_route2_qe_box_size_scan_closes_bulk_limit_hatch_narrow_theorem_note_2026-06-10
docs/QUARK_ROUTE2_QE_BULK_LIMIT_CONSUMER_BOUNDARY_NOTE_2026-06-21.md	archive/notes/docs/QUARK_ROUTE2_QE_BULK_LIMIT_CONSUMER_BOUNDARY_NOTE_2026-06-21.md	quark_route2_qe_bulk_limit_consumer_boundary_note_2026-06-21
docs/QUARK_ROUTE2_QE_KAPPA_SQUARED_COVARIANCE_SHARPER_NO_GO_NARROW_NOTE_2026-06-10.md	archive/notes/docs/QUARK_ROUTE2_QE_KAPPA_SQUARED_COVARIANCE_SHARPER_NO_GO_NARROW_NOTE_2026-06-10.md	quark_route2_qe_kappa_squared_covariance_sharper_no_go_narrow_note_2026-06-10
docs/QUARK_ROUTE2_RCONN_CENTER_RATIO_BRIDGE_OBSTRUCTION_NOTE_2026-04-28.md	archive/notes/docs/QUARK_ROUTE2_RCONN_CENTER_RATIO_BRIDGE_OBSTRUCTION_NOTE_2026-04-28.md	quark_route2_rconn_center_ratio_bridge_obstruction_note_2026-04-28
docs/QUARK_ROUTE2_RCONN_MAGNITUDE_SIGN_SPLIT_EXACT_SUPPORT_NOTE_2026-06-21.md	archive/notes/docs/QUARK_ROUTE2_RCONN_MAGNITUDE_SIGN_SPLIT_EXACT_SUPPORT_NOTE_2026-06-21.md	quark_route2_rconn_magnitude_sign_split_exact_support_note_2026-06-21
docs/QUARK_ROUTE2_RCONN_SIGNED_CENTER_BRIDGE_SELECTOR_FIREWALL_NOTE_2026-06-21.md	archive/notes/docs/QUARK_ROUTE2_RCONN_SIGNED_CENTER_BRIDGE_SELECTOR_FIREWALL_NOTE_2026-06-21.md	quark_route2_rconn_signed_center_bridge_selector_firewall_note_2026-06-21
docs/QUARK_ROUTE2_RCONN_TWO_GATE_SOURCE_BRIDGE_FACTORIZATION_NOTE_2026-06-21.md	archive/notes/docs/QUARK_ROUTE2_RCONN_TWO_GATE_SOURCE_BRIDGE_FACTORIZATION_NOTE_2026-06-21.md	quark_route2_rconn_two_gate_source_bridge_factorization_note_2026-06-21
docs/QUARK_ROUTE2_RCONN_TYPED_BRIDGE_DERIVATION_BOUNDED_NOTE_2026-06-12.md	archive/notes/docs/QUARK_ROUTE2_RCONN_TYPED_BRIDGE_DERIVATION_BOUNDED_NOTE_2026-06-12.md	quark_route2_rconn_typed_bridge_derivation_bounded_note_2026-06-12
docs/QUARK_ROUTE2_RCONN_W1_EXPANDED_AUTHORITY_SWEEP_NO_GO_NOTE_2026-06-21.md	archive/notes/docs/QUARK_ROUTE2_RCONN_W1_EXPANDED_AUTHORITY_SWEEP_NO_GO_NOTE_2026-06-21.md	quark_route2_rconn_w1_expanded_authority_sweep_no_go_note_2026-06-21
docs/QUARK_ROUTE2_RECIPROCAL_SQUARE_DIMENSION_BRIDGE_PACKET_NOTE_2026-06-21.md	archive/notes/docs/QUARK_ROUTE2_RECIPROCAL_SQUARE_DIMENSION_BRIDGE_PACKET_NOTE_2026-06-21.md	quark_route2_reciprocal_square_dimension_bridge_packet_note_2026-06-21
docs/QUARK_ROUTE2_RECORD_RAW_Q_SELECTOR_GATE_NOTE_2026-06-21.md	archive/notes/docs/QUARK_ROUTE2_RECORD_RAW_Q_SELECTOR_GATE_NOTE_2026-06-21.md	quark_route2_record_raw_q_selector_gate_note_2026-06-21
docs/QUARK_ROUTE2_SEMANTIC_DIMENSION_BRIDGE_GATE_NOTE_2026-06-21.md	archive/notes/docs/QUARK_ROUTE2_SEMANTIC_DIMENSION_BRIDGE_GATE_NOTE_2026-06-21.md	quark_route2_semantic_dimension_bridge_gate_note_2026-06-21
docs/QUARK_ROUTE2_SIGNED_CANCELLATION_FIREWALL_NOTE_2026-06-21.md	archive/notes/docs/QUARK_ROUTE2_SIGNED_CANCELLATION_FIREWALL_NOTE_2026-06-21.md	quark_route2_signed_cancellation_firewall_note_2026-06-21
docs/QUARK_ROUTE2_SLICE_SEMIGROUP_COORDINATE_GATE_NOTE_2026-06-21.md	archive/notes/docs/QUARK_ROUTE2_SLICE_SEMIGROUP_COORDINATE_GATE_NOTE_2026-06-21.md	quark_route2_slice_semigroup_coordinate_gate_note_2026-06-21
docs/QUARK_ROUTE2_SOURCE_AUGMENTED_E_CENTER_FUNCTOR_NO_GO_NOTE_2026-06-21.md	archive/notes/docs/QUARK_ROUTE2_SOURCE_AUGMENTED_E_CENTER_FUNCTOR_NO_GO_NOTE_2026-06-21.md	quark_route2_source_augmented_e_center_functor_no_go_note_2026-06-21
docs/QUARK_ROUTE2_SOURCE_COUNT_SELECTOR_BRIDGE_BOUNDARY_NOTE_2026-06-21.md	archive/notes/docs/QUARK_ROUTE2_SOURCE_COUNT_SELECTOR_BRIDGE_BOUNDARY_NOTE_2026-06-21.md	quark_route2_source_count_selector_bridge_boundary_note_2026-06-21
docs/QUARK_ROUTE2_SOURCE_DOMAIN_E_CENTER_PRIMITIVE_GATE_NOTE_2026-06-21.md	archive/notes/docs/QUARK_ROUTE2_SOURCE_DOMAIN_E_CENTER_PRIMITIVE_GATE_NOTE_2026-06-21.md	quark_route2_source_domain_e_center_primitive_gate_note_2026-06-21
docs/QUARK_ROUTE2_SOURCE_DOMAIN_MAGNITUDE_TYPECAST_EQUIVALENCE_NO_GO_NOTE_2026-06-21.md	archive/notes/docs/QUARK_ROUTE2_SOURCE_DOMAIN_MAGNITUDE_TYPECAST_EQUIVALENCE_NO_GO_NOTE_2026-06-21.md	quark_route2_source_domain_magnitude_typecast_equivalence_no_go_note_2026-06-21
docs/QUARK_ROUTE2_SOURCE_DOMAIN_SIGN_SUPPORT_TYPECAST_REMAINDER_NOTE_2026-06-21.md	archive/notes/docs/QUARK_ROUTE2_SOURCE_DOMAIN_SIGN_SUPPORT_TYPECAST_REMAINDER_NOTE_2026-06-21.md	quark_route2_source_domain_sign_support_typecast_remainder_note_2026-06-21
docs/QUARK_ROUTE2_SOURCE_DOMAIN_TYPECAST_SCALE_NORMALIZATION_NO_GO_NOTE_2026-06-21.md	archive/notes/docs/QUARK_ROUTE2_SOURCE_DOMAIN_TYPECAST_SCALE_NORMALIZATION_NO_GO_NOTE_2026-06-21.md	quark_route2_source_domain_typecast_scale_normalization_no_go_note_2026-06-21
docs/QUARK_ROUTE2_SOURCE_DOMAIN_TYPED_EDGE_CUT_CERTIFICATE_NOTE_2026-06-21.md	archive/notes/docs/QUARK_ROUTE2_SOURCE_DOMAIN_TYPED_EDGE_CUT_CERTIFICATE_NOTE_2026-06-21.md	quark_route2_source_domain_typed_edge_cut_certificate_note_2026-06-21
docs/QUARK_ROUTE2_SOURCE_READOUT_DENSITY_PRIMITIVE_INVENTORY_NO_GO_NOTE_2026-06-21.md	archive/notes/docs/QUARK_ROUTE2_SOURCE_READOUT_DENSITY_PRIMITIVE_INVENTORY_NO_GO_NOTE_2026-06-21.md	quark_route2_source_readout_density_primitive_inventory_no_go_note_2026-06-21
docs/QUARK_ROUTE2_THETA_SLICE_CHANNEL_DENSITY_NO_GO_NOTE_2026-06-21.md	archive/notes/docs/QUARK_ROUTE2_THETA_SLICE_CHANNEL_DENSITY_NO_GO_NOTE_2026-06-21.md	quark_route2_theta_slice_channel_density_no_go_note_2026-06-21
docs/QUARK_ROUTE2_TWO_POLE_DENSITY_COVARIANCE_PRIMITIVE_CANDIDATE_NOTE_2026-06-21.md	archive/notes/docs/QUARK_ROUTE2_TWO_POLE_DENSITY_COVARIANCE_PRIMITIVE_CANDIDATE_NOTE_2026-06-21.md	quark_route2_two_pole_density_covariance_primitive_candidate_note_2026-06-21
docs/QUARK_ROUTE2_TYPED_RCONN_MAGNITUDE_BRIDGE_NO_GO_NOTE_2026-06-21.md	archive/notes/docs/QUARK_ROUTE2_TYPED_RCONN_MAGNITUDE_BRIDGE_NO_GO_NOTE_2026-06-21.md	quark_route2_typed_rconn_magnitude_bridge_no_go_note_2026-06-21
docs/QUARK_ROUTE2_T_ROW_PRIMITIVE_MINIMALITY_SELECTOR_BOUNDARY_NOTE_2026-06-22.md	archive/notes/docs/QUARK_ROUTE2_T_ROW_PRIMITIVE_MINIMALITY_SELECTOR_BOUNDARY_NOTE_2026-06-22.md	quark_route2_t_row_primitive_minimality_selector_boundary_note_2026-06-22
docs/QUARK_ROUTE2_T_SIDE_ENDPOINT_THEOREM_ATTEMPT_BOUNDED_NOTE_2026-06-12.md	archive/notes/docs/QUARK_ROUTE2_T_SIDE_ENDPOINT_THEOREM_ATTEMPT_BOUNDED_NOTE_2026-06-12.md	quark_route2_t_side_endpoint_theorem_attempt_bounded_note_2026-06-12
docs/QUARK_ROUTE2_W1_SIGN_MAGNITUDE_SPLIT_SUPPORT_NOTE_2026-06-21.md	archive/notes/docs/QUARK_ROUTE2_W1_SIGN_MAGNITUDE_SPLIT_SUPPORT_NOTE_2026-06-21.md	quark_route2_w1_sign_magnitude_split_support_note_2026-06-21
docs/QUARK_STRC_OBSERVABLE_PRINCIPLE_NOTE_2026-04-19.md	archive/notes/docs/QUARK_STRC_OBSERVABLE_PRINCIPLE_NOTE_2026-04-19.md	quark_strc_observable_principle_note_2026-04-19
docs/READING_NOTE_CLAIMS_ARE_AXIOM_TEXT_THEOREMS_BOUNDED_NOTE_2026-07-02.md	archive/notes/docs/READING_NOTE_CLAIMS_ARE_AXIOM_TEXT_THEOREMS_BOUNDED_NOTE_2026-07-02.md	reading_note_claims_are_axiom_text_theorems_bounded_note_2026-07-02
docs/READING_NOTE_FINAL_DERIVATIONS_MOTION_CLOSURE_BOUNDED_NOTE_2026-07-02.md	archive/notes/docs/READING_NOTE_FINAL_DERIVATIONS_MOTION_CLOSURE_BOUNDED_NOTE_2026-07-02.md	reading_note_final_derivations_motion_closure_bounded_note_2026-07-02
docs/REALIZED_KINETIC_BRANCH_CONDITIONAL_RECORD_REGISTRATION_NARROW_THEOREM_NOTE_2026-07-02.md	archive/notes/docs/REALIZED_KINETIC_BRANCH_CONDITIONAL_RECORD_REGISTRATION_NARROW_THEOREM_NOTE_2026-07-02.md	realized_kinetic_branch_conditional_record_registration_narrow_theorem_note_2026-07-02
docs/REALIZED_KINETIC_BRANCH_D4_PATTERN_DICHOTOMY_NARROW_THEOREM_NOTE_2026-07-03.md	archive/notes/docs/REALIZED_KINETIC_BRANCH_D4_PATTERN_DICHOTOMY_NARROW_THEOREM_NOTE_2026-07-03.md	realized_kinetic_branch_d4_pattern_dichotomy_narrow_theorem_note_2026-07-03
docs/REALIZED_KINETIC_BRANCH_DISCRIMINATOR_DICHOTOMY_NARROW_THEOREM_NOTE_2026-07-02.md	archive/notes/docs/REALIZED_KINETIC_BRANCH_DISCRIMINATOR_DICHOTOMY_NARROW_THEOREM_NOTE_2026-07-02.md	realized_kinetic_branch_discriminator_dichotomy_narrow_theorem_note_2026-07-02
docs/REALIZED_KINETIC_BRANCH_SELECTION_FRAME_CLASS_TRANSPORT_NARROW_THEOREM_NOTE_2026-07-02.md	archive/notes/docs/REALIZED_KINETIC_BRANCH_SELECTION_FRAME_CLASS_TRANSPORT_NARROW_THEOREM_NOTE_2026-07-02.md	realized_kinetic_branch_selection_frame_class_transport_narrow_theorem_note_2026-07-02
docs/REALIZED_KINETIC_BRANCH_SELECTION_GAUGED_BACKGROUND_INVARIANCE_NARROW_THEOREM_NOTE_2026-07-02.md	archive/notes/docs/REALIZED_KINETIC_BRANCH_SELECTION_GAUGED_BACKGROUND_INVARIANCE_NARROW_THEOREM_NOTE_2026-07-02.md	realized_kinetic_branch_selection_gauged_background_invariance_narrow_theorem_note_2026-07-02
docs/REAL_RECORD_NO_I_UNIFICATION_PROPOSAL_NARROW_THEOREM_NOTE_2026-06-04.md	archive/notes/docs/REAL_RECORD_NO_I_UNIFICATION_PROPOSAL_NARROW_THEOREM_NOTE_2026-06-04.md	real_record_no_i_unification_proposal_narrow_theorem_note_2026-06-04
docs/RECORD_COMPOSITION_BRIDGE_SEMIGROUP_POSITIVITY_SELECTION_BOUNDED_NOTE_2026-07-02.md	archive/notes/docs/RECORD_COMPOSITION_BRIDGE_SEMIGROUP_POSITIVITY_SELECTION_BOUNDED_NOTE_2026-07-02.md	record_composition_bridge_semigroup_positivity_selection_bounded_note_2026-07-02
docs/RECORD_CONTENT_READOUT_LICENSE_SPLIT_REGISTRATION_UNREACHABILITY_THEOREM_NOTE_2026-07-02.md	archive/notes/docs/RECORD_CONTENT_READOUT_LICENSE_SPLIT_REGISTRATION_UNREACHABILITY_THEOREM_NOTE_2026-07-02.md	record_content_readout_license_split_registration_unreachability_theorem_note_2026-07-02
docs/RECORD_COUNT_BOUNDS_COMPOSITION_WORDS_FINITE_DIAL_BOUNDED_NOTE_2026-07-02.md	archive/notes/docs/RECORD_COUNT_BOUNDS_COMPOSITION_WORDS_FINITE_DIAL_BOUNDED_NOTE_2026-07-02.md	record_count_bounds_composition_words_finite_dial_bounded_note_2026-07-02
docs/RECORD_FORMATION_FRONT_IS_THE_DOMAIN_WALL_FREE_FIELD_BOUNDED_THEOREM_NOTE_2026-07-05.md	archive/notes/docs/RECORD_FORMATION_FRONT_IS_THE_DOMAIN_WALL_FREE_FIELD_BOUNDED_THEOREM_NOTE_2026-07-05.md	record_formation_front_is_the_domain_wall_free_field_bounded_theorem_note_2026-07-05
docs/RECORD_LOCAL_OBSERVABILITY_DECODER_CRITERION_2026-06-05.md	archive/notes/docs/RECORD_LOCAL_OBSERVABILITY_DECODER_CRITERION_2026-06-05.md	record_local_observability_decoder_criterion_2026-06-05
docs/RECORD_OCCURRENCE_THINNED_IID_FREQUENCY_BRIDGE_2026-07-01.md	archive/notes/docs/RECORD_OCCURRENCE_THINNED_IID_FREQUENCY_BRIDGE_2026-07-01.md	record_occurrence_thinned_iid_frequency_bridge_2026-07-01
docs/RECORD_SATURATION_AVAILABILITY_CENSUS_BOUNDED_NOTE_2026-07-08.md	archive/notes/docs/RECORD_SATURATION_AVAILABILITY_CENSUS_BOUNDED_NOTE_2026-07-08.md	record_saturation_availability_census_bounded_note_2026-07-08
docs/REPLAY_ENVIRONMENT_NOTE.md	archive/notes/docs/REPLAY_ENVIRONMENT_NOTE.md	replay_environment_note
docs/REPO_SUBMISSION_CONSOLIDATION_PLAN_2026-04-12.md	archive/notes/docs/REPO_SUBMISSION_CONSOLIDATION_PLAN_2026-04-12.md	repo_submission_consolidation_plan_2026-04-12
docs/ROUTE2_READOUT_RECORD_POSITIVITY_DOES_NOT_FIX_RHO_E_NARROW_NO_GO_NOTE_2026-06-08.md	archive/notes/docs/ROUTE2_READOUT_RECORD_POSITIVITY_DOES_NOT_FIX_RHO_E_NARROW_NO_GO_NOTE_2026-06-08.md	route2_readout_record_positivity_does_not_fix_rho_e_narrow_no_go_note_2026-06-08
docs/RSTAR_DTOTALITY_AXIOM_TEXT_INSTANCES_BOUNDED_NOTE_2026-07-02.md	archive/notes/docs/RSTAR_DTOTALITY_AXIOM_TEXT_INSTANCES_BOUNDED_NOTE_2026-07-02.md	rstar_dtotality_axiom_text_instances_bounded_note_2026-07-02
docs/RULE_ACHIRALITY_FROM_MINIMALITY_QUALIFICATION_LICENSING_LAW_ACHIRAL_STATE_FREE_BOUNDED_THEOREM_NOTE_2026-07-04.md	archive/notes/docs/RULE_ACHIRALITY_FROM_MINIMALITY_QUALIFICATION_LICENSING_LAW_ACHIRAL_STATE_FREE_BOUNDED_THEOREM_NOTE_2026-07-04.md	rule_achirality_from_minimality_qualification_licensing_law_achiral_state_free_bounded_theorem_note_2026-07-04
docs/RUNNER_LEDGER_FIELD_PIN_HYGIENE_CONVENTION_PROPOSAL_NOTE_2026-07-02.md	archive/notes/docs/RUNNER_LEDGER_FIELD_PIN_HYGIENE_CONVENTION_PROPOSAL_NOTE_2026-07-02.md	runner_ledger_field_pin_hygiene_convention_proposal_note_2026-07-02
docs/S3_TIME_BILINEAR_TENSOR_PRIMITIVE_RANK1_FACTORIZATION_NOTE_2026-05-17.md	archive/notes/docs/S3_TIME_BILINEAR_TENSOR_PRIMITIVE_RANK1_FACTORIZATION_NOTE_2026-05-17.md	s3_time_bilinear_tensor_primitive_rank1_factorization_note_2026-05-17
docs/S3_TIME_DIRECT_CONSUMER_ECENTER_DEPENDENCY_CLASSIFICATION_NOTE_2026-06-21.md	archive/notes/docs/S3_TIME_DIRECT_CONSUMER_ECENTER_DEPENDENCY_CLASSIFICATION_NOTE_2026-06-21.md	s3_time_direct_consumer_ecenter_dependency_classification_note_2026-06-21
docs/S3_TIME_DIRECT_CONSUMER_READOUT_AMBIGUITY_PACKET_NOTE_2026-06-21.md	archive/notes/docs/S3_TIME_DIRECT_CONSUMER_READOUT_AMBIGUITY_PACKET_NOTE_2026-06-21.md	s3_time_direct_consumer_readout_ambiguity_packet_note_2026-06-21
docs/S3_TIME_ENDPOINT_INDEPENDENT_CONSUMER_INVENTORY_NOTE_2026-06-21.md	archive/notes/docs/S3_TIME_ENDPOINT_INDEPENDENT_CONSUMER_INVENTORY_NOTE_2026-06-21.md	s3_time_endpoint_independent_consumer_inventory_note_2026-06-21
docs/S3_TIME_FACTOR_RIGIDITY_READOUT_PRIMITIVE_SPLIT_NOTE_2026-06-21.md	archive/notes/docs/S3_TIME_FACTOR_RIGIDITY_READOUT_PRIMITIVE_SPLIT_NOTE_2026-06-21.md	s3_time_factor_rigidity_readout_primitive_split_note_2026-06-21
docs/S3_TIME_READOUT_PRIMITIVE_BRIDGE_ASSESSMENT_BOUNDED_NOTE_2026-06-12.md	archive/notes/docs/S3_TIME_READOUT_PRIMITIVE_BRIDGE_ASSESSMENT_BOUNDED_NOTE_2026-06-12.md	s3_time_readout_primitive_bridge_assessment_bounded_note_2026-06-12
docs/S3_TIME_TENSOR_BUILD_MEMO.md	archive/notes/docs/S3_TIME_TENSOR_BUILD_MEMO.md	s3_time_tensor_build_memo
docs/SCALAR_CUBIC_CAR_QCA_TRIVIALITY_AND_SIX_DIRECTION_ESCAPE_BOUNDED_THEOREM_NOTE_2026-07-11.md	archive/notes/docs/SCALAR_CUBIC_CAR_QCA_TRIVIALITY_AND_SIX_DIRECTION_ESCAPE_BOUNDED_THEOREM_NOTE_2026-07-11.md	scalar_cubic_car_qca_triviality_and_six_direction_escape_bounded_theorem_note_2026-07-11
docs/SCALAR_SELECTOR_PROOF_CHAINS_2026-04-19.md	archive/notes/docs/SCALAR_SELECTOR_PROOF_CHAINS_2026-04-19.md	scalar_selector_proof_chains_2026-04-19
docs/SCIENCE_3PLUS1_LINE_LAW_KNOWN_LIMITS_NOTE_2026-04-20.md	archive/notes/docs/SCIENCE_3PLUS1_LINE_LAW_KNOWN_LIMITS_NOTE_2026-04-20.md	science_3plus1_line_law_known_limits_note_2026-04-20
docs/SEMIGROUP_CLOSURE_DOES_NOT_FORCE_HEAT_KERNEL_QUADRATIC_CONDITION_BOUNDED_NOTE_2026-07-02.md	archive/notes/docs/SEMIGROUP_CLOSURE_DOES_NOT_FORCE_HEAT_KERNEL_QUADRATIC_CONDITION_BOUNDED_NOTE_2026-07-02.md	semigroup_closure_does_not_force_heat_kernel_quadratic_condition_bounded_note_2026-07-02
docs/SESSION_SUMMARY_2026-04-01_DIMENSIONAL.md	archive/notes/docs/SESSION_SUMMARY_2026-04-01_DIMENSIONAL.md	session_summary_2026-04-01_dimensional
docs/SESSION_SUMMARY_2026-04-04.md	archive/notes/docs/SESSION_SUMMARY_2026-04-04.md	session_summary_2026-04-04
docs/SESSION_SYNTHESIS_2026-04-09.md	archive/notes/docs/SESSION_SYNTHESIS_2026-04-09.md	session_synthesis_2026-04-09
docs/SESSION_SYNTHESIS_2026-04-10_GRAPH_AXIOMS.md	archive/notes/docs/SESSION_SYNTHESIS_2026-04-10_GRAPH_AXIOMS.md	session_synthesis_2026-04-10_graph_axioms
docs/SESSION_SYNTHESIS_2026-04-11.md	archive/notes/docs/SESSION_SYNTHESIS_2026-04-11.md	session_synthesis_2026-04-11
docs/SINGLE_STEP_LOCALITY_EXCLUDES_QUADRATIC_GENERATOR_BOUNDED_NOTE_2026-07-02.md	archive/notes/docs/SINGLE_STEP_LOCALITY_EXCLUDES_QUADRATIC_GENERATOR_BOUNDED_NOTE_2026-07-02.md	single_step_locality_excludes_quadratic_generator_bounded_note_2026-07-02
docs/SIX_MODE_PAIRED_DIRECTION_COIN_B_EIGENVALUE_DETERMINANT_FACTORIZATION_THEOREM_NOTE_2026-07-23.md	archive/notes/docs/SIX_MODE_PAIRED_DIRECTION_COIN_B_EIGENVALUE_DETERMINANT_FACTORIZATION_THEOREM_NOTE_2026-07-23.md	six_mode_paired_direction_coin_b_eigenvalue_determinant_factorization_theorem_note_2026-07-23
docs/SOURCE_ACCEPTANCE_HARNESS_SUPPORT_NOTE_2026-07-28.md	archive/notes/docs/SOURCE_ACCEPTANCE_HARNESS_SUPPORT_NOTE_2026-07-28.md	source_acceptance_harness_support_note_2026-07-28
docs/SOURCE_FIELD_STATIC_LAW_CLASSIFICATION_BOUNDED_NOTE_2026-07-08.md	archive/notes/docs/SOURCE_FIELD_STATIC_LAW_CLASSIFICATION_BOUNDED_NOTE_2026-07-08.md	source_field_static_law_classification_bounded_note_2026-07-08
docs/SOURCE_MEASURE_LOG_SELECTION_BOUNDARY_THEOREM_NOTE_2026-05-30.md	archive/notes/docs/SOURCE_MEASURE_LOG_SELECTION_BOUNDARY_THEOREM_NOTE_2026-05-30.md	source_measure_log_selection_boundary_theorem_note_2026-05-30
docs/SOURCE_MEASURE_PCAL_CUMULANT_MOBIUS_THEOREM_NOTE_2026-05-30.md	archive/notes/docs/SOURCE_MEASURE_PCAL_CUMULANT_MOBIUS_THEOREM_NOTE_2026-05-30.md	source_measure_pcal_cumulant_mobius_theorem_note_2026-05-30
docs/SOURCE_MEASURE_PCAL_RN_COCYCLE_THEOREM_NOTE_2026-05-30.md	archive/notes/docs/SOURCE_MEASURE_PCAL_RN_COCYCLE_THEOREM_NOTE_2026-05-30.md	source_measure_pcal_rn_cocycle_theorem_note_2026-05-30
docs/SOURCE_MEASURE_PLANCK_ACTION_RN_SOURCE_UNIT_BRIDGE_NOTE_2026-05-30.md	archive/notes/docs/SOURCE_MEASURE_PLANCK_ACTION_RN_SOURCE_UNIT_BRIDGE_NOTE_2026-05-30.md	source_measure_planck_action_rn_source_unit_bridge_note_2026-05-30
docs/SOURCE_MEASURE_SHARP_RECORD_TANGENT_SPACE_DEP_RESOLUTION_HYGIENE_COMPANION_NOTE_2026-06-04.md	archive/notes/docs/SOURCE_MEASURE_SHARP_RECORD_TANGENT_SPACE_DEP_RESOLUTION_HYGIENE_COMPANION_NOTE_2026-06-04.md	source_measure_sharp_record_tangent_space_dep_resolution_hygiene_companion_note_2026-06-04
docs/SOURCE_MEASURE_SHARP_RECORD_TANGENT_SPACE_THEOREM_NOTE_2026-05-30.md	archive/notes/docs/SOURCE_MEASURE_SHARP_RECORD_TANGENT_SPACE_THEOREM_NOTE_2026-05-30.md	source_measure_sharp_record_tangent_space_theorem_note_2026-05-30
docs/SOURCE_RESOLVED_GENERATED_DISCRIMINATOR_PROBE_NOTE.md	archive/notes/docs/SOURCE_RESOLVED_GENERATED_DISCRIMINATOR_PROBE_NOTE.md	source_resolved_generated_discriminator_probe_note
docs/SOURCE_RESOLVED_GENERATED_WAVEFIELD_TRANSFER_V2_NOTE.md	archive/notes/docs/SOURCE_RESOLVED_GENERATED_WAVEFIELD_TRANSFER_V2_NOTE.md	source_resolved_generated_wavefield_transfer_v2_note
docs/SOURCE_RESOLVED_GEOMETRY_RULE_REPAIR_NOTE.md	archive/notes/docs/SOURCE_RESOLVED_GEOMETRY_RULE_REPAIR_NOTE.md	source_resolved_geometry_rule_repair_note
docs/SOURCE_RESOLVED_RADICAL_GEOMETRY_PROBE_NOTE.md	archive/notes/docs/SOURCE_RESOLVED_RADICAL_GEOMETRY_PROBE_NOTE.md	source_resolved_radical_geometry_probe_note
docs/SOURCING_TWO_CHANNEL_WAKE_QUANTIFICATION_BOUNDED_NOTE_2026-07-08.md	archive/notes/docs/SOURCING_TWO_CHANNEL_WAKE_QUANTIFICATION_BOUNDED_NOTE_2026-07-08.md	sourcing_two_channel_wake_quantification_bounded_note_2026-07-08
docs/SPECIES_BRIDGE_RESIDUAL_IS_RATIFICATION_CLASS_GRADE_SCOPED_BOUNDED_NOTE_2026-07-02.md	archive/notes/docs/SPECIES_BRIDGE_RESIDUAL_IS_RATIFICATION_CLASS_GRADE_SCOPED_BOUNDED_NOTE_2026-07-02.md	species_bridge_residual_is_ratification_class_grade_scoped_bounded_note_2026-07-02
docs/SPECIES_CARRIER_INVARIANT_RING_NO_ORBIT_SEPARATOR_EXACT_NOTE_2026-07-03.md	archive/notes/docs/SPECIES_CARRIER_INVARIANT_RING_NO_ORBIT_SEPARATOR_EXACT_NOTE_2026-07-03.md	species_carrier_invariant_ring_no_orbit_separator_exact_note_2026-07-03
docs/SPECIES_IDENTIFICATION_UNIVERSAL_FLOOR_CLASSIFICATION_NOTE_2026-07-03.md	archive/notes/docs/SPECIES_IDENTIFICATION_UNIVERSAL_FLOOR_CLASSIFICATION_NOTE_2026-07-03.md	species_identification_universal_floor_classification_note_2026-07-03
docs/STAGGERED_DIRAC_COUPLING_SIGN_CHANNEL_REGISTRATION_NARROW_THEOREM_NOTE_2026-07-03.md	archive/notes/docs/STAGGERED_DIRAC_COUPLING_SIGN_CHANNEL_REGISTRATION_NARROW_THEOREM_NOTE_2026-07-03.md	staggered_dirac_coupling_sign_channel_registration_narrow_theorem_note_2026-07-03
docs/STAGGERED_DIRAC_LINK_INTEGRATION_CLASS_COUPLING_TRANSPOSITION_NARROW_THEOREM_NOTE_2026-07-02.md	archive/notes/docs/STAGGERED_DIRAC_LINK_INTEGRATION_CLASS_COUPLING_TRANSPOSITION_NARROW_THEOREM_NOTE_2026-07-02.md	staggered_dirac_link_integration_class_coupling_transposition_narrow_theorem_note_2026-07-02
docs/STAGGERED_DIRAC_PKIN_SUBTREE_CURRENT_SURFACE_RESTATEMENT_NOTE_2026-07-03.md	archive/notes/docs/STAGGERED_DIRAC_PKIN_SUBTREE_CURRENT_SURFACE_RESTATEMENT_NOTE_2026-07-03.md	staggered_dirac_pkin_subtree_current_surface_restatement_note_2026-07-03
docs/STAGGERED_GRAPH_GAUGE_CLOSURE_NOTE.md	archive/notes/docs/STAGGERED_GRAPH_GAUGE_CLOSURE_NOTE.md	staggered_graph_gauge_closure_note
docs/STAGGERED_GRAPH_OBSERVABLES_NOTE.md	archive/notes/docs/STAGGERED_GRAPH_OBSERVABLES_NOTE.md	staggered_graph_observables_note
docs/STAGGERED_LAYERED_GAUGE_ENGINEERING_NOTE.md	archive/notes/docs/STAGGERED_LAYERED_GAUGE_ENGINEERING_NOTE.md	staggered_layered_gauge_engineering_note
docs/STALE_NARRATIVE_REVIEW_2026-05-03.md	archive/notes/docs/STALE_NARRATIVE_REVIEW_2026-05-03.md	stale_narrative_review_2026-05-03
docs/STRUCTURED_MIRROR_RECONCILIATION_NOTE.md	archive/notes/docs/STRUCTURED_MIRROR_RECONCILIATION_NOTE.md	structured_mirror_reconciliation_note
docs/SU3_TENSOR_NETWORK_ENGINE_ROADMAP_NOTE_2026-05-03.md	archive/notes/docs/SU3_TENSOR_NETWORK_ENGINE_ROADMAP_NOTE_2026-05-03.md	su3_tensor_network_engine_roadmap_note_2026-05-03
docs/SUPPLIED_READOUT_CONTEXT_TWO_COMPONENT_DECOMPOSITION_BOUNDED_NOTE_2026-07-02.md	archive/notes/docs/SUPPLIED_READOUT_CONTEXT_TWO_COMPONENT_DECOMPOSITION_BOUNDED_NOTE_2026-07-02.md	supplied_readout_context_two_component_decomposition_bounded_note_2026-07-02
docs/SUPPLIED_THREE_LABEL_TARGET_APPORTIONMENT_COMPARATOR_BOUNDED_THEOREM_NOTE_2026-07-30.md	archive/notes/docs/SUPPLIED_THREE_LABEL_TARGET_APPORTIONMENT_COMPARATOR_BOUNDED_THEOREM_NOTE_2026-07-30.md	supplied_three_label_target_apportionment_comparator_bounded_theorem_note_2026-07-30
docs/SYMMETRIC_TWO_QUBIT_CLIFFORD_CUBIC_MATCHING_QCA_CLASSIFICATION_BOUNDED_THEOREM_NOTE_2026-07-11.md	archive/notes/docs/SYMMETRIC_TWO_QUBIT_CLIFFORD_CUBIC_MATCHING_QCA_CLASSIFICATION_BOUNDED_THEOREM_NOTE_2026-07-11.md	symmetric_two_qubit_clifford_cubic_matching_qca_classification_bounded_theorem_note_2026-07-11
docs/SYNTHESIS_NOTE.md	archive/notes/docs/SYNTHESIS_NOTE.md	synthesis_note
docs/SYNTHESIS_NOTE_3D.md	archive/notes/docs/SYNTHESIS_NOTE_3D.md	synthesis_note_3d
docs/THETA_CROSS_PLANE_PAIR_DENSITY_GEOMETRIC_ODDNESS_CONNECTOR_TRANSPORT_BOUNDED_THEOREM_NOTE_2026-07-02.md	archive/notes/docs/THETA_CROSS_PLANE_PAIR_DENSITY_GEOMETRIC_ODDNESS_CONNECTOR_TRANSPORT_BOUNDED_THEOREM_NOTE_2026-07-02.md	theta_cross_plane_pair_density_geometric_oddness_connector_transport_bounded_theorem_note_2026-07-02
docs/THETA_CROSS_SECTOR_DETERMINANT_FORCING_PROPERTY_CHARACTERIZATION_BOUNDED_THEOREM_NOTE_2026-07-17.md	archive/notes/docs/THETA_CROSS_SECTOR_DETERMINANT_FORCING_PROPERTY_CHARACTERIZATION_BOUNDED_THEOREM_NOTE_2026-07-17.md	theta_cross_sector_determinant_forcing_property_characterization_bounded_theorem_note_2026-07-17
docs/THETA_DEFECT_CLOSURE_FROM_ADMISSIBILITY_TEST_BOUNDED_NOTE_2026-07-03.md	archive/notes/docs/THETA_DEFECT_CLOSURE_FROM_ADMISSIBILITY_TEST_BOUNDED_NOTE_2026-07-03.md	theta_defect_closure_from_admissibility_test_bounded_note_2026-07-03
docs/THETA_DEFECT_CLOSURE_NECESSITY_LINKING_OBSTRUCTION_BOUNDED_THEOREM_NOTE_2026-07-02.md	archive/notes/docs/THETA_DEFECT_CLOSURE_NECESSITY_LINKING_OBSTRUCTION_BOUNDED_THEOREM_NOTE_2026-07-02.md	theta_defect_closure_necessity_linking_obstruction_bounded_theorem_note_2026-07-02
docs/THETA_G1_DEFECT_CLOSURE_CURRENT_SURFACE_NO_GO_NOTE_2026-07-04.md	archive/notes/docs/THETA_G1_DEFECT_CLOSURE_CURRENT_SURFACE_NO_GO_NOTE_2026-07-04.md	theta_g1_defect_closure_current_surface_no_go_note_2026-07-04
docs/THETA_G3_PHASE_INSERTION_CURRENT_SURFACE_NO_GO_NOTE_2026-07-04.md	archive/notes/docs/THETA_G3_PHASE_INSERTION_CURRENT_SURFACE_NO_GO_NOTE_2026-07-04.md	theta_g3_phase_insertion_current_surface_no_go_note_2026-07-04
docs/THETA_GLUING_FLOW_NONSOURCING_PAIR_LEVEL_SEED_LOCALIZATION_BOUNDED_THEOREM_NOTE_2026-07-02.md	archive/notes/docs/THETA_GLUING_FLOW_NONSOURCING_PAIR_LEVEL_SEED_LOCALIZATION_BOUNDED_THEOREM_NOTE_2026-07-02.md	theta_gluing_flow_nonsourcing_pair_level_seed_localization_bounded_theorem_note_2026-07-02
docs/THETA_MASS_DETERMINANT_AXIOM_UPDATE_NO_GO_NOTE_2026-07-04.md	archive/notes/docs/THETA_MASS_DETERMINANT_AXIOM_UPDATE_NO_GO_NOTE_2026-07-04.md	theta_mass_determinant_axiom_update_no_go_note_2026-07-04
docs/THETA_MASS_SIDE_COMPOSITION_CLOSE_ON_SHARED_OCCUPANCY_BRIDGE_BOUNDED_NOTE_2026-07-03.md	archive/notes/docs/THETA_MASS_SIDE_COMPOSITION_CLOSE_ON_SHARED_OCCUPANCY_BRIDGE_BOUNDED_NOTE_2026-07-03.md	theta_mass_side_composition_close_on_shared_occupancy_bridge_bounded_note_2026-07-03
docs/THETA_NATIVE_RECORD_TIME_SPATIAL_SPLIT_ORIENTATION_IMPORT_LOCALIZATION_CONJUGATION_PARITY_BRIDGE_BOUNDED_THEOREM_NOTE_2026-07-03.md	archive/notes/docs/THETA_NATIVE_RECORD_TIME_SPATIAL_SPLIT_ORIENTATION_IMPORT_LOCALIZATION_CONJUGATION_PARITY_BRIDGE_BOUNDED_THEOREM_NOTE_2026-07-03.md	theta_native_record_time_spatial_split_orientation_import_localization_conjugation_parity_bridge_bounded_theorem_note_2026-07-03
docs/THETA_PHASE_INSERTION_TRIALITY_FLIP_TABLE_SINGLE_LINK_NOGO_CHAIN_READER_BOUNDED_THEOREM_NOTE_2026-07-02.md	archive/notes/docs/THETA_PHASE_INSERTION_TRIALITY_FLIP_TABLE_SINGLE_LINK_NOGO_CHAIN_READER_BOUNDED_THEOREM_NOTE_2026-07-02.md	theta_phase_insertion_triality_flip_table_single_link_nogo_chain_reader_bounded_theorem_note_2026-07-02
docs/THETA_POST_ERASURE_ODD_SIDE_LOG_EQUIVALENCE_AND_ADDITIVITY_INCOMPATIBILITY_BOUNDED_THEOREM_NOTE_2026-07-18.md	archive/notes/docs/THETA_POST_ERASURE_ODD_SIDE_LOG_EQUIVALENCE_AND_ADDITIVITY_INCOMPATIBILITY_BOUNDED_THEOREM_NOTE_2026-07-18.md	theta_post_erasure_odd_side_log_equivalence_and_additivity_incompatibility_bounded_theorem_note_2026-07-18
docs/THETA_RETIREMENT_BASIS_REMATCH_2026-07-04.md	archive/notes/docs/THETA_RETIREMENT_BASIS_REMATCH_2026-07-04.md	theta_retirement_basis_rematch_2026-07-04
docs/THETA_SECTOR_LEVEL_LOOP_INSERTIONS_CLOSED_SURFACE_BOUNDED_THEOREM_NOTE_2026-07-02.md	archive/notes/docs/THETA_SECTOR_LEVEL_LOOP_INSERTIONS_CLOSED_SURFACE_BOUNDED_THEOREM_NOTE_2026-07-02.md	theta_sector_level_loop_insertions_closed_surface_bounded_theorem_note_2026-07-02
docs/THETA_SEED_SPECTRAL_REALITY_CONJUGATION_SYMMETRIC_SUPPLIED_STRUCTURE_BOUNDED_THEOREM_NOTE_2026-07-02.md	archive/notes/docs/THETA_SEED_SPECTRAL_REALITY_CONJUGATION_SYMMETRIC_SUPPLIED_STRUCTURE_BOUNDED_THEOREM_NOTE_2026-07-02.md	theta_seed_spectral_reality_conjugation_symmetric_supplied_structure_bounded_theorem_note_2026-07-02
docs/THETA_SU3_LINK_STAR_PAIRWISE_REDUCTION_LOCAL_RIGIDITY_TRANSPOSE_SHEET_AND_CHIRAL_SIGN_ESCAPE_BOUNDED_THEOREM_NOTE_2026-07-02.md	archive/notes/docs/THETA_SU3_LINK_STAR_PAIRWISE_REDUCTION_LOCAL_RIGIDITY_TRANSPOSE_SHEET_AND_CHIRAL_SIGN_ESCAPE_BOUNDED_THEOREM_NOTE_2026-07-02.md	theta_su3_link_star_pairwise_reduction_local_rigidity_transpose_sheet_and_chiral_sign_escape_bounded_theorem_note_2026-07-02
docs/THETA_TRANSPOSE_SHEET_UNIQUENESS_FIBER_EVIDENCE_BOUNDED_NOTE_2026-07-02.md	archive/notes/docs/THETA_TRANSPOSE_SHEET_UNIQUENESS_FIBER_EVIDENCE_BOUNDED_NOTE_2026-07-02.md	theta_transpose_sheet_uniqueness_fiber_evidence_bounded_note_2026-07-02
docs/THREE_GENERATION_OBSERVABLE_DEP_CHAIN_AUDIT_NOTE_2026-05-02.md	archive/notes/docs/THREE_GENERATION_OBSERVABLE_DEP_CHAIN_AUDIT_NOTE_2026-05-02.md	three_generation_observable_dep_chain_audit_note_2026-05-02
docs/THREE_GENERATION_ROOTING_UNDEFINED_NARROW_THEOREM_NOTE_2026-05-26.md	archive/notes/docs/THREE_GENERATION_ROOTING_UNDEFINED_NARROW_THEOREM_NOTE_2026-05-26.md	three_generation_rooting_undefined_narrow_theorem_note_2026-05-26
docs/TICK_CELL_SELECTION_BY_TRANSLATION_AND_VARIATION_CLAUSES_NARROW_THEOREM_NOTE_2026-07-09.md	archive/notes/docs/TICK_CELL_SELECTION_BY_TRANSLATION_AND_VARIATION_CLAUSES_NARROW_THEOREM_NOTE_2026-07-09.md	tick_cell_selection_by_translation_and_variation_clauses_narrow_theorem_note_2026-07-09
docs/TIME_AXIS_IMPORT_BUNDLE_THREE_LEG_DISCLOSURE_BOUNDED_NOTE_2026-07-17.md	archive/notes/docs/TIME_AXIS_IMPORT_BUNDLE_THREE_LEG_DISCLOSURE_BOUNDED_NOTE_2026-07-17.md	time_axis_import_bundle_three_leg_disclosure_bounded_note_2026-07-17
docs/TRUNCATED_FOCK_COMPONENT_NAMING_NOTE_2026-07-28.md	archive/notes/docs/TRUNCATED_FOCK_COMPONENT_NAMING_NOTE_2026-07-28.md	truncated_fock_component_naming_note_2026-07-28
docs/TRUNCATED_FOCK_EQUAL_SPLIT_SUPPORT_NOTE_2026-07-28.md	archive/notes/docs/TRUNCATED_FOCK_EQUAL_SPLIT_SUPPORT_NOTE_2026-07-28.md	truncated_fock_equal_split_support_note_2026-07-28
docs/TRUNCATED_FOCK_FIXTURE_VERIFIER_NOTE_2026-07-28.md	archive/notes/docs/TRUNCATED_FOCK_FIXTURE_VERIFIER_NOTE_2026-07-28.md	truncated_fock_fixture_verifier_note_2026-07-28
docs/TWO_BAND_BDG_STRICT_TIME_FLAT_SPECTRUM_AND_CUBIC_SCALAR_BOUNDARY_BOUNDED_THEOREM_NOTE_2026-07-12.md	archive/notes/docs/TWO_BAND_BDG_STRICT_TIME_FLAT_SPECTRUM_AND_CUBIC_SCALAR_BOUNDARY_BOUNDED_THEOREM_NOTE_2026-07-12.md	two_band_bdg_strict_time_flat_spectrum_and_cubic_scalar_boundary_bounded_theorem_note_2026-07-12
docs/TWO_SEAM_FOREST_GAUGE_POLYAKOV_HOLONOMY_PRESERVATION_BOUNDED_THEOREM_NOTE_2026-07-12.md	archive/notes/docs/TWO_SEAM_FOREST_GAUGE_POLYAKOV_HOLONOMY_PRESERVATION_BOUNDED_THEOREM_NOTE_2026-07-12.md	two_seam_forest_gauge_polyakov_holonomy_preservation_bounded_theorem_note_2026-07-12
docs/UNIFIED_BASIN_SIGNED_SOURCE_CONTROL_SUPPORT_NOTE_2026-04-30.md	archive/notes/docs/UNIFIED_BASIN_SIGNED_SOURCE_CONTROL_SUPPORT_NOTE_2026-04-30.md	unified_basin_signed_source_control_support_note_2026-04-30
docs/UNIVERSAL_GR_BLOCK_NORMALIZATION_NOTE.md	archive/notes/docs/UNIVERSAL_GR_BLOCK_NORMALIZATION_NOTE.md	universal_gr_block_normalization_note
docs/UNIVERSAL_GR_CASIMIR_BLOCK_LOCALIZATION_CONTEXT_NOTE_2026-07-11.md	archive/notes/docs/UNIVERSAL_GR_CASIMIR_BLOCK_LOCALIZATION_CONTEXT_NOTE_2026-07-11.md	universal_gr_casimir_block_localization_context_note_2026-07-11
docs/UNIVERSAL_GR_CONFORMAL_MODE_SIGN_DIAGNOSTIC_BOUNDED_THEOREM_NOTE_2026-06-08.md	archive/notes/docs/UNIVERSAL_GR_CONFORMAL_MODE_SIGN_DIAGNOSTIC_BOUNDED_THEOREM_NOTE_2026-06-08.md	universal_gr_conformal_mode_sign_diagnostic_bounded_theorem_note_2026-06-08
docs/WALLS_ATTACK_20260702_ADJUDICATION_BRIEF_META_NOTE_2026-07-02.md	archive/notes/docs/WALLS_ATTACK_20260702_ADJUDICATION_BRIEF_META_NOTE_2026-07-02.md	walls_attack_20260702_adjudication_brief_meta_note_2026-07-02
docs/WAVE_DIRECT_DM_FAMILY_SCOUT_NOTE.md	archive/notes/docs/WAVE_DIRECT_DM_FAMILY_SCOUT_NOTE.md	wave_direct_dm_family_scout_note
docs/WAVE_DIRECT_DM_H025_FAM1_SEED0_CONTROL_NOTE.md	archive/notes/docs/WAVE_DIRECT_DM_H025_FAM1_SEED0_CONTROL_NOTE.md	wave_direct_dm_h025_fam1_seed0_control_note
docs/WAVE_DIRECT_DM_H025_FAM1_SEED1_CONTROL_NOTE.md	archive/notes/docs/WAVE_DIRECT_DM_H025_FAM1_SEED1_CONTROL_NOTE.md	wave_direct_dm_h025_fam1_seed1_control_note
docs/WAVE_DIRECT_DM_H025_FAM2_SEED0_BOUNDARY_NOTE.md	archive/notes/docs/WAVE_DIRECT_DM_H025_FAM2_SEED0_BOUNDARY_NOTE.md	wave_direct_dm_h025_fam2_seed0_boundary_note
docs/WAVE_DIRECT_DM_H025_FAM2_SEED0_CONTROL_NOTE.md	archive/notes/docs/WAVE_DIRECT_DM_H025_FAM2_SEED0_CONTROL_NOTE.md	wave_direct_dm_h025_fam2_seed0_control_note
docs/WAVE_DIRECT_DM_H025_FAM2_SEED1_CONTROL_NOTE.md	archive/notes/docs/WAVE_DIRECT_DM_H025_FAM2_SEED1_CONTROL_NOTE.md	wave_direct_dm_h025_fam2_seed1_control_note
docs/WAVE_DIRECT_DM_H025_FAM2_SEED1_FOLLOWUP_NOTE.md	archive/notes/docs/WAVE_DIRECT_DM_H025_FAM2_SEED1_FOLLOWUP_NOTE.md	wave_direct_dm_h025_fam2_seed1_followup_note
docs/WAVE_DIRECT_DM_H025_FAM2_TWO_POINT_SYNTHESIS_NOTE.md	archive/notes/docs/WAVE_DIRECT_DM_H025_FAM2_TWO_POINT_SYNTHESIS_NOTE.md	wave_direct_dm_h025_fam2_two_point_synthesis_note
docs/WAVE_DIRECT_DM_H025_FAM3_SEED0_CONTROL_NOTE.md	archive/notes/docs/WAVE_DIRECT_DM_H025_FAM3_SEED0_CONTROL_NOTE.md	wave_direct_dm_h025_fam3_seed0_control_note
docs/WAVE_DIRECT_DM_H025_FAM3_SEED1_CONTROL_NOTE.md	archive/notes/docs/WAVE_DIRECT_DM_H025_FAM3_SEED1_CONTROL_NOTE.md	wave_direct_dm_h025_fam3_seed1_control_note
docs/WAVE_DIRECT_DM_H025_FAMILY_PAIR_SYNTHESIS_NOTE.md	archive/notes/docs/WAVE_DIRECT_DM_H025_FAMILY_PAIR_SYNTHESIS_NOTE.md	wave_direct_dm_h025_family_pair_synthesis_note
docs/WAVE_DIRECT_DM_H025_FEASIBILITY_NOTE.md	archive/notes/docs/WAVE_DIRECT_DM_H025_FEASIBILITY_NOTE.md	wave_direct_dm_h025_feasibility_note
docs/WAVE_DIRECT_DM_H025_HIGH_BAND_BOUNDARY_NOTE.md	archive/notes/docs/WAVE_DIRECT_DM_H025_HIGH_BAND_BOUNDARY_NOTE.md	wave_direct_dm_h025_high_band_boundary_note
docs/WAVE_DIRECT_DM_H025_LOW_BAND_RETENTION_NOTE.md	archive/notes/docs/WAVE_DIRECT_DM_H025_LOW_BAND_RETENTION_NOTE.md	wave_direct_dm_h025_low_band_retention_note
docs/WAVE_DIRECT_DM_H025_SEED0_CROSSFAMILY_NOTE.md	archive/notes/docs/WAVE_DIRECT_DM_H025_SEED0_CROSSFAMILY_NOTE.md	wave_direct_dm_h025_seed0_crossfamily_note
docs/WAVE_DIRECT_DM_H025_SEED1_CROSSFAMILY_NOTE.md	archive/notes/docs/WAVE_DIRECT_DM_H025_SEED1_CROSSFAMILY_NOTE.md	wave_direct_dm_h025_seed1_crossfamily_note
docs/WAVE_DIRECT_DM_H025_TWO_POINT_SYNTHESIS_NOTE.md	archive/notes/docs/WAVE_DIRECT_DM_H025_TWO_POINT_SYNTHESIS_NOTE.md	wave_direct_dm_h025_two_point_synthesis_note
docs/WAVE_DIRECT_DM_NEXT_WIDENING_RECOMMENDATION.md	archive/notes/docs/WAVE_DIRECT_DM_NEXT_WIDENING_RECOMMENDATION.md	wave_direct_dm_next_widening_recommendation
docs/WAVE_STATIC_MATRIXFREE_SHARED_GEOMETRY_COMPARE_NOTE.md	archive/notes/docs/WAVE_STATIC_MATRIXFREE_SHARED_GEOMETRY_COMPARE_NOTE.md	wave_static_matrixfree_shared_geometry_compare_note
docs/WEAK_FIELD_ACTION_SQUARE_ROOT_PLACEMENT_CORRECTION_BOUNDED_THEOREM_NOTE_2026-07-26.md	archive/notes/docs/WEAK_FIELD_ACTION_SQUARE_ROOT_PLACEMENT_CORRECTION_BOUNDED_THEOREM_NOTE_2026-07-26.md	weak_field_action_square_root_placement_correction_bounded_theorem_note_2026-07-26
docs/WEAK_FIELD_OPTICAL_METRIC_ANSATZ_DIAGNOSTIC_BOUNDED_THEOREM_NOTE_2026-06-09.md	archive/notes/docs/WEAK_FIELD_OPTICAL_METRIC_ANSATZ_DIAGNOSTIC_BOUNDED_THEOREM_NOTE_2026-06-09.md	weak_field_optical_metric_ansatz_diagnostic_bounded_theorem_note_2026-06-09
docs/WEP_SOURCE_REDUCTION_FINITE_SPACING_BOUNDARY_SCALING_WINDOW_BOUNDED_NOTE_2026-07-08.md	archive/notes/docs/WEP_SOURCE_REDUCTION_FINITE_SPACING_BOUNDARY_SCALING_WINDOW_BOUNDED_NOTE_2026-07-08.md	wep_source_reduction_finite_spacing_boundary_scaling_window_bounded_note_2026-07-08
docs/WILSON_STAGGERED_DEEP_FIBER_COARSE_GAUGE_GIBBSIANNESS_BOUNDED_THEOREM_NOTE_2026-07-12.md	archive/notes/docs/WILSON_STAGGERED_DEEP_FIBER_COARSE_GAUGE_GIBBSIANNESS_BOUNDED_THEOREM_NOTE_2026-07-12.md	wilson_staggered_deep_fiber_coarse_gauge_gibbsianness_bounded_theorem_note_2026-07-12
docs/WILSON_TEMPORAL_KERNEL_CASIMIR_GENERATOR_BETA_GBARE_TRANSPORT_THEOREM_NOTE_2026-07-01.md	archive/notes/docs/WILSON_TEMPORAL_KERNEL_CASIMIR_GENERATOR_BETA_GBARE_TRANSPORT_THEOREM_NOTE_2026-07-01.md	wilson_temporal_kernel_casimir_generator_beta_gbare_transport_theorem_note_2026-07-01
docs/W_SCALE_ABSORPTION_TWO_CELL_READOUT_CLASSIFICATION_BOUNDED_NOTE_2026-07-02.md	archive/notes/docs/W_SCALE_ABSORPTION_TWO_CELL_READOUT_CLASSIFICATION_BOUNDED_NOTE_2026-07-02.md	w_scale_absorption_two_cell_readout_classification_bounded_note_2026-07-02
docs/YT_QUBIT_DEMOCRATIC_TOP_COEFFICIENT_CANDIDATE_NOTE_2026-05-25.md	archive/notes/docs/YT_QUBIT_DEMOCRATIC_TOP_COEFFICIENT_CANDIDATE_NOTE_2026-05-25.md	yt_qubit_democratic_top_coefficient_candidate_note_2026-05-25
docs/YT_QUBIT_SIGNED_LINEAR_SOURCE_RESPONSE_BRIDGE_CANDIDATE_NOTE_2026-05-25.md	archive/notes/docs/YT_QUBIT_SIGNED_LINEAR_SOURCE_RESPONSE_BRIDGE_CANDIDATE_NOTE_2026-05-25.md	yt_qubit_signed_linear_source_response_bridge_candidate_note_2026-05-25
docs/YT_SOURCE_COVARIANCE_NORMALIZATION_SUPPORT_NOTE_2026-05-24.md	archive/notes/docs/YT_SOURCE_COVARIANCE_NORMALIZATION_SUPPORT_NOTE_2026-05-24.md	yt_source_covariance_normalization_support_note_2026-05-24
docs/YT_SOURCE_COVARIANCE_NORMALIZATION_SUPPORT_RUNNER_HASH_HYGIENE_COMPANION_NOTE_2026-06-04.md	archive/notes/docs/YT_SOURCE_COVARIANCE_NORMALIZATION_SUPPORT_RUNNER_HASH_HYGIENE_COMPANION_NOTE_2026-06-04.md	yt_source_covariance_normalization_support_runner_hash_hygiene_companion_note_2026-06-04
docs/YT_SOURCE_MEASURE_TIER_A_SOURCE_UNIT_BOUNDARY_NOTE_2026-05-30.md	archive/notes/docs/YT_SOURCE_MEASURE_TIER_A_SOURCE_UNIT_BOUNDARY_NOTE_2026-05-30.md	yt_source_measure_tier_a_source_unit_boundary_note_2026-05-30
docs/YT_TIER_A_SOURCE_ACTION_TOP_PREMISE_CLOSURE_NOTE_2026-05-29.md	archive/notes/docs/YT_TIER_A_SOURCE_ACTION_TOP_PREMISE_CLOSURE_NOTE_2026-05-29.md	yt_tier_a_source_action_top_premise_closure_note_2026-05-29
docs/YT_TOP_COEFFICIENT_FULL_COURT_PRESS_NOTE_2026-05-25.md	archive/notes/docs/YT_TOP_COEFFICIENT_FULL_COURT_PRESS_NOTE_2026-05-25.md	yt_top_coefficient_full_court_press_note_2026-05-25
docs/work_history/CABIBBO_JARLSKOG_ROUTE_NOTE_2026-04-12.md	archive/notes/docs/work_history/CABIBBO_JARLSKOG_ROUTE_NOTE_2026-04-12.md	work_history.cabibbo_jarlskog_route_note_2026-04-12
docs/work_history/GW_ECHO_TIMING_ROUTE_NOTE.md	archive/notes/docs/work_history/GW_ECHO_TIMING_ROUTE_NOTE.md	work_history.gw_echo_timing_route_note
docs/work_history/dm/README.md	archive/notes/docs/work_history/dm/README.md	work_history.dm.readme
docs/work_history/pf/README.md	archive/notes/docs/work_history/pf/README.md	work_history.pf.readme
docs/work_history/repo/CANONICAL_WEAVE_AUDIT_2026-05-03.md	archive/notes/docs/work_history/repo/CANONICAL_WEAVE_AUDIT_2026-05-03.md	work_history.repo.canonical_weave_audit_2026-05-03
docs/work_history/repo/DM_LANE_WEAVE_TRIAGE_2026-05-03.md	archive/notes/docs/work_history/repo/DM_LANE_WEAVE_TRIAGE_2026-05-03.md	work_history.repo.dm_lane_weave_triage_2026-05-03
docs/work_history/repo/backlog/CLAUDE_BACKLOG_BRIEF_2026-04-10.md	archive/notes/docs/work_history/repo/backlog/CLAUDE_BACKLOG_BRIEF_2026-04-10.md	work_history.repo.backlog.claude_backlog_brief_2026-04-10
docs/work_history/repo/backlog/GRAPH_OBSERVABLES_WORK_BACKLOG.md	archive/notes/docs/work_history/repo/backlog/GRAPH_OBSERVABLES_WORK_BACKLOG.md	work_history.repo.backlog.graph_observables_work_backlog
docs/work_history/repo/backlog/WORK_BACKLOG_2026-04-10.md	archive/notes/docs/work_history/repo/backlog/WORK_BACKLOG_2026-04-10.md	work_history.repo.backlog.work_backlog_2026-04-10
docs/work_history/repo/review_feedback/ABELIAN_COMPATIBLE_SEED_BELL_MERGE_CYCLE15_NOTE_2026-07-14.md	archive/notes/docs/work_history/repo/review_feedback/ABELIAN_COMPATIBLE_SEED_BELL_MERGE_CYCLE15_NOTE_2026-07-14.md	work_history.repo.review_feedback.abelian_compatible_seed_bell_merge_cycle15_note_2026-07-14
docs/work_history/repo/review_feedback/ACTIVE_CUBIC_SOURCE_RESPONSE_CYCLE211_NOTE_2026-07-16.md	archive/notes/docs/work_history/repo/review_feedback/ACTIVE_CUBIC_SOURCE_RESPONSE_CYCLE211_NOTE_2026-07-16.md	work_history.repo.review_feedback.active_cubic_source_response_cycle211_note_2026-07-16
docs/work_history/repo/review_feedback/ACTUAL_FIVE_PORT_OPEN_RLB_MACROSTEP_AUDIT_CYCLE99_NOTE_2026-07-15.md	archive/notes/docs/work_history/repo/review_feedback/ACTUAL_FIVE_PORT_OPEN_RLB_MACROSTEP_AUDIT_CYCLE99_NOTE_2026-07-15.md	work_history.repo.review_feedback.actual_five_port_open_rlb_macrostep_audit_cycle99_note_2026-07-15
docs/work_history/repo/review_feedback/ADAPTIVE_RECORD_PROTOCOL_QCA_FULL_ABSTRACTION_THEOREM_NOTE_2026-07-14.md	archive/notes/docs/work_history/repo/review_feedback/ADAPTIVE_RECORD_PROTOCOL_QCA_FULL_ABSTRACTION_THEOREM_NOTE_2026-07-14.md	work_history.repo.review_feedback.adaptive_record_protocol_qca_full_abstraction_theorem_note_2026-07-14
docs/work_history/repo/review_feedback/ADMISSIBILITY_RECORD_CONTINUATION_AXIOM_DRAFT_NOTE_2026-07-13.md	archive/notes/docs/work_history/repo/review_feedback/ADMISSIBILITY_RECORD_CONTINUATION_AXIOM_DRAFT_NOTE_2026-07-13.md	work_history.repo.review_feedback.admissibility_record_continuation_axiom_draft_note_2026-07-13
docs/work_history/repo/review_feedback/ADMISSIBILITY_SYMBOL_DEFINABILITY_AND_EXACT_LAW_REFERENCE_CHALLENGE_NOTE_2026-07-14.md	archive/notes/docs/work_history/repo/review_feedback/ADMISSIBILITY_SYMBOL_DEFINABILITY_AND_EXACT_LAW_REFERENCE_CHALLENGE_NOTE_2026-07-14.md	work_history.repo.review_feedback.admissibility_symbol_definability_and_exact_law_reference_challenge_note_2026-07-14
docs/work_history/repo/review_feedback/ALL_NINE_SIX_CONTEXT_SHARED_ANCESTRY_CYCLE177_NOTE_2026-07-16.md	archive/notes/docs/work_history/repo/review_feedback/ALL_NINE_SIX_CONTEXT_SHARED_ANCESTRY_CYCLE177_NOTE_2026-07-16.md	work_history.repo.review_feedback.all_nine_six_context_shared_ancestry_cycle177_note_2026-07-16
docs/work_history/repo/review_feedback/ALL_NINE_SIX_CONTEXT_SHARED_ANCESTRY_CYCLE177_SCOPE_NOTE_2026-07-16.md	archive/notes/docs/work_history/repo/review_feedback/ALL_NINE_SIX_CONTEXT_SHARED_ANCESTRY_CYCLE177_SCOPE_NOTE_2026-07-16.md	work_history.repo.review_feedback.all_nine_six_context_shared_ancestry_cycle177_scope_note_2026-07-16
docs/work_history/repo/review_feedback/APPEND_ONLY_CAUSAL_BELL_WIRE_CYCLE13_NOTE_2026-07-14.md	archive/notes/docs/work_history/repo/review_feedback/APPEND_ONLY_CAUSAL_BELL_WIRE_CYCLE13_NOTE_2026-07-14.md	work_history.repo.review_feedback.append_only_causal_bell_wire_cycle13_note_2026-07-14
docs/work_history/repo/review_feedback/ARCHIVE_CARRIER_SOURCE_LEDGER_CYCLE227_NOTE_2026-07-17.md	archive/notes/docs/work_history/repo/review_feedback/ARCHIVE_CARRIER_SOURCE_LEDGER_CYCLE227_NOTE_2026-07-17.md	work_history.repo.review_feedback.archive_carrier_source_ledger_cycle227_note_2026-07-17
docs/work_history/repo/review_feedback/AUTONOMOUS_CUBIC_FIELD_EMISSION_CYCLE214_NOTE_2026-07-16.md	archive/notes/docs/work_history/repo/review_feedback/AUTONOMOUS_CUBIC_FIELD_EMISSION_CYCLE214_NOTE_2026-07-16.md	work_history.repo.review_feedback.autonomous_cubic_field_emission_cycle214_note_2026-07-16
docs/work_history/repo/review_feedback/AUTONOMOUS_HOMOGENEOUS_BINARY_NUCLEATION_NOTE_2026-07-14.md	archive/notes/docs/work_history/repo/review_feedback/AUTONOMOUS_HOMOGENEOUS_BINARY_NUCLEATION_NOTE_2026-07-14.md	work_history.repo.review_feedback.autonomous_homogeneous_binary_nucleation_note_2026-07-14
docs/work_history/repo/review_feedback/AUTONOMOUS_SELF_CLOSING_DIAMOND_CYCLE17_NOTE_2026-07-14.md	archive/notes/docs/work_history/repo/review_feedback/AUTONOMOUS_SELF_CLOSING_DIAMOND_CYCLE17_NOTE_2026-07-14.md	work_history.repo.review_feedback.autonomous_self_closing_diamond_cycle17_note_2026-07-14
docs/work_history/repo/review_feedback/AUTONOMOUS_SIGNED_ROW_RECURRENT_SIDECAR_CYCLE171_NOTE_2026-07-16.md	archive/notes/docs/work_history/repo/review_feedback/AUTONOMOUS_SIGNED_ROW_RECURRENT_SIDECAR_CYCLE171_NOTE_2026-07-16.md	work_history.repo.review_feedback.autonomous_signed_row_recurrent_sidecar_cycle171_note_2026-07-16
docs/work_history/repo/review_feedback/AUXILIARY_PAIR_COMPLETION_GATE_CYCLE54_NOTE_2026-07-14.md	archive/notes/docs/work_history/repo/review_feedback/AUXILIARY_PAIR_COMPLETION_GATE_CYCLE54_NOTE_2026-07-14.md	work_history.repo.review_feedback.auxiliary_pair_completion_gate_cycle54_note_2026-07-14
docs/work_history/repo/review_feedback/AUX_GATED_CANDIDATE_TRANSPORT_CYCLE95_NOTE_2026-07-15.md	archive/notes/docs/work_history/repo/review_feedback/AUX_GATED_CANDIDATE_TRANSPORT_CYCLE95_NOTE_2026-07-15.md	work_history.repo.review_feedback.aux_gated_candidate_transport_cycle95_note_2026-07-15
docs/work_history/repo/review_feedback/BARE_METAL_LITERAL_EGRESS_BIND_CYCLE190_NOTE_2026-07-16.md	archive/notes/docs/work_history/repo/review_feedback/BARE_METAL_LITERAL_EGRESS_BIND_CYCLE190_NOTE_2026-07-16.md	work_history.repo.review_feedback.bare_metal_literal_egress_bind_cycle190_note_2026-07-16
docs/work_history/repo/review_feedback/BARE_METAL_RECORD_ACTUALIZATION_PRIMARY_SOURCE_AUDIT_2026-07-14.md	archive/notes/docs/work_history/repo/review_feedback/BARE_METAL_RECORD_ACTUALIZATION_PRIMARY_SOURCE_AUDIT_2026-07-14.md	work_history.repo.review_feedback.bare_metal_record_actualization_primary_source_audit_2026-07-14
docs/work_history/repo/review_feedback/BARE_METAL_RECORD_FORMATION_FINAL_PROBE_RESULTS_AND_AXIOM_NEED_NOTE_2026-07-13.md	archive/notes/docs/work_history/repo/review_feedback/BARE_METAL_RECORD_FORMATION_FINAL_PROBE_RESULTS_AND_AXIOM_NEED_NOTE_2026-07-13.md	work_history.repo.review_feedback.bare_metal_record_formation_final_probe_results_and_axiom_need_note_2026-07-13
docs/work_history/repo/review_feedback/BARE_METAL_RECORD_FORMATION_MINIMUM_VIABLE_PROBE_PROGRAM_NOTE_2026-07-13.md	archive/notes/docs/work_history/repo/review_feedback/BARE_METAL_RECORD_FORMATION_MINIMUM_VIABLE_PROBE_PROGRAM_NOTE_2026-07-13.md	work_history.repo.review_feedback.bare_metal_record_formation_minimum_viable_probe_program_note_2026-07-13
docs/work_history/repo/review_feedback/BLIND_RESIDUAL_ATOM_PACKING_AND_ONE_LAW_CONSTITUTIONAL_SCHEMA_NOTE_2026-07-14.md	archive/notes/docs/work_history/repo/review_feedback/BLIND_RESIDUAL_ATOM_PACKING_AND_ONE_LAW_CONSTITUTIONAL_SCHEMA_NOTE_2026-07-14.md	work_history.repo.review_feedback.blind_residual_atom_packing_and_one_law_constitutional_schema_note_2026-07-14
docs/work_history/repo/review_feedback/C129_TWO_PARENT_CORNER_RELOCATED_CAGE_SEED_CYCLE132_NOTE_2026-07-15.md	archive/notes/docs/work_history/repo/review_feedback/C129_TWO_PARENT_CORNER_RELOCATED_CAGE_SEED_CYCLE132_NOTE_2026-07-15.md	work_history.repo.review_feedback.c129_two_parent_corner_relocated_cage_seed_cycle132_note_2026-07-15
docs/work_history/repo/review_feedback/C132_CAGE_FIRST_BIT_SUCCESSOR_BOUNDARY_CYCLE135_NOTE_2026-07-15.md	archive/notes/docs/work_history/repo/review_feedback/C132_CAGE_FIRST_BIT_SUCCESSOR_BOUNDARY_CYCLE135_NOTE_2026-07-15.md	work_history.repo.review_feedback.c132_cage_first_bit_successor_boundary_cycle135_note_2026-07-15
docs/work_history/repo/review_feedback/C135_SIX_GUARD_H0_FACTORIZED_FULL_GRAPH_CYCLE136_NOTE_2026-07-15.md	archive/notes/docs/work_history/repo/review_feedback/C135_SIX_GUARD_H0_FACTORIZED_FULL_GRAPH_CYCLE136_NOTE_2026-07-15.md	work_history.repo.review_feedback.c135_six_guard_h0_factorized_full_graph_cycle136_note_2026-07-15
docs/work_history/repo/review_feedback/CANDIDATE_SELECTED_COMMON_REFERENCE_PORT_CYCLE120_NOTE_2026-07-15.md	archive/notes/docs/work_history/repo/review_feedback/CANDIDATE_SELECTED_COMMON_REFERENCE_PORT_CYCLE120_NOTE_2026-07-15.md	work_history.repo.review_feedback.candidate_selected_common_reference_port_cycle120_note_2026-07-15
docs/work_history/repo/review_feedback/CANONICAL_LAW_COMPLETENESS_CONTRACT_NOTE_2026-07-13.md	archive/notes/docs/work_history/repo/review_feedback/CANONICAL_LAW_COMPLETENESS_CONTRACT_NOTE_2026-07-13.md	work_history.repo.review_feedback.canonical_law_completeness_contract_note_2026-07-13
docs/work_history/repo/review_feedback/CARRIED_INTERNAL_SPECIES_SOURCE_FIELD_LEDGER_REPAIR_NOTE_2026-07-17.md	archive/notes/docs/work_history/repo/review_feedback/CARRIED_INTERNAL_SPECIES_SOURCE_FIELD_LEDGER_REPAIR_NOTE_2026-07-17.md	work_history.repo.review_feedback.carried_internal_species_source_field_ledger_repair_note_2026-07-17
docs/work_history/repo/review_feedback/CARRIED_RELATIVE_EXTENDED_GREEN_BRANCH_HUNT_NOTE_2026-07-17.md	archive/notes/docs/work_history/repo/review_feedback/CARRIED_RELATIVE_EXTENDED_GREEN_BRANCH_HUNT_NOTE_2026-07-17.md	work_history.repo.review_feedback.carried_relative_extended_green_branch_hunt_note_2026-07-17
docs/work_history/repo/review_feedback/CARRIED_RELATIVE_FROZEN_BRANCH_OBSERVABLE_CYCLE300_NOTE_2026-07-17.md	archive/notes/docs/work_history/repo/review_feedback/CARRIED_RELATIVE_FROZEN_BRANCH_OBSERVABLE_CYCLE300_NOTE_2026-07-17.md	work_history.repo.review_feedback.carried_relative_frozen_branch_observable_cycle300_note_2026-07-17
docs/work_history/repo/review_feedback/CARRIED_SITE_RESERVOIR_INTERFACE_MAPPING_NOTE_2026-07-17.md	archive/notes/docs/work_history/repo/review_feedback/CARRIED_SITE_RESERVOIR_INTERFACE_MAPPING_NOTE_2026-07-17.md	work_history.repo.review_feedback.carried_site_reservoir_interface_mapping_note_2026-07-17
docs/work_history/repo/review_feedback/CARRIED_SOURCE_RECURRENT_TAGGED_BLOCK_CYCLE316_NOTE_2026-07-18.md	archive/notes/docs/work_history/repo/review_feedback/CARRIED_SOURCE_RECURRENT_TAGGED_BLOCK_CYCLE316_NOTE_2026-07-18.md	work_history.repo.review_feedback.carried_source_recurrent_tagged_block_cycle316_note_2026-07-18
docs/work_history/repo/review_feedback/CARRIED_SOURCE_RETARDED_LATTICE_EXECUTION_NOTE_2026-07-17.md	archive/notes/docs/work_history/repo/review_feedback/CARRIED_SOURCE_RETARDED_LATTICE_EXECUTION_NOTE_2026-07-17.md	work_history.repo.review_feedback.carried_source_retarded_lattice_execution_note_2026-07-17
docs/work_history/repo/review_feedback/CAR_COMPILER_RECORD_CAUSAL_DEPTH_BRIDGE_CYCLE255_NOTE_2026-07-17.md	archive/notes/docs/work_history/repo/review_feedback/CAR_COMPILER_RECORD_CAUSAL_DEPTH_BRIDGE_CYCLE255_NOTE_2026-07-17.md	work_history.repo.review_feedback.car_compiler_record_causal_depth_bridge_cycle255_note_2026-07-17
docs/work_history/repo/review_feedback/CAUSAL_ALGEBRAIC_HISTORY_SUBSTRATE_SPECIFICATION_NOTE_2026-07-13.md	archive/notes/docs/work_history/repo/review_feedback/CAUSAL_ALGEBRAIC_HISTORY_SUBSTRATE_SPECIFICATION_NOTE_2026-07-13.md	work_history.repo.review_feedback.causal_algebraic_history_substrate_specification_note_2026-07-13
docs/work_history/repo/review_feedback/CAUSAL_FRONT_RECORD_PHASE_MINIMUM_MODEL_NOTE_2026-07-14.md	archive/notes/docs/work_history/repo/review_feedback/CAUSAL_FRONT_RECORD_PHASE_MINIMUM_MODEL_NOTE_2026-07-14.md	work_history.repo.review_feedback.causal_front_record_phase_minimum_model_note_2026-07-14
docs/work_history/repo/review_feedback/CAUSAL_ORDER_RECORD_DENSITY_METRIC_RECONSTRUCTION_CYCLE46_NOTE_2026-07-14.md	archive/notes/docs/work_history/repo/review_feedback/CAUSAL_ORDER_RECORD_DENSITY_METRIC_RECONSTRUCTION_CYCLE46_NOTE_2026-07-14.md	work_history.repo.review_feedback.causal_order_record_density_metric_reconstruction_cycle46_note_2026-07-14
docs/work_history/repo/review_feedback/CAUSAL_REVERSIBLE_ACTUALITY_WEIGHT_INDEPENDENCE_NOTE_2026-07-14.md	archive/notes/docs/work_history/repo/review_feedback/CAUSAL_REVERSIBLE_ACTUALITY_WEIGHT_INDEPENDENCE_NOTE_2026-07-14.md	work_history.repo.review_feedback.causal_reversible_actuality_weight_independence_note_2026-07-14
docs/work_history/repo/review_feedback/CAUSAL_SCHEDULE_EQUIVALENCE_WOLFRAM_INSPIRATION_PROBE_NOTE_2026-07-14.md	archive/notes/docs/work_history/repo/review_feedback/CAUSAL_SCHEDULE_EQUIVALENCE_WOLFRAM_INSPIRATION_PROBE_NOTE_2026-07-14.md	work_history.repo.review_feedback.causal_schedule_equivalence_wolfram_inspiration_probe_note_2026-07-14
docs/work_history/repo/review_feedback/CFSI_QH11_HOMOGENEOUS_LOCAL_DECODER_NOTE_2026-07-14.md	archive/notes/docs/work_history/repo/review_feedback/CFSI_QH11_HOMOGENEOUS_LOCAL_DECODER_NOTE_2026-07-14.md	work_history.repo.review_feedback.cfsi_qh11_homogeneous_local_decoder_note_2026-07-14
docs/work_history/repo/review_feedback/CFSI_Q_BELL_COHERENT_CAUSAL_FRONT_LAW_NOTE_2026-07-14.md	archive/notes/docs/work_history/repo/review_feedback/CFSI_Q_BELL_COHERENT_CAUSAL_FRONT_LAW_NOTE_2026-07-14.md	work_history.repo.review_feedback.cfsi_q_bell_coherent_causal_front_law_note_2026-07-14
docs/work_history/repo/review_feedback/CHIRAL_TRIAD_TRANSVERSE_CONTEXT_CYCLE17_NOTE_2026-07-14.md	archive/notes/docs/work_history/repo/review_feedback/CHIRAL_TRIAD_TRANSVERSE_CONTEXT_CYCLE17_NOTE_2026-07-14.md	work_history.repo.review_feedback.chiral_triad_transverse_context_cycle17_note_2026-07-14
docs/work_history/repo/review_feedback/CLAUDE_FRONTIER_RETAIN_AUDIT_2026-04-11.md	archive/notes/docs/work_history/repo/review_feedback/CLAUDE_FRONTIER_RETAIN_AUDIT_2026-04-11.md	work_history.repo.review_feedback.claude_frontier_retain_audit_2026-04-11
docs/work_history/repo/review_feedback/CLEAN_ROW_ALPHABET_COMPONENT_REPLACEMENT_CYCLE175_NOTE_2026-07-16.md	archive/notes/docs/work_history/repo/review_feedback/CLEAN_ROW_ALPHABET_COMPONENT_REPLACEMENT_CYCLE175_NOTE_2026-07-16.md	work_history.repo.review_feedback.clean_row_alphabet_component_replacement_cycle175_note_2026-07-16
docs/work_history/repo/review_feedback/CLOCK_AS_COMMIT_COUNT_AND_RATE_CLASSIFICATION_CYCLE22_NOTE_2026-07-14.md	archive/notes/docs/work_history/repo/review_feedback/CLOCK_AS_COMMIT_COUNT_AND_RATE_CLASSIFICATION_CYCLE22_NOTE_2026-07-14.md	work_history.repo.review_feedback.clock_as_commit_count_and_rate_classification_cycle22_note_2026-07-14
docs/work_history/repo/review_feedback/COARSE_OUTCOME_UNCOMPUTE_MASS_CYCLE226_NOTE_2026-07-17.md	archive/notes/docs/work_history/repo/review_feedback/COARSE_OUTCOME_UNCOMPUTE_MASS_CYCLE226_NOTE_2026-07-17.md	work_history.repo.review_feedback.coarse_outcome_uncompute_mass_cycle226_note_2026-07-17
docs/work_history/repo/review_feedback/COHERENT_CAUSAL_CLOSE_DETECTOR_COMPILER_CYCLE209_NOTE_2026-07-16.md	archive/notes/docs/work_history/repo/review_feedback/COHERENT_CAUSAL_CLOSE_DETECTOR_COMPILER_CYCLE209_NOTE_2026-07-16.md	work_history.repo.review_feedback.coherent_causal_close_detector_compiler_cycle209_note_2026-07-16
docs/work_history/repo/review_feedback/COHERENT_CUBIC_PAIR_ORBIT_SYNTHESIS_CYCLE303_NOTE_2026-07-17.md	archive/notes/docs/work_history/repo/review_feedback/COHERENT_CUBIC_PAIR_ORBIT_SYNTHESIS_CYCLE303_NOTE_2026-07-17.md	work_history.repo.review_feedback.coherent_cubic_pair_orbit_synthesis_cycle303_note_2026-07-17
docs/work_history/repo/review_feedback/COHERENT_EVEN_ODD_SECTOR_JOIN_CYCLE252_NOTE_2026-07-17.md	archive/notes/docs/work_history/repo/review_feedback/COHERENT_EVEN_ODD_SECTOR_JOIN_CYCLE252_NOTE_2026-07-17.md	work_history.repo.review_feedback.coherent_even_odd_sector_join_cycle252_note_2026-07-17
docs/work_history/repo/review_feedback/COHERENT_GAMMA_PARITY_SECTOR_DOUBLING_CYCLE264_NOTE_2026-07-17.md	archive/notes/docs/work_history/repo/review_feedback/COHERENT_GAMMA_PARITY_SECTOR_DOUBLING_CYCLE264_NOTE_2026-07-17.md	work_history.repo.review_feedback.coherent_gamma_parity_sector_doubling_cycle264_note_2026-07-17
docs/work_history/repo/review_feedback/COHERENT_GAUGE_FRAME_AUTONOMOUS_COMPILER_CYCLE249_NOTE_2026-07-17.md	archive/notes/docs/work_history/repo/review_feedback/COHERENT_GAUGE_FRAME_AUTONOMOUS_COMPILER_CYCLE249_NOTE_2026-07-17.md	work_history.repo.review_feedback.coherent_gauge_frame_autonomous_compiler_cycle249_note_2026-07-17
docs/work_history/repo/review_feedback/COHERENT_ORIENTATION_CHARACTER_CAR_COMPILER_CYCLE272_NOTE_2026-07-17.md	archive/notes/docs/work_history/repo/review_feedback/COHERENT_ORIENTATION_CHARACTER_CAR_COMPILER_CYCLE272_NOTE_2026-07-17.md	work_history.repo.review_feedback.coherent_orientation_character_car_compiler_cycle272_note_2026-07-17
docs/work_history/repo/review_feedback/COLLISION_SAFE_PHYSICAL_CATCHUP_SYNTHESIS_CYCLE299_NOTE_2026-07-17.md	archive/notes/docs/work_history/repo/review_feedback/COLLISION_SAFE_PHYSICAL_CATCHUP_SYNTHESIS_CYCLE299_NOTE_2026-07-17.md	work_history.repo.review_feedback.collision_safe_physical_catchup_synthesis_cycle299_note_2026-07-17
docs/work_history/repo/review_feedback/COMMON_ACOUSTIC_CONE_MASS_CYCLE218_NOTE_2026-07-16.md	archive/notes/docs/work_history/repo/review_feedback/COMMON_ACOUSTIC_CONE_MASS_CYCLE218_NOTE_2026-07-16.md	work_history.repo.review_feedback.common_acoustic_cone_mass_cycle218_note_2026-07-16
docs/work_history/repo/review_feedback/COMMON_CLIFFORD_CONTEXT_INTERPRETER_CYCLE191_NOTE_2026-07-16.md	archive/notes/docs/work_history/repo/review_feedback/COMMON_CLIFFORD_CONTEXT_INTERPRETER_CYCLE191_NOTE_2026-07-16.md	work_history.repo.review_feedback.common_clifford_context_interpreter_cycle191_note_2026-07-16
docs/work_history/repo/review_feedback/COMMON_E_GAUGE_CORRECTED_CAR_COMPILER_NOTE_2026-07-25.md	archive/notes/docs/work_history/repo/review_feedback/COMMON_E_GAUGE_CORRECTED_CAR_COMPILER_NOTE_2026-07-25.md	work_history.repo.review_feedback.common_e_gauge_corrected_car_compiler_note_2026-07-25
docs/work_history/repo/review_feedback/COMMON_REPLACEMENT_BASE_INTEGRATION_CYCLE197B_NOTE_2026-07-16.md	archive/notes/docs/work_history/repo/review_feedback/COMMON_REPLACEMENT_BASE_INTEGRATION_CYCLE197B_NOTE_2026-07-16.md	work_history.repo.review_feedback.common_replacement_base_integration_cycle197b_note_2026-07-16
docs/work_history/repo/review_feedback/COMPACT_BINARY_BUNDLE_TRANSPARENT_CONTACT_CYCLE192_NOTE_2026-07-16.md	archive/notes/docs/work_history/repo/review_feedback/COMPACT_BINARY_BUNDLE_TRANSPARENT_CONTACT_CYCLE192_NOTE_2026-07-16.md	work_history.repo.review_feedback.compact_binary_bundle_transparent_contact_cycle192_note_2026-07-16
docs/work_history/repo/review_feedback/COMPACT_FIVE_LITERAL_LANE_SPACING_CYCLE180_NOTE_2026-07-16.md	archive/notes/docs/work_history/repo/review_feedback/COMPACT_FIVE_LITERAL_LANE_SPACING_CYCLE180_NOTE_2026-07-16.md	work_history.repo.review_feedback.compact_five_literal_lane_spacing_cycle180_note_2026-07-16
docs/work_history/repo/review_feedback/COMPACT_FIVE_LITERAL_MEMBERSHIP_BIND_CYCLE183_NOTE_2026-07-16.md	archive/notes/docs/work_history/repo/review_feedback/COMPACT_FIVE_LITERAL_MEMBERSHIP_BIND_CYCLE183_NOTE_2026-07-16.md	work_history.repo.review_feedback.compact_five_literal_membership_bind_cycle183_note_2026-07-16
docs/work_history/repo/review_feedback/COMPLETE_CANDIDATE_LSTAR_ASSEMBLY_CYCLE41_NOTE_2026-07-14.md	archive/notes/docs/work_history/repo/review_feedback/COMPLETE_CANDIDATE_LSTAR_ASSEMBLY_CYCLE41_NOTE_2026-07-14.md	work_history.repo.review_feedback.complete_candidate_lstar_assembly_cycle41_note_2026-07-14
docs/work_history/repo/review_feedback/COMPLETE_FUTURE_OPERATIONAL_PARITY_CERTIFICATE_CYCLE19_NOTE_2026-07-14.md	archive/notes/docs/work_history/repo/review_feedback/COMPLETE_FUTURE_OPERATIONAL_PARITY_CERTIFICATE_CYCLE19_NOTE_2026-07-14.md	work_history.repo.review_feedback.complete_future_operational_parity_certificate_cycle19_note_2026-07-14
docs/work_history/repo/review_feedback/COMPLETE_HISTORY_RECONSTRUCTION_CYCLE45_NOTE_2026-07-14.md	archive/notes/docs/work_history/repo/review_feedback/COMPLETE_HISTORY_RECONSTRUCTION_CYCLE45_NOTE_2026-07-14.md	work_history.repo.review_feedback.complete_history_reconstruction_cycle45_note_2026-07-14
docs/work_history/repo/review_feedback/COMPLETE_SAMPLED_LAW_PAIR_AXIOM_UNDERDETERMINATION_NOTE_2026-07-14.md	archive/notes/docs/work_history/repo/review_feedback/COMPLETE_SAMPLED_LAW_PAIR_AXIOM_UNDERDETERMINATION_NOTE_2026-07-14.md	work_history.repo.review_feedback.complete_sampled_law_pair_axiom_underdetermination_note_2026-07-14
docs/work_history/repo/review_feedback/COMPLETION_BARRIER_PHASE_TRANSDUCER_CYCLE67_SCRATCH_NOTE_2026-07-14.md	archive/notes/docs/work_history/repo/review_feedback/COMPLETION_BARRIER_PHASE_TRANSDUCER_CYCLE67_SCRATCH_NOTE_2026-07-14.md	work_history.repo.review_feedback.completion_barrier_phase_transducer_cycle67_scratch_note_2026-07-14
docs/work_history/repo/review_feedback/CONDITIONAL_FLAVOR_MASS_OPERATOR_COMPILER_CYCLE222_NOTE_2026-07-17.md	archive/notes/docs/work_history/repo/review_feedback/CONDITIONAL_FLAVOR_MASS_OPERATOR_COMPILER_CYCLE222_NOTE_2026-07-17.md	work_history.repo.review_feedback.conditional_flavor_mass_operator_compiler_cycle222_note_2026-07-17
docs/work_history/repo/review_feedback/CONJUGATE_SOURCE_BRIDGE_FOLLOWON_SYNTHESIS_CYCLE295_NOTE_2026-07-17.md	archive/notes/docs/work_history/repo/review_feedback/CONJUGATE_SOURCE_BRIDGE_FOLLOWON_SYNTHESIS_CYCLE295_NOTE_2026-07-17.md	work_history.repo.review_feedback.conjugate_source_bridge_followon_synthesis_cycle295_note_2026-07-17
docs/work_history/repo/review_feedback/CONNECTED_EDGE_AUTONOMOUS_APPARATUS_LAW_CYCLE282_NOTE_2026-07-17.md	archive/notes/docs/work_history/repo/review_feedback/CONNECTED_EDGE_AUTONOMOUS_APPARATUS_LAW_CYCLE282_NOTE_2026-07-17.md	work_history.repo.review_feedback.connected_edge_autonomous_apparatus_law_cycle282_note_2026-07-17
docs/work_history/repo/review_feedback/CONNECTED_EDGE_CODE_ODD_SECTOR_JOIN_CYCLE265_NOTE_2026-07-17.md	archive/notes/docs/work_history/repo/review_feedback/CONNECTED_EDGE_CODE_ODD_SECTOR_JOIN_CYCLE265_NOTE_2026-07-17.md	work_history.repo.review_feedback.connected_edge_code_odd_sector_join_cycle265_note_2026-07-17
docs/work_history/repo/review_feedback/CONSTRUCTIVE_CONSTITUTIONAL_DELTA_AUDIT_CYCLE83_NOTE_2026-07-14.md	archive/notes/docs/work_history/repo/review_feedback/CONSTRUCTIVE_CONSTITUTIONAL_DELTA_AUDIT_CYCLE83_NOTE_2026-07-14.md	work_history.repo.review_feedback.constructive_constitutional_delta_audit_cycle83_note_2026-07-14
docs/work_history/repo/review_feedback/CONTACT_CLOSE_TYPED_RECORD_DAG_CYCLE287_NOTE_2026-07-17.md	archive/notes/docs/work_history/repo/review_feedback/CONTACT_CLOSE_TYPED_RECORD_DAG_CYCLE287_NOTE_2026-07-17.md	work_history.repo.review_feedback.contact_close_typed_record_dag_cycle287_note_2026-07-17
docs/work_history/repo/review_feedback/CONTRACTIBLE_LIGHTCONE_WILSON_QUOTIENT_CYCLE271_NOTE_2026-07-17.md	archive/notes/docs/work_history/repo/review_feedback/CONTRACTIBLE_LIGHTCONE_WILSON_QUOTIENT_CYCLE271_NOTE_2026-07-17.md	work_history.repo.review_feedback.contractible_lightcone_wilson_quotient_cycle271_note_2026-07-17
docs/work_history/repo/review_feedback/COVARIANT_VERTEX_GAMMA_CAR_COMPILER_CYCLE261_NOTE_2026-07-17.md	archive/notes/docs/work_history/repo/review_feedback/COVARIANT_VERTEX_GAMMA_CAR_COMPILER_CYCLE261_NOTE_2026-07-17.md	work_history.repo.review_feedback.covariant_vertex_gamma_car_compiler_cycle261_note_2026-07-17
docs/work_history/repo/review_feedback/CUBIC_COVARIANCE_EXACT_REPAIR_TOURNAMENT_NOTE_2026-07-14.md	archive/notes/docs/work_history/repo/review_feedback/CUBIC_COVARIANCE_EXACT_REPAIR_TOURNAMENT_NOTE_2026-07-14.md	work_history.repo.review_feedback.cubic_covariance_exact_repair_tournament_note_2026-07-14
docs/work_history/repo/review_feedback/CUBIC_CZ_EDGE_RULE_UNIQUENESS_SELECTION_CYCLE36_NOTE_2026-07-14.md	archive/notes/docs/work_history/repo/review_feedback/CUBIC_CZ_EDGE_RULE_UNIQUENESS_SELECTION_CYCLE36_NOTE_2026-07-14.md	work_history.repo.review_feedback.cubic_cz_edge_rule_uniqueness_selection_cycle36_note_2026-07-14
docs/work_history/repo/review_feedback/CUBIC_NEIGHBOR_KERNEL_SELECTION_FIRST_PRINCIPLES_NOTE_2026-07-14.md	archive/notes/docs/work_history/repo/review_feedback/CUBIC_NEIGHBOR_KERNEL_SELECTION_FIRST_PRINCIPLES_NOTE_2026-07-14.md	work_history.repo.review_feedback.cubic_neighbor_kernel_selection_first_principles_note_2026-07-14
docs/work_history/repo/review_feedback/CUBIC_ONE_QUBIT_CLIFFORD_QCA_UNIQUENESS_CYCLE40_NOTE_2026-07-14.md	archive/notes/docs/work_history/repo/review_feedback/CUBIC_ONE_QUBIT_CLIFFORD_QCA_UNIQUENESS_CYCLE40_NOTE_2026-07-14.md	work_history.repo.review_feedback.cubic_one_qubit_clifford_qca_uniqueness_cycle40_note_2026-07-14
docs/work_history/repo/review_feedback/CUBIC_SPLIT_STEP_QW_QCA_PRIMARY_SOURCE_UNIQUENESS_AUDIT_2026-07-14.md	archive/notes/docs/work_history/repo/review_feedback/CUBIC_SPLIT_STEP_QW_QCA_PRIMARY_SOURCE_UNIQUENESS_AUDIT_2026-07-14.md	work_history.repo.review_feedback.cubic_split_step_qw_qca_primary_source_uniqueness_audit_2026-07-14
docs/work_history/repo/review_feedback/CYCLE190_CYCLE193_LAW_UNION_COMPATIBILITY_AUDIT_CYCLE197A_NOTE_2026-07-16.md	archive/notes/docs/work_history/repo/review_feedback/CYCLE190_CYCLE193_LAW_UNION_COMPATIBILITY_AUDIT_CYCLE197A_NOTE_2026-07-16.md	work_history.repo.review_feedback.cycle190_cycle193_law_union_compatibility_audit_cycle197a_note_2026-07-16
docs/work_history/repo/review_feedback/CYCLE48_DECODER_CLIFFORD_MACHINE_CYCLE146_NOTE_2026-07-15.md	archive/notes/docs/work_history/repo/review_feedback/CYCLE48_DECODER_CLIFFORD_MACHINE_CYCLE146_NOTE_2026-07-15.md	work_history.repo.review_feedback.cycle48_decoder_clifford_machine_cycle146_note_2026-07-15
docs/work_history/repo/review_feedback/CYCLE48_SYMPLECTIC_TABLEAU_RECONSTRUCTION_CYCLE148_NOTE_2026-07-15.md	archive/notes/docs/work_history/repo/review_feedback/CYCLE48_SYMPLECTIC_TABLEAU_RECONSTRUCTION_CYCLE148_NOTE_2026-07-15.md	work_history.repo.review_feedback.cycle48_symplectic_tableau_reconstruction_cycle148_note_2026-07-15
docs/work_history/repo/review_feedback/CYCLE48_UNIFIED_STABILIZER_RECORD_MACHINE_CYCLE147_NOTE_2026-07-15.md	archive/notes/docs/work_history/repo/review_feedback/CYCLE48_UNIFIED_STABILIZER_RECORD_MACHINE_CYCLE147_NOTE_2026-07-15.md	work_history.repo.review_feedback.cycle48_unified_stabilizer_record_machine_cycle147_note_2026-07-15
docs/work_history/repo/review_feedback/CYCLE67_ENDPOINT_BDH_COMPOSITION_CYCLE73_NOTE_2026-07-14.md	archive/notes/docs/work_history/repo/review_feedback/CYCLE67_ENDPOINT_BDH_COMPOSITION_CYCLE73_NOTE_2026-07-14.md	work_history.repo.review_feedback.cycle67_endpoint_bdh_composition_cycle73_note_2026-07-14
docs/work_history/repo/review_feedback/CYCLE67_TERMINAL_BDH_REBIND_CYCLE72_NOTE_2026-07-14.md	archive/notes/docs/work_history/repo/review_feedback/CYCLE67_TERMINAL_BDH_REBIND_CYCLE72_NOTE_2026-07-14.md	work_history.repo.review_feedback.cycle67_terminal_bdh_rebind_cycle72_note_2026-07-14
docs/work_history/repo/review_feedback/CYCLE80_RECURRENCE_AUDIT_ENDPOINT_TUBE_NUCLEATION_CYCLE85_NOTE_2026-07-14.md	archive/notes/docs/work_history/repo/review_feedback/CYCLE80_RECURRENCE_AUDIT_ENDPOINT_TUBE_NUCLEATION_CYCLE85_NOTE_2026-07-14.md	work_history.repo.review_feedback.cycle80_recurrence_audit_endpoint_tube_nucleation_cycle85_note_2026-07-14
docs/work_history/repo/review_feedback/DEEPER_PROBES_FINAL_AXIOM_CONTENT_GATE_NOTE_2026-07-13.md	archive/notes/docs/work_history/repo/review_feedback/DEEPER_PROBES_FINAL_AXIOM_CONTENT_GATE_NOTE_2026-07-13.md	work_history.repo.review_feedback.deeper_probes_final_axiom_content_gate_note_2026-07-13
docs/work_history/repo/review_feedback/DELAYED_LOCKING_CAUSAL_CLOSE_CYCLE16_NOTE_2026-07-14.md	archive/notes/docs/work_history/repo/review_feedback/DELAYED_LOCKING_CAUSAL_CLOSE_CYCLE16_NOTE_2026-07-14.md	work_history.repo.review_feedback.delayed_locking_causal_close_cycle16_note_2026-07-14
docs/work_history/repo/review_feedback/DESIGNED_PAYLOAD_INTERACTION_WINDOW_CYCLE196_NOTE_2026-07-16.md	archive/notes/docs/work_history/repo/review_feedback/DESIGNED_PAYLOAD_INTERACTION_WINDOW_CYCLE196_NOTE_2026-07-16.md	work_history.repo.review_feedback.designed_payload_interaction_window_cycle196_note_2026-07-16
docs/work_history/repo/review_feedback/DETERMINISTIC_UNIQUE_EXTENSION_RECORD_SECTOR_NOTE_2026-07-14.md	archive/notes/docs/work_history/repo/review_feedback/DETERMINISTIC_UNIQUE_EXTENSION_RECORD_SECTOR_NOTE_2026-07-14.md	work_history.repo.review_feedback.deterministic_unique_extension_record_sector_note_2026-07-14
docs/work_history/repo/review_feedback/DIRECTED_PAYLOAD_REUSABLE_CONE_CYCLE113_NOTE_2026-07-15.md	archive/notes/docs/work_history/repo/review_feedback/DIRECTED_PAYLOAD_REUSABLE_CONE_CYCLE113_NOTE_2026-07-15.md	work_history.repo.review_feedback.directed_payload_reusable_cone_cycle113_note_2026-07-15
docs/work_history/repo/review_feedback/DIRECT_GATEWISE_MATTER_MEDIATOR_CURRENT_LEDGER_ROUTE_A_CYCLE293_NOTE_2026-07-17.md	archive/notes/docs/work_history/repo/review_feedback/DIRECT_GATEWISE_MATTER_MEDIATOR_CURRENT_LEDGER_ROUTE_A_CYCLE293_NOTE_2026-07-17.md	work_history.repo.review_feedback.direct_gatewise_matter_mediator_current_ledger_route_a_cycle293_note_2026-07-17
docs/work_history/repo/review_feedback/DISJOINT_MIXED_PRODUCT_COEXISTENCE_CYCLE198_NOTE_2026-07-16.md	archive/notes/docs/work_history/repo/review_feedback/DISJOINT_MIXED_PRODUCT_COEXISTENCE_CYCLE198_NOTE_2026-07-16.md	work_history.repo.review_feedback.disjoint_mixed_product_coexistence_cycle198_note_2026-07-16
docs/work_history/repo/review_feedback/DISTINGUISHABLE_ANTISYMMETRIC_FOCK_COMPILER_CYCLE239_NOTE_2026-07-17.md	archive/notes/docs/work_history/repo/review_feedback/DISTINGUISHABLE_ANTISYMMETRIC_FOCK_COMPILER_CYCLE239_NOTE_2026-07-17.md	work_history.repo.review_feedback.distinguishable_antisymmetric_fock_compiler_cycle239_note_2026-07-17
docs/work_history/repo/review_feedback/DISTRIBUTED_PHASE_FIELD_CAR_COMPILER_CYCLE263_NOTE_2026-07-17.md	archive/notes/docs/work_history/repo/review_feedback/DISTRIBUTED_PHASE_FIELD_CAR_COMPILER_CYCLE263_NOTE_2026-07-17.md	work_history.repo.review_feedback.distributed_phase_field_car_compiler_cycle263_note_2026-07-17
docs/work_history/repo/review_feedback/DRESSED_SPOKE_PARITY_GAUGE_CYCLE273_NOTE_2026-07-17.md	archive/notes/docs/work_history/repo/review_feedback/DRESSED_SPOKE_PARITY_GAUGE_CYCLE273_NOTE_2026-07-17.md	work_history.repo.review_feedback.dressed_spoke_parity_gauge_cycle273_note_2026-07-17
docs/work_history/repo/review_feedback/DYNAMIC_RECORD_BOUNDARY_INDEX_QCA_STEELMAN_NOTE_2026-07-14.md	archive/notes/docs/work_history/repo/review_feedback/DYNAMIC_RECORD_BOUNDARY_INDEX_QCA_STEELMAN_NOTE_2026-07-14.md	work_history.repo.review_feedback.dynamic_record_boundary_index_qca_steelman_note_2026-07-14
docs/work_history/repo/review_feedback/DYNAMIC_STATIC_SOURCE_INTERFACE_SYNTHESIS_CYCLE296_NOTE_2026-07-17.md	archive/notes/docs/work_history/repo/review_feedback/DYNAMIC_STATIC_SOURCE_INTERFACE_SYNTHESIS_CYCLE296_NOTE_2026-07-17.md	work_history.repo.review_feedback.dynamic_static_source_interface_synthesis_cycle296_note_2026-07-17
docs/work_history/repo/review_feedback/EIGHT_BIT_PHYSICAL_ROLE_COMPARATOR_CYCLE81_NOTE_2026-07-14.md	archive/notes/docs/work_history/repo/review_feedback/EIGHT_BIT_PHYSICAL_ROLE_COMPARATOR_CYCLE81_NOTE_2026-07-14.md	work_history.repo.review_feedback.eight_bit_physical_role_comparator_cycle81_note_2026-07-14
docs/work_history/repo/review_feedback/EIGHT_BIT_STATUS_COMPLETION_FRONT_CYCLE112_NOTE_2026-07-15.md	archive/notes/docs/work_history/repo/review_feedback/EIGHT_BIT_STATUS_COMPLETION_FRONT_CYCLE112_NOTE_2026-07-15.md	work_history.repo.review_feedback.eight_bit_status_completion_front_cycle112_note_2026-07-15
docs/work_history/repo/review_feedback/EXACT_3D_HIGHER_FORM_BOSONIZATION_CYCLE235_NOTE_2026-07-17.md	archive/notes/docs/work_history/repo/review_feedback/EXACT_3D_HIGHER_FORM_BOSONIZATION_CYCLE235_NOTE_2026-07-17.md	work_history.repo.review_feedback.exact_3d_higher_form_bosonization_cycle235_note_2026-07-17
docs/work_history/repo/review_feedback/EXACT_COMPILER_CLOSURE_LEDGER_CYCLE88_NOTE_2026-07-14.md	archive/notes/docs/work_history/repo/review_feedback/EXACT_COMPILER_CLOSURE_LEDGER_CYCLE88_NOTE_2026-07-14.md	work_history.repo.review_feedback.exact_compiler_closure_ledger_cycle88_note_2026-07-14
docs/work_history/repo/review_feedback/EXACT_LAW_CONSTITUTIONAL_PLACEMENT_SCHEMA_PROBE_NOTE_2026-07-14.md	archive/notes/docs/work_history/repo/review_feedback/EXACT_LAW_CONSTITUTIONAL_PLACEMENT_SCHEMA_PROBE_NOTE_2026-07-14.md	work_history.repo.review_feedback.exact_law_constitutional_placement_schema_probe_note_2026-07-14
docs/work_history/repo/review_feedback/EXACT_LAW_IRREDUCIBLE_CONTENT_INDEPENDENCE_TOURNAMENT_NOTE_2026-07-14.md	archive/notes/docs/work_history/repo/review_feedback/EXACT_LAW_IRREDUCIBLE_CONTENT_INDEPENDENCE_TOURNAMENT_NOTE_2026-07-14.md	work_history.repo.review_feedback.exact_law_irreducible_content_independence_tournament_note_2026-07-14
docs/work_history/repo/review_feedback/EXACT_LAW_UNIQUENESS_SELECTION_PRIMARY_SOURCE_AUDIT_NOTE_2026-07-14.md	archive/notes/docs/work_history/repo/review_feedback/EXACT_LAW_UNIQUENESS_SELECTION_PRIMARY_SOURCE_AUDIT_NOTE_2026-07-14.md	work_history.repo.review_feedback.exact_law_uniqueness_selection_primary_source_audit_note_2026-07-14
docs/work_history/repo/review_feedback/EXACT_PREDICTIVE_SPECIFICATION_TOURNAMENT_NOTE_2026-07-14.md	archive/notes/docs/work_history/repo/review_feedback/EXACT_PREDICTIVE_SPECIFICATION_TOURNAMENT_NOTE_2026-07-14.md	work_history.repo.review_feedback.exact_predictive_specification_tournament_note_2026-07-14
docs/work_history/repo/review_feedback/EXISTENCE_UNIQUENESS_AND_EXACT_LAW_REFERENCE_NOTE_2026-07-14.md	archive/notes/docs/work_history/repo/review_feedback/EXISTENCE_UNIQUENESS_AND_EXACT_LAW_REFERENCE_NOTE_2026-07-14.md	work_history.repo.review_feedback.existence_uniqueness_and_exact_law_reference_note_2026-07-14
docs/work_history/repo/review_feedback/FARRELLY_SHORT_AUXILIARY_MAJORANA_CAR_COMPILER_CYCLE236_NOTE_2026-07-17.md	archive/notes/docs/work_history/repo/review_feedback/FARRELLY_SHORT_AUXILIARY_MAJORANA_CAR_COMPILER_CYCLE236_NOTE_2026-07-17.md	work_history.repo.review_feedback.farrelly_short_auxiliary_majorana_car_compiler_cycle236_note_2026-07-17
docs/work_history/repo/review_feedback/FINAL_M64_PHYSICAL_M2_COMPILER_TOURNAMENT_SYNTHESIS_CYCLE276_NOTE_2026-07-17.md	archive/notes/docs/work_history/repo/review_feedback/FINAL_M64_PHYSICAL_M2_COMPILER_TOURNAMENT_SYNTHESIS_CYCLE276_NOTE_2026-07-17.md	work_history.repo.review_feedback.final_m64_physical_m2_compiler_tournament_synthesis_cycle276_note_2026-07-17
docs/work_history/repo/review_feedback/FINAL_MISSING_CONTENT_CENSUS_AND_CONSTITUTIONAL_EDIT_GATE_CYCLE35_NOTE_2026-07-14.md	archive/notes/docs/work_history/repo/review_feedback/FINAL_MISSING_CONTENT_CENSUS_AND_CONSTITUTIONAL_EDIT_GATE_CYCLE35_NOTE_2026-07-14.md	work_history.repo.review_feedback.final_missing_content_census_and_constitutional_edit_gate_cycle35_note_2026-07-14
docs/work_history/repo/review_feedback/FINITE_COIN_SCALAR_WAVE_DILATION_CYCLE215_NOTE_2026-07-16.md	archive/notes/docs/work_history/repo/review_feedback/FINITE_COIN_SCALAR_WAVE_DILATION_CYCLE215_NOTE_2026-07-16.md	work_history.repo.review_feedback.finite_coin_scalar_wave_dilation_cycle215_note_2026-07-16
docs/work_history/repo/review_feedback/FINITE_COIN_SCALAR_WAVE_DILATION_CYCLE215_NO_GO_DISCIPLINE_CHECKLIST_2026-07-16.md	archive/notes/docs/work_history/repo/review_feedback/FINITE_COIN_SCALAR_WAVE_DILATION_CYCLE215_NO_GO_DISCIPLINE_CHECKLIST_2026-07-16.md	work_history.repo.review_feedback.finite_coin_scalar_wave_dilation_cycle215_no_go_discipline_checklist_2026-07-16
docs/work_history/repo/review_feedback/FINITE_COIN_SCALAR_WAVE_DILATION_CYCLE215_NO_GO_LEDGER_2026-07-16.md	archive/notes/docs/work_history/repo/review_feedback/FINITE_COIN_SCALAR_WAVE_DILATION_CYCLE215_NO_GO_LEDGER_2026-07-16.md	work_history.repo.review_feedback.finite_coin_scalar_wave_dilation_cycle215_no_go_ledger_2026-07-16
docs/work_history/repo/review_feedback/FINITE_CYCLE48_SIX_BIT_LOCAL_DECODER_CYCLE145_NOTE_2026-07-15.md	archive/notes/docs/work_history/repo/review_feedback/FINITE_CYCLE48_SIX_BIT_LOCAL_DECODER_CYCLE145_NOTE_2026-07-15.md	work_history.repo.review_feedback.finite_cycle48_six_bit_local_decoder_cycle145_note_2026-07-15
docs/work_history/repo/review_feedback/FINITE_DIAMOND_SAMPLED_LUDERS_INVARIANT_RECORD_MODEL_NOTE_2026-07-14.md	archive/notes/docs/work_history/repo/review_feedback/FINITE_DIAMOND_SAMPLED_LUDERS_INVARIANT_RECORD_MODEL_NOTE_2026-07-14.md	work_history.repo.review_feedback.finite_diamond_sampled_luders_invariant_record_model_note_2026-07-14
docs/work_history/repo/review_feedback/FIRST_AUTONOMOUS_SUCCESSOR_ROLE_PORT_CYCLE115_NOTE_2026-07-15.md	archive/notes/docs/work_history/repo/review_feedback/FIRST_AUTONOMOUS_SUCCESSOR_ROLE_PORT_CYCLE115_NOTE_2026-07-15.md	work_history.repo.review_feedback.first_autonomous_successor_role_port_cycle115_note_2026-07-15
docs/work_history/repo/review_feedback/FIRST_CONTACT_BOUNDARY_DIAGNOSTIC_CYCLE199_NOTE_2026-07-16.md	archive/notes/docs/work_history/repo/review_feedback/FIRST_CONTACT_BOUNDARY_DIAGNOSTIC_CYCLE199_NOTE_2026-07-16.md	work_history.repo.review_feedback.first_contact_boundary_diagnostic_cycle199_note_2026-07-16
docs/work_history/repo/review_feedback/FIRST_PRINCIPLES_LAW_SELECTION_TOURNAMENT_NOTE_2026-07-14.md	archive/notes/docs/work_history/repo/review_feedback/FIRST_PRINCIPLES_LAW_SELECTION_TOURNAMENT_NOTE_2026-07-14.md	work_history.repo.review_feedback.first_principles_law_selection_tournament_note_2026-07-14
docs/work_history/repo/review_feedback/FIRST_ROLE_DIFFERENTIATION_CYCLE56_NOTE_2026-07-14.md	archive/notes/docs/work_history/repo/review_feedback/FIRST_ROLE_DIFFERENTIATION_CYCLE56_NOTE_2026-07-14.md	work_history.repo.review_feedback.first_role_differentiation_cycle56_note_2026-07-14
docs/work_history/repo/review_feedback/FIRST_SELF_GROWN_SELECTOR_PAYLOAD_BIT0_CYCLE106_NOTE_2026-07-15.md	archive/notes/docs/work_history/repo/review_feedback/FIRST_SELF_GROWN_SELECTOR_PAYLOAD_BIT0_CYCLE106_NOTE_2026-07-15.md	work_history.repo.review_feedback.first_self_grown_selector_payload_bit0_cycle106_note_2026-07-15
docs/work_history/repo/review_feedback/FIVE_LANE_TOE_BRIDGE_ENDPOINT_RECONNAISSANCE_CYCLE270_NOTE_2026-07-17.md	archive/notes/docs/work_history/repo/review_feedback/FIVE_LANE_TOE_BRIDGE_ENDPOINT_RECONNAISSANCE_CYCLE270_NOTE_2026-07-17.md	work_history.repo.review_feedback.five_lane_toe_bridge_endpoint_reconnaissance_cycle270_note_2026-07-17
docs/work_history/repo/review_feedback/FIXED_TOTAL_MOMENTUM_MOLECULAR_SCATTERING_CYCLE207_NOTE_2026-07-16.md	archive/notes/docs/work_history/repo/review_feedback/FIXED_TOTAL_MOMENTUM_MOLECULAR_SCATTERING_CYCLE207_NOTE_2026-07-16.md	work_history.repo.review_feedback.fixed_total_momentum_molecular_scattering_cycle207_note_2026-07-16
docs/work_history/repo/review_feedback/FIXED_TWO_VALUE_SERIAL_READ_PATH_CYCLE118_NOTE_2026-07-15.md	archive/notes/docs/work_history/repo/review_feedback/FIXED_TWO_VALUE_SERIAL_READ_PATH_CYCLE118_NOTE_2026-07-15.md	work_history.repo.review_feedback.fixed_two_value_serial_read_path_cycle118_note_2026-07-15
docs/work_history/repo/review_feedback/FOLLOWUP_M64_PHYSICAL_M2_COMPILER_TOURNAMENT_SYNTHESIS_CYCLE257_NOTE_2026-07-17.md	archive/notes/docs/work_history/repo/review_feedback/FOLLOWUP_M64_PHYSICAL_M2_COMPILER_TOURNAMENT_SYNTHESIS_CYCLE257_NOTE_2026-07-17.md	work_history.repo.review_feedback.followup_m64_physical_m2_compiler_tournament_synthesis_cycle257_note_2026-07-17
docs/work_history/repo/review_feedback/FOUNDATION_ATOM_LEDGER_AND_DEPENDENCY_MAP_NOTE_2026-07-13.md	archive/notes/docs/work_history/repo/review_feedback/FOUNDATION_ATOM_LEDGER_AND_DEPENDENCY_MAP_NOTE_2026-07-13.md	work_history.repo.review_feedback.foundation_atom_ledger_and_dependency_map_note_2026-07-13
docs/work_history/repo/review_feedback/FOUNDATION_LICENSED_PHYSICAL_EQUIVALENCE_WEYL_PAIR_NOTE_2026-07-14.md	archive/notes/docs/work_history/repo/review_feedback/FOUNDATION_LICENSED_PHYSICAL_EQUIVALENCE_WEYL_PAIR_NOTE_2026-07-14.md	work_history.repo.review_feedback.foundation_licensed_physical_equivalence_weyl_pair_note_2026-07-14
docs/work_history/repo/review_feedback/FOUNDATION_SORT_PRESERVING_EQUIVALENCE_AND_DYNAMICAL_GAUGE_COLLAPSE_NOTE_2026-07-14.md	archive/notes/docs/work_history/repo/review_feedback/FOUNDATION_SORT_PRESERVING_EQUIVALENCE_AND_DYNAMICAL_GAUGE_COLLAPSE_NOTE_2026-07-14.md	work_history.repo.review_feedback.foundation_sort_preserving_equivalence_and_dynamical_gauge_collapse_note_2026-07-14
docs/work_history/repo/review_feedback/FOUR_AXIOM_TOE_COMPLETENESS_AND_FINAL_UPDATE_GATE_NOTE_2026-07-13.md	archive/notes/docs/work_history/repo/review_feedback/FOUR_AXIOM_TOE_COMPLETENESS_AND_FINAL_UPDATE_GATE_NOTE_2026-07-13.md	work_history.repo.review_feedback.four_axiom_toe_completeness_and_final_update_gate_note_2026-07-13
docs/work_history/repo/review_feedback/FOUR_GENERATOR_PHYSICAL_TABLEAU_ROW_MACHINE_CYCLE149_NOTE_2026-07-15.md	archive/notes/docs/work_history/repo/review_feedback/FOUR_GENERATOR_PHYSICAL_TABLEAU_ROW_MACHINE_CYCLE149_NOTE_2026-07-15.md	work_history.repo.review_feedback.four_generator_physical_tableau_row_machine_cycle149_note_2026-07-15
docs/work_history/repo/review_feedback/FOUR_OPEN_RESERVATION_COMB_CYCLE59_NOTE_2026-07-14.md	archive/notes/docs/work_history/repo/review_feedback/FOUR_OPEN_RESERVATION_COMB_CYCLE59_NOTE_2026-07-14.md	work_history.repo.review_feedback.four_open_reservation_comb_cycle59_note_2026-07-14
docs/work_history/repo/review_feedback/FOUR_ROW_LATE_GUARD_SOCKET_BOUNDARY_CYCLE137_NOTE_2026-07-15.md	archive/notes/docs/work_history/repo/review_feedback/FOUR_ROW_LATE_GUARD_SOCKET_BOUNDARY_CYCLE137_NOTE_2026-07-15.md	work_history.repo.review_feedback.four_row_late_guard_socket_boundary_cycle137_note_2026-07-15
docs/work_history/repo/review_feedback/FRAGMENT_SAFE_ROLE_REMAP_TYPE_INTEGRATION_CYCLE108_NOTE_2026-07-15.md	archive/notes/docs/work_history/repo/review_feedback/FRAGMENT_SAFE_ROLE_REMAP_TYPE_INTEGRATION_CYCLE108_NOTE_2026-07-15.md	work_history.repo.review_feedback.fragment_safe_role_remap_type_integration_cycle108_note_2026-07-15
docs/work_history/repo/review_feedback/FRAME_CAGED_LOCAL_MOTIF_CYCLE50_NOTE_2026-07-14.md	archive/notes/docs/work_history/repo/review_feedback/FRAME_CAGED_LOCAL_MOTIF_CYCLE50_NOTE_2026-07-14.md	work_history.repo.review_feedback.frame_caged_local_motif_cycle50_note_2026-07-14
docs/work_history/repo/review_feedback/FULL_A_BOUNDARY_LAUNCHER_LAST_CYCLE57_NOTE_2026-07-14.md	archive/notes/docs/work_history/repo/review_feedback/FULL_A_BOUNDARY_LAUNCHER_LAST_CYCLE57_NOTE_2026-07-14.md	work_history.repo.review_feedback.full_a_boundary_launcher_last_cycle57_note_2026-07-14
docs/work_history/repo/review_feedback/FULL_FOCK_UNIT_WEIGHT_MEDIATOR_PAIRED_TWO_SOURCE_CYCLE325_NOTE_2026-07-18.md	archive/notes/docs/work_history/repo/review_feedback/FULL_FOCK_UNIT_WEIGHT_MEDIATOR_PAIRED_TWO_SOURCE_CYCLE325_NOTE_2026-07-18.md	work_history.repo.review_feedback.full_fock_unit_weight_mediator_paired_two_source_cycle325_note_2026-07-18
docs/work_history/repo/review_feedback/FULL_LATTICE_FD_SLIR_COMPATIBILITY_AND_MINIMUM_CONTENT_NOTE_2026-07-14.md	archive/notes/docs/work_history/repo/review_feedback/FULL_LATTICE_FD_SLIR_COMPATIBILITY_AND_MINIMUM_CONTENT_NOTE_2026-07-14.md	work_history.repo.review_feedback.full_lattice_fd_slir_compatibility_and_minimum_content_note_2026-07-14
docs/work_history/repo/review_feedback/FULL_LAW_ADJACENT_CRITICAL_PAIR_ACTUALITY_CYCLE186_NOTE_2026-07-16.md	archive/notes/docs/work_history/repo/review_feedback/FULL_LAW_ADJACENT_CRITICAL_PAIR_ACTUALITY_CYCLE186_NOTE_2026-07-16.md	work_history.repo.review_feedback.full_law_adjacent_critical_pair_actuality_cycle186_note_2026-07-16
docs/work_history/repo/review_feedback/FULL_LAW_BINARY_PHYSICALIZATION_CENSUS_CYCLE185_NOTE_2026-07-16.md	archive/notes/docs/work_history/repo/review_feedback/FULL_LAW_BINARY_PHYSICALIZATION_CENSUS_CYCLE185_NOTE_2026-07-16.md	work_history.repo.review_feedback.full_law_binary_physicalization_census_cycle185_note_2026-07-16
docs/work_history/repo/review_feedback/FULL_LAW_INVENTORY_ADVERSARIAL_REDUCTION_NOTE_2026-07-14.md	archive/notes/docs/work_history/repo/review_feedback/FULL_LAW_INVENTORY_ADVERSARIAL_REDUCTION_NOTE_2026-07-14.md	work_history.repo.review_feedback.full_law_inventory_adversarial_reduction_note_2026-07-14
docs/work_history/repo/review_feedback/FULL_TWO_PARTICLE_FIXED_SEAM_SYNTHESIS_CYCLE305_NOTE_2026-07-17.md	archive/notes/docs/work_history/repo/review_feedback/FULL_TWO_PARTICLE_FIXED_SEAM_SYNTHESIS_CYCLE305_NOTE_2026-07-17.md	work_history.repo.review_feedback.full_two_particle_fixed_seam_synthesis_cycle305_note_2026-07-17
docs/work_history/repo/review_feedback/FULL_Z3_CAUSAL_FRONT_SAMPLED_INSTRUMENT_LAW_NOTE_2026-07-14.md	archive/notes/docs/work_history/repo/review_feedback/FULL_Z3_CAUSAL_FRONT_SAMPLED_INSTRUMENT_LAW_NOTE_2026-07-14.md	work_history.repo.review_feedback.full_z3_causal_front_sampled_instrument_law_note_2026-07-14
docs/work_history/repo/review_feedback/FUNDAMENTAL_ONE_QUBIT_QCA_COMPILATION_CYCLE12_NOTE_2026-07-14.md	archive/notes/docs/work_history/repo/review_feedback/FUNDAMENTAL_ONE_QUBIT_QCA_COMPILATION_CYCLE12_NOTE_2026-07-14.md	work_history.repo.review_feedback.fundamental_one_qubit_qca_compilation_cycle12_note_2026-07-14
docs/work_history/repo/review_feedback/GENERAL_CLIFFORD_REFERENCE_SPOKE_COVARIANCE_CYCLE268_NOTE_2026-07-17.md	archive/notes/docs/work_history/repo/review_feedback/GENERAL_CLIFFORD_REFERENCE_SPOKE_COVARIANCE_CYCLE268_NOTE_2026-07-17.md	work_history.repo.review_feedback.general_clifford_reference_spoke_covariance_cycle268_note_2026-07-17
docs/work_history/repo/review_feedback/GENERATED_BETA_PHASE_REGISTER_CYCLE220_NOTE_2026-07-16.md	archive/notes/docs/work_history/repo/review_feedback/GENERATED_BETA_PHASE_REGISTER_CYCLE220_NOTE_2026-07-16.md	work_history.repo.review_feedback.generated_beta_phase_register_cycle220_note_2026-07-16
docs/work_history/repo/review_feedback/GENERATED_CARRIER_MOLECULE_RECOIL_CYCLE206_NOTE_2026-07-16.md	archive/notes/docs/work_history/repo/review_feedback/GENERATED_CARRIER_MOLECULE_RECOIL_CYCLE206_NOTE_2026-07-16.md	work_history.repo.review_feedback.generated_carrier_molecule_recoil_cycle206_note_2026-07-16
docs/work_history/repo/review_feedback/GENERATED_ENDPOINT_AUTONOMOUS_FRAME_RAIL_CYCLE102_NOTE_2026-07-15.md	archive/notes/docs/work_history/repo/review_feedback/GENERATED_ENDPOINT_AUTONOMOUS_FRAME_RAIL_CYCLE102_NOTE_2026-07-15.md	work_history.repo.review_feedback.generated_endpoint_autonomous_frame_rail_cycle102_note_2026-07-15
docs/work_history/repo/review_feedback/GENUINE_STAGGERED_PARITY_SHUTTLE_CYCLE260_NOTE_2026-07-17.md	archive/notes/docs/work_history/repo/review_feedback/GENUINE_STAGGERED_PARITY_SHUTTLE_CYCLE260_NOTE_2026-07-17.md	work_history.repo.review_feedback.genuine_staggered_parity_shuttle_cycle260_note_2026-07-17
docs/work_history/repo/review_feedback/GLOBAL_Q2_SIMULTANEOUS_TWO_SOURCE_CYCLE328_NOTE_2026-07-18.md	archive/notes/docs/work_history/repo/review_feedback/GLOBAL_Q2_SIMULTANEOUS_TWO_SOURCE_CYCLE328_NOTE_2026-07-18.md	work_history.repo.review_feedback.global_q2_simultaneous_two_source_cycle328_note_2026-07-18
docs/work_history/repo/review_feedback/GLOBAL_RECORD_HISTORY_PROCESS_LAW_CYCLE30_NOTE_2026-07-14.md	archive/notes/docs/work_history/repo/review_feedback/GLOBAL_RECORD_HISTORY_PROCESS_LAW_CYCLE30_NOTE_2026-07-14.md	work_history.repo.review_feedback.global_record_history_process_law_cycle30_note_2026-07-14
docs/work_history/repo/review_feedback/GRAVITY_ROUTE_C_BOUNDED_DIRECT_CURRENT_SEARCH_NOTE_2026-07-17.md	archive/notes/docs/work_history/repo/review_feedback/GRAVITY_ROUTE_C_BOUNDED_DIRECT_CURRENT_SEARCH_NOTE_2026-07-17.md	work_history.repo.review_feedback.gravity_route_c_bounded_direct_current_search_note_2026-07-17
docs/work_history/repo/review_feedback/GUARDED_THREE_ROW_SOCKET_RENEWAL_BOUNDARY_CYCLE134_NOTE_2026-07-15.md	archive/notes/docs/work_history/repo/review_feedback/GUARDED_THREE_ROW_SOCKET_RENEWAL_BOUNDARY_CYCLE134_NOTE_2026-07-15.md	work_history.repo.review_feedback.guarded_three_row_socket_renewal_boundary_cycle134_note_2026-07-15
docs/work_history/repo/review_feedback/GUIDED_CYCLE67_BDH_REBIND_CYCLE76_NOTE_2026-07-14.md	archive/notes/docs/work_history/repo/review_feedback/GUIDED_CYCLE67_BDH_REBIND_CYCLE76_NOTE_2026-07-14.md	work_history.repo.review_feedback.guided_cycle67_bdh_rebind_cycle76_note_2026-07-14
docs/work_history/repo/review_feedback/HARDCORE_GLOBAL_Q2_MEDIATOR_CYCLE331_NOTE_2026-07-18.md	archive/notes/docs/work_history/repo/review_feedback/HARDCORE_GLOBAL_Q2_MEDIATOR_CYCLE331_NOTE_2026-07-18.md	work_history.repo.review_feedback.hardcore_global_q2_mediator_cycle331_note_2026-07-18
docs/work_history/repo/review_feedback/HOMOGENEOUS_BOUNDARY_SEED_SELECTION_NOTE_2026-07-14.md	archive/notes/docs/work_history/repo/review_feedback/HOMOGENEOUS_BOUNDARY_SEED_SELECTION_NOTE_2026-07-14.md	work_history.repo.review_feedback.homogeneous_boundary_seed_selection_note_2026-07-14
docs/work_history/repo/review_feedback/INCIDENT_CAR_AUXILIARY_DRESSING_CYCLE256_NOTE_2026-07-17.md	archive/notes/docs/work_history/repo/review_feedback/INCIDENT_CAR_AUXILIARY_DRESSING_CYCLE256_NOTE_2026-07-17.md	work_history.repo.review_feedback.incident_car_auxiliary_dressing_cycle256_note_2026-07-17
docs/work_history/repo/review_feedback/INFINITE_REDUNDANCY_QUASILOCAL_RECORD_SECTOR_NOTE_2026-07-14.md	archive/notes/docs/work_history/repo/review_feedback/INFINITE_REDUNDANCY_QUASILOCAL_RECORD_SECTOR_NOTE_2026-07-14.md	work_history.repo.review_feedback.infinite_redundancy_quasilocal_record_sector_note_2026-07-14
docs/work_history/repo/review_feedback/INTRINSIC_FSWAP_OCCURRENCE_LINK_TOURNAMENT_CYCLE262_NOTE_2026-07-17.md	archive/notes/docs/work_history/repo/review_feedback/INTRINSIC_FSWAP_OCCURRENCE_LINK_TOURNAMENT_CYCLE262_NOTE_2026-07-17.md	work_history.repo.review_feedback.intrinsic_fswap_occurrence_link_tournament_cycle262_note_2026-07-17
docs/work_history/repo/review_feedback/INTRINSIC_SIMULATION_OBSERVER_EQUIVALENCE_RECORD_COST_NOTE_2026-07-14.md	archive/notes/docs/work_history/repo/review_feedback/INTRINSIC_SIMULATION_OBSERVER_EQUIVALENCE_RECORD_COST_NOTE_2026-07-14.md	work_history.repo.review_feedback.intrinsic_simulation_observer_equivalence_record_cost_note_2026-07-14
docs/work_history/repo/review_feedback/ISOTROPIC_WEYL_QCA_LATTICE_COMPATIBILITY_NOTE_2026-07-14.md	archive/notes/docs/work_history/repo/review_feedback/ISOTROPIC_WEYL_QCA_LATTICE_COMPATIBILITY_NOTE_2026-07-14.md	work_history.repo.review_feedback.isotropic_weyl_qca_lattice_compatibility_note_2026-07-14
docs/work_history/repo/review_feedback/JOINT_ENDPOINT_BDH_REBIND_CYCLE63_NOTE_2026-07-14.md	archive/notes/docs/work_history/repo/review_feedback/JOINT_ENDPOINT_BDH_REBIND_CYCLE63_NOTE_2026-07-14.md	work_history.repo.review_feedback.joint_endpoint_bdh_rebind_cycle63_note_2026-07-14
docs/work_history/repo/review_feedback/JOINT_SIX_MODE_COIN_BRIDGE_SYNTHESIS_CYCLE302_NOTE_2026-07-17.md	archive/notes/docs/work_history/repo/review_feedback/JOINT_SIX_MODE_COIN_BRIDGE_SYNTHESIS_CYCLE302_NOTE_2026-07-17.md	work_history.repo.review_feedback.joint_six_mode_coin_bridge_synthesis_cycle302_note_2026-07-17
docs/work_history/repo/review_feedback/LAUNCHER_LAST_FIRST_ROLE_DIFFERENTIATION_CYCLE55_NOTE_2026-07-14.md	archive/notes/docs/work_history/repo/review_feedback/LAUNCHER_LAST_FIRST_ROLE_DIFFERENTIATION_CYCLE55_NOTE_2026-07-14.md	work_history.repo.review_feedback.launcher_last_first_role_differentiation_cycle55_note_2026-07-14
docs/work_history/repo/review_feedback/LAWFUL_H0_REFERENCE_FORK_CYCLE114_NOTE_2026-07-15.md	archive/notes/docs/work_history/repo/review_feedback/LAWFUL_H0_REFERENCE_FORK_CYCLE114_NOTE_2026-07-15.md	work_history.repo.review_feedback.lawful_h0_reference_fork_cycle114_note_2026-07-15
docs/work_history/repo/review_feedback/LITERAL_BIT_ALU_SYMPLECTIC_COMMUTATION_CYCLE150_NOTE_2026-07-15.md	archive/notes/docs/work_history/repo/review_feedback/LITERAL_BIT_ALU_SYMPLECTIC_COMMUTATION_CYCLE150_NOTE_2026-07-15.md	work_history.repo.review_feedback.literal_bit_alu_symplectic_commutation_cycle150_note_2026-07-15
docs/work_history/repo/review_feedback/LIVE_DIRECTIONAL_PROGRAM_WRITER_CYCLE90_NOTE_2026-07-15.md	archive/notes/docs/work_history/repo/review_feedback/LIVE_DIRECTIONAL_PROGRAM_WRITER_CYCLE90_NOTE_2026-07-15.md	work_history.repo.review_feedback.live_directional_program_writer_cycle90_note_2026-07-15
docs/work_history/repo/review_feedback/LIVE_EIGHT_BIT_PHYSICAL_COMPARATOR_CYCLE89_NOTE_2026-07-15.md	archive/notes/docs/work_history/repo/review_feedback/LIVE_EIGHT_BIT_PHYSICAL_COMPARATOR_CYCLE89_NOTE_2026-07-15.md	work_history.repo.review_feedback.live_eight_bit_physical_comparator_cycle89_note_2026-07-15
docs/work_history/repo/review_feedback/LIVE_SEED_ROW_READABLE_MACROSTEP_CYCLE94_NOTE_2026-07-15.md	archive/notes/docs/work_history/repo/review_feedback/LIVE_SEED_ROW_READABLE_MACROSTEP_CYCLE94_NOTE_2026-07-15.md	work_history.repo.review_feedback.live_seed_row_readable_macrostep_cycle94_note_2026-07-15
docs/work_history/repo/review_feedback/LOCALLY_BOUND_COMPOSITE_MASS_BRIDGE_CYCLE203_NOTE_2026-07-16.md	archive/notes/docs/work_history/repo/review_feedback/LOCALLY_BOUND_COMPOSITE_MASS_BRIDGE_CYCLE203_NOTE_2026-07-16.md	work_history.repo.review_feedback.locally_bound_composite_mass_bridge_cycle203_note_2026-07-16
docs/work_history/repo/review_feedback/LOCALLY_MATCHED_WILSON_SECTOR_STATES_CYCLE275_NOTE_2026-07-17.md	archive/notes/docs/work_history/repo/review_feedback/LOCALLY_MATCHED_WILSON_SECTOR_STATES_CYCLE275_NOTE_2026-07-17.md	work_history.repo.review_feedback.locally_matched_wilson_sector_states_cycle275_note_2026-07-17
docs/work_history/repo/review_feedback/LOCAL_CLICK_STRENGTH_RESOLUTION_INERTIA_CYCLE225_NOTE_2026-07-17.md	archive/notes/docs/work_history/repo/review_feedback/LOCAL_CLICK_STRENGTH_RESOLUTION_INERTIA_CYCLE225_NOTE_2026-07-17.md	work_history.repo.review_feedback.local_click_strength_resolution_inertia_cycle225_note_2026-07-17
docs/work_history/repo/review_feedback/LOCAL_CONJUGATE_RESERVOIR_SOURCE_FIELD_LEDGER_REPAIR_NOTE_2026-07-17.md	archive/notes/docs/work_history/repo/review_feedback/LOCAL_CONJUGATE_RESERVOIR_SOURCE_FIELD_LEDGER_REPAIR_NOTE_2026-07-17.md	work_history.repo.review_feedback.local_conjugate_reservoir_source_field_ledger_repair_note_2026-07-17
docs/work_history/repo/review_feedback/LOCAL_FORCE_INERTIAL_MASS_BRIDGE_CYCLE202_NOTE_2026-07-16.md	archive/notes/docs/work_history/repo/review_feedback/LOCAL_FORCE_INERTIAL_MASS_BRIDGE_CYCLE202_NOTE_2026-07-16.md	work_history.repo.review_feedback.local_force_inertial_mass_bridge_cycle202_note_2026-07-16
docs/work_history/repo/review_feedback/LOCAL_INSTRUMENT_TO_RECORD_CLOSE_TOURNAMENT_CYCLE279_NOTE_2026-07-17.md	archive/notes/docs/work_history/repo/review_feedback/LOCAL_INSTRUMENT_TO_RECORD_CLOSE_TOURNAMENT_CYCLE279_NOTE_2026-07-17.md	work_history.repo.review_feedback.local_instrument_to_record_close_tournament_cycle279_note_2026-07-17
docs/work_history/repo/review_feedback/LOCAL_M2_MASS_SCALAR_DEFORMATION_RESPONSE_ROUTE_B_NOTE_2026-07-17.md	archive/notes/docs/work_history/repo/review_feedback/LOCAL_M2_MASS_SCALAR_DEFORMATION_RESPONSE_ROUTE_B_NOTE_2026-07-17.md	work_history.repo.review_feedback.local_m2_mass_scalar_deformation_response_route_b_note_2026-07-17
docs/work_history/repo/review_feedback/LOCAL_RELATIONAL_LATE_DETECTOR_CYCLE208_NOTE_2026-07-16.md	archive/notes/docs/work_history/repo/review_feedback/LOCAL_RELATIONAL_LATE_DETECTOR_CYCLE208_NOTE_2026-07-16.md	work_history.repo.review_feedback.local_relational_late_detector_cycle208_note_2026-07-16
docs/work_history/repo/review_feedback/LOCAL_ROUGH_PUNCTURE_ODD_SECTOR_CYCLE247_NOTE_2026-07-17.md	archive/notes/docs/work_history/repo/review_feedback/LOCAL_ROUGH_PUNCTURE_ODD_SECTOR_CYCLE247_NOTE_2026-07-17.md	work_history.repo.review_feedback.local_rough_puncture_odd_sector_cycle247_note_2026-07-17
docs/work_history/repo/review_feedback/LOCKING_CADENCE_RECORD_KERNEL_DISCRIMINATOR_CYCLE223_NOTE_2026-07-17.md	archive/notes/docs/work_history/repo/review_feedback/LOCKING_CADENCE_RECORD_KERNEL_DISCRIMINATOR_CYCLE223_NOTE_2026-07-17.md	work_history.repo.review_feedback.locking_cadence_record_kernel_discriminator_cycle223_note_2026-07-17
docs/work_history/repo/review_feedback/L_SHAPE_LOCAL_GAUGE_HANDOFF_RANK_NOTE_2026-07-25.md	archive/notes/docs/work_history/repo/review_feedback/L_SHAPE_LOCAL_GAUGE_HANDOFF_RANK_NOTE_2026-07-25.md	work_history.repo.review_feedback.l_shape_local_gauge_handoff_rank_note_2026-07-25
docs/work_history/repo/review_feedback/MAIN_CONTROL_PLANE_AUDIT_2026-04-11.md	archive/notes/docs/work_history/repo/review_feedback/MAIN_CONTROL_PLANE_AUDIT_2026-04-11.md	work_history.repo.review_feedback.main_control_plane_audit_2026-04-11
docs/work_history/repo/review_feedback/MAIN_REVISIT_SWEEP_2026-04-11.md	archive/notes/docs/work_history/repo/review_feedback/MAIN_REVISIT_SWEEP_2026-04-11.md	work_history.repo.review_feedback.main_revisit_sweep_2026-04-11
docs/work_history/repo/review_feedback/MATTER_COUNTING_CHIRALITY_EXACT_LAW_PLACEMENT_NOTE_2026-07-14.md	archive/notes/docs/work_history/repo/review_feedback/MATTER_COUNTING_CHIRALITY_EXACT_LAW_PLACEMENT_NOTE_2026-07-14.md	work_history.repo.review_feedback.matter_counting_chirality_exact_law_placement_note_2026-07-14
docs/work_history/repo/review_feedback/MEASUREMENT_FEEDFORWARD_SQUARE_PYRAMID_PREPARATION_CYCLE240_NOTE_2026-07-17.md	archive/notes/docs/work_history/repo/review_feedback/MEASUREMENT_FEEDFORWARD_SQUARE_PYRAMID_PREPARATION_CYCLE240_NOTE_2026-07-17.md	work_history.repo.review_feedback.measurement_feedforward_square_pyramid_preparation_cycle240_note_2026-07-17
docs/work_history/repo/review_feedback/MEASURE_TWICE_CONSTITUTIONAL_DECISION_PACKET_NOTE_2026-07-13.md	archive/notes/docs/work_history/repo/review_feedback/MEASURE_TWICE_CONSTITUTIONAL_DECISION_PACKET_NOTE_2026-07-13.md	work_history.repo.review_feedback.measure_twice_constitutional_decision_packet_note_2026-07-13
docs/work_history/repo/review_feedback/MEASURE_TWICE_FINAL_MINIMUM_AXIOM_CUT_READINESS_NOTE_2026-07-14.md	archive/notes/docs/work_history/repo/review_feedback/MEASURE_TWICE_FINAL_MINIMUM_AXIOM_CUT_READINESS_NOTE_2026-07-14.md	work_history.repo.review_feedback.measure_twice_final_minimum_axiom_cut_readiness_note_2026-07-14
docs/work_history/repo/review_feedback/MINIMAL_EXCHANGE_ACTION_SELECTION_CYCLE217_NOTE_2026-07-16.md	archive/notes/docs/work_history/repo/review_feedback/MINIMAL_EXCHANGE_ACTION_SELECTION_CYCLE217_NOTE_2026-07-16.md	work_history.repo.review_feedback.minimal_exchange_action_selection_cycle217_note_2026-07-16
docs/work_history/repo/review_feedback/MINIMUM_AXIOM_UPDATE_EXERCISE_SYNTHESIS_AND_CUT_GATE_NOTE_2026-07-14.md	archive/notes/docs/work_history/repo/review_feedback/MINIMUM_AXIOM_UPDATE_EXERCISE_SYNTHESIS_AND_CUT_GATE_NOTE_2026-07-14.md	work_history.repo.review_feedback.minimum_axiom_update_exercise_synthesis_and_cut_gate_note_2026-07-14
docs/work_history/repo/review_feedback/MINIMUM_CONSTITUTIONAL_CONTENT_EXHAUSTION_LEDGER_NOTE_2026-07-14.md	archive/notes/docs/work_history/repo/review_feedback/MINIMUM_CONSTITUTIONAL_CONTENT_EXHAUSTION_LEDGER_NOTE_2026-07-14.md	work_history.repo.review_feedback.minimum_constitutional_content_exhaustion_ledger_note_2026-07-14
docs/work_history/repo/review_feedback/MIXED_PAULI_SELECTOR_CANONICAL_PAIR_TOURNAMENT_CYCLE254_NOTE_2026-07-17.md	archive/notes/docs/work_history/repo/review_feedback/MIXED_PAULI_SELECTOR_CANONICAL_PAIR_TOURNAMENT_CYCLE254_NOTE_2026-07-17.md	work_history.repo.review_feedback.mixed_pauli_selector_canonical_pair_tournament_cycle254_note_2026-07-17
docs/work_history/repo/review_feedback/MIXED_TRANSIENT_PAIR_BARRIER_PHASE_CYCLE68_NOTE_2026-07-14.md	archive/notes/docs/work_history/repo/review_feedback/MIXED_TRANSIENT_PAIR_BARRIER_PHASE_CYCLE68_NOTE_2026-07-14.md	work_history.repo.review_feedback.mixed_transient_pair_barrier_phase_cycle68_note_2026-07-14
docs/work_history/repo/review_feedback/MONOTONE_PHASE_TRANSDUCER_CYCLE64_SCRATCH_NOTE_2026-07-14.md	archive/notes/docs/work_history/repo/review_feedback/MONOTONE_PHASE_TRANSDUCER_CYCLE64_SCRATCH_NOTE_2026-07-14.md	work_history.repo.review_feedback.monotone_phase_transducer_cycle64_scratch_note_2026-07-14
docs/work_history/repo/review_feedback/MOVING_LOGICAL_APPARATUS_APPEND_FRONT_CYCLE34_NOTE_2026-07-14.md	archive/notes/docs/work_history/repo/review_feedback/MOVING_LOGICAL_APPARATUS_APPEND_FRONT_CYCLE34_NOTE_2026-07-14.md	work_history.repo.review_feedback.moving_logical_apparatus_append_front_cycle34_note_2026-07-14
docs/work_history/repo/review_feedback/NAMED_SITE_RECORD_FAITHFUL_EQUIVALENCE_CLASSIFICATION_NOTE_2026-07-14.md	archive/notes/docs/work_history/repo/review_feedback/NAMED_SITE_RECORD_FAITHFUL_EQUIVALENCE_CLASSIFICATION_NOTE_2026-07-14.md	work_history.repo.review_feedback.named_site_record_faithful_equivalence_classification_note_2026-07-14
docs/work_history/repo/review_feedback/NEAREST_NEIGHBOR_SEED_COMPILATION_CYCLE19_NOTE_2026-07-14.md	archive/notes/docs/work_history/repo/review_feedback/NEAREST_NEIGHBOR_SEED_COMPILATION_CYCLE19_NOTE_2026-07-14.md	work_history.repo.review_feedback.nearest_neighbor_seed_compilation_cycle19_note_2026-07-14
docs/work_history/repo/review_feedback/NONDIAGONAL_REFERENCE_CAT_PARITY_JOIN_CYCLE267_NOTE_2026-07-17.md	archive/notes/docs/work_history/repo/review_feedback/NONDIAGONAL_REFERENCE_CAT_PARITY_JOIN_CYCLE267_NOTE_2026-07-17.md	work_history.repo.review_feedback.nondiagonal_reference_cat_parity_join_cycle267_note_2026-07-17
docs/work_history/repo/review_feedback/OBSERVABLE_SPECIFIC_WILSON_BLINDNESS_CYCLE274_NOTE_2026-07-17.md	archive/notes/docs/work_history/repo/review_feedback/OBSERVABLE_SPECIFIC_WILSON_BLINDNESS_CYCLE274_NOTE_2026-07-17.md	work_history.repo.review_feedback.observable_specific_wilson_blindness_cycle274_note_2026-07-17
docs/work_history/repo/review_feedback/OFFICIAL_SEED_TO_RAIL_NUCLEATION_CYCLE53_NOTE_2026-07-14.md	archive/notes/docs/work_history/repo/review_feedback/OFFICIAL_SEED_TO_RAIL_NUCLEATION_CYCLE53_NOTE_2026-07-14.md	work_history.repo.review_feedback.official_seed_to_rail_nucleation_cycle53_note_2026-07-14
docs/work_history/repo/review_feedback/OFF_CODE_LOCAL_AUXILIARY_COMPLETION_CYCLE246_NOTE_2026-07-17.md	archive/notes/docs/work_history/repo/review_feedback/OFF_CODE_LOCAL_AUXILIARY_COMPLETION_CYCLE246_NOTE_2026-07-17.md	work_history.repo.review_feedback.off_code_local_auxiliary_completion_cycle246_note_2026-07-17
docs/work_history/repo/review_feedback/ONE_CUT_FOUNDATION_SURFACE_IMPACT_MAP_NOTE_2026-07-14.md	archive/notes/docs/work_history/repo/review_feedback/ONE_CUT_FOUNDATION_SURFACE_IMPACT_MAP_NOTE_2026-07-14.md	work_history.repo.review_feedback.one_cut_foundation_surface_impact_map_note_2026-07-14
docs/work_history/repo/review_feedback/ONSITE_ALPHABET_CLOSED_FRAME_RAIL_CYCLE104_NOTE_2026-07-15.md	archive/notes/docs/work_history/repo/review_feedback/ONSITE_ALPHABET_CLOSED_FRAME_RAIL_CYCLE104_NOTE_2026-07-15.md	work_history.repo.review_feedback.onsite_alphabet_closed_frame_rail_cycle104_note_2026-07-15
docs/work_history/repo/review_feedback/OPEN_SITE_RESERVATION_HANDSHAKE_CYCLE51_NOTE_2026-07-14.md	archive/notes/docs/work_history/repo/review_feedback/OPEN_SITE_RESERVATION_HANDSHAKE_CYCLE51_NOTE_2026-07-14.md	work_history.repo.review_feedback.open_site_reservation_handshake_cycle51_note_2026-07-14
docs/work_history/repo/review_feedback/OPERATIONAL_BINARY_MACROCODE_COMPILER_CYCLE58_NOTE_2026-07-14.md	archive/notes/docs/work_history/repo/review_feedback/OPERATIONAL_BINARY_MACROCODE_COMPILER_CYCLE58_NOTE_2026-07-14.md	work_history.repo.review_feedback.operational_binary_macrocode_compiler_cycle58_note_2026-07-14
docs/work_history/repo/review_feedback/OPERATIONAL_CONTEXT_PROCESS_SEAM_CYCLE181_NOTE_2026-07-16.md	archive/notes/docs/work_history/repo/review_feedback/OPERATIONAL_CONTEXT_PROCESS_SEAM_CYCLE181_NOTE_2026-07-16.md	work_history.repo.review_feedback.operational_context_process_seam_cycle181_note_2026-07-16
docs/work_history/repo/review_feedback/OPERATIONAL_MASS_COORDINATE_TOURNAMENT_CYCLE201_NOTE_2026-07-16.md	archive/notes/docs/work_history/repo/review_feedback/OPERATIONAL_MASS_COORDINATE_TOURNAMENT_CYCLE201_NOTE_2026-07-16.md	work_history.repo.review_feedback.operational_mass_coordinate_tournament_cycle201_note_2026-07-16
docs/work_history/repo/review_feedback/OPERATIONAL_QUOTIENT_BORN_AFFINITY_CYCLE20_NOTE_2026-07-14.md	archive/notes/docs/work_history/repo/review_feedback/OPERATIONAL_QUOTIENT_BORN_AFFINITY_CYCLE20_NOTE_2026-07-14.md	work_history.repo.review_feedback.operational_quotient_born_affinity_cycle20_note_2026-07-14
docs/work_history/repo/review_feedback/OPERATIONAL_RECORD_RECONSTRUCTION_DEEP_PROBE_NOTE_2026-07-13.md	archive/notes/docs/work_history/repo/review_feedback/OPERATIONAL_RECORD_RECONSTRUCTION_DEEP_PROBE_NOTE_2026-07-13.md	work_history.repo.review_feedback.operational_record_reconstruction_deep_probe_note_2026-07-13
docs/work_history/repo/review_feedback/OPERATOR_MASS_EQUIVALENCE_CYCLE221_NOTE_2026-07-17.md	archive/notes/docs/work_history/repo/review_feedback/OPERATOR_MASS_EQUIVALENCE_CYCLE221_NOTE_2026-07-17.md	work_history.repo.review_feedback.operator_mass_equivalence_cycle221_note_2026-07-17
docs/work_history/repo/review_feedback/ORTHOGONAL_LINEAGE_COHERENT_DILATION_CYCLE182_NOTE_2026-07-16.md	archive/notes/docs/work_history/repo/review_feedback/ORTHOGONAL_LINEAGE_COHERENT_DILATION_CYCLE182_NOTE_2026-07-16.md	work_history.repo.review_feedback.orthogonal_lineage_coherent_dilation_cycle182_note_2026-07-16
docs/work_history/repo/review_feedback/OUTPUT_PORTED_COMMUTATOR_ISOLATED_PIVOT_CYCLE160_NOTE_2026-07-15.md	archive/notes/docs/work_history/repo/review_feedback/OUTPUT_PORTED_COMMUTATOR_ISOLATED_PIVOT_CYCLE160_NOTE_2026-07-15.md	work_history.repo.review_feedback.output_ported_commutator_isolated_pivot_cycle160_note_2026-07-15
docs/work_history/repo/review_feedback/OWNED_SEAM_ROUTES_ADVERSARIAL_NOTE_2026-07-25.md	archive/notes/docs/work_history/repo/review_feedback/OWNED_SEAM_ROUTES_ADVERSARIAL_NOTE_2026-07-25.md	work_history.repo.review_feedback.owned_seam_routes_adversarial_note_2026-07-25
docs/work_history/repo/review_feedback/PARITY_DOUBLING_SPECTATOR_COMPILER_CYCLE248_NOTE_2026-07-17.md	archive/notes/docs/work_history/repo/review_feedback/PARITY_DOUBLING_SPECTATOR_COMPILER_CYCLE248_NOTE_2026-07-17.md	work_history.repo.review_feedback.parity_doubling_spectator_compiler_cycle248_note_2026-07-17
docs/work_history/repo/review_feedback/PERES_MERMIN_EFFECT_COMPLETION_SEAM_CYCLE195_NOTE_2026-07-16.md	archive/notes/docs/work_history/repo/review_feedback/PERES_MERMIN_EFFECT_COMPLETION_SEAM_CYCLE195_NOTE_2026-07-16.md	work_history.repo.review_feedback.peres_mermin_effect_completion_seam_cycle195_note_2026-07-16
docs/work_history/repo/review_feedback/PERES_MERMIN_FACTORIZED_REFERENCE_CENSUS_CYCLE168_NOTE_2026-07-16.md	archive/notes/docs/work_history/repo/review_feedback/PERES_MERMIN_FACTORIZED_REFERENCE_CENSUS_CYCLE168_NOTE_2026-07-16.md	work_history.repo.review_feedback.peres_mermin_factorized_reference_census_cycle168_note_2026-07-16
docs/work_history/repo/review_feedback/PHASE_LAUNCH_FA_COMPLETION_SCRATCH_NOTE_2026-07-14.md	archive/notes/docs/work_history/repo/review_feedback/PHASE_LAUNCH_FA_COMPLETION_SCRATCH_NOTE_2026-07-14.md	work_history.repo.review_feedback.phase_launch_fa_completion_scratch_note_2026-07-14
docs/work_history/repo/review_feedback/PHASE_PORT_PRESERVING_COMB_CYCLE60_SCRATCH_NOTE_2026-07-14.md	archive/notes/docs/work_history/repo/review_feedback/PHASE_PORT_PRESERVING_COMB_CYCLE60_SCRATCH_NOTE_2026-07-14.md	work_history.repo.review_feedback.phase_port_preserving_comb_cycle60_scratch_note_2026-07-14
docs/work_history/repo/review_feedback/PHASE_SENSITIVE_RECORD_FIBRE_STATE_DISCRIMINATOR_CYCLE200_TARGET_NOTE_2026-07-16.md	archive/notes/docs/work_history/repo/review_feedback/PHASE_SENSITIVE_RECORD_FIBRE_STATE_DISCRIMINATOR_CYCLE200_TARGET_NOTE_2026-07-16.md	work_history.repo.review_feedback.phase_sensitive_record_fibre_state_discriminator_cycle200_target_note_2026-07-16
docs/work_history/repo/review_feedback/PHYSICAL_BARE_FORMATION_PORTED_READOUT_CYCLE176_NOTE_2026-07-16.md	archive/notes/docs/work_history/repo/review_feedback/PHYSICAL_BARE_FORMATION_PORTED_READOUT_CYCLE176_NOTE_2026-07-16.md	work_history.repo.review_feedback.physical_bare_formation_ported_readout_cycle176_note_2026-07-16
docs/work_history/repo/review_feedback/PHYSICAL_BRANCH_TRACKED_ISOLATION_LABELED_VERNIER_CYCLE675_NOTE_2026-07-23.md	archive/notes/docs/work_history/repo/review_feedback/PHYSICAL_BRANCH_TRACKED_ISOLATION_LABELED_VERNIER_CYCLE675_NOTE_2026-07-23.md	work_history.repo.review_feedback.physical_branch_tracked_isolation_labeled_vernier_cycle675_note_2026-07-23
docs/work_history/repo/review_feedback/PHYSICAL_COMMUTATION_MULTIPLICATION_ATOMS_CYCLE151_NOTE_2026-07-15.md	archive/notes/docs/work_history/repo/review_feedback/PHYSICAL_COMMUTATION_MULTIPLICATION_ATOMS_CYCLE151_NOTE_2026-07-15.md	work_history.repo.review_feedback.physical_commutation_multiplication_atoms_cycle151_note_2026-07-15
docs/work_history/repo/review_feedback/PHYSICAL_CONTEXT_PROGRAM_DISPATCHER_CYCLE193_NOTE_2026-07-16.md	archive/notes/docs/work_history/repo/review_feedback/PHYSICAL_CONTEXT_PROGRAM_DISPATCHER_CYCLE193_NOTE_2026-07-16.md	work_history.repo.review_feedback.physical_context_program_dispatcher_cycle193_note_2026-07-16
docs/work_history/repo/review_feedback/PHYSICAL_DETERMINISTIC_EXHAUST_SHELL_PREPARATION_TOURNAMENT_CYCLE622_NOTE_2026-07-22.md	archive/notes/docs/work_history/repo/review_feedback/PHYSICAL_DETERMINISTIC_EXHAUST_SHELL_PREPARATION_TOURNAMENT_CYCLE622_NOTE_2026-07-22.md	work_history.repo.review_feedback.physical_deterministic_exhaust_shell_preparation_tournament_cycle622_note_2026-07-22
docs/work_history/repo/review_feedback/PHYSICAL_DYNAMICAL_METRIC_SOURCE_LAW_BRIDGE_TOURNAMENT_CYCLE576_NOTE_2026-07-22.md	archive/notes/docs/work_history/repo/review_feedback/PHYSICAL_DYNAMICAL_METRIC_SOURCE_LAW_BRIDGE_TOURNAMENT_CYCLE576_NOTE_2026-07-22.md	work_history.repo.review_feedback.physical_dynamical_metric_source_law_bridge_tournament_cycle576_note_2026-07-22
docs/work_history/repo/review_feedback/PHYSICAL_ENVIRONMENT_EXPORT_REALIZED_MEMBER_BRIDGE_CYCLE334_NOTE_2026-07-18.md	archive/notes/docs/work_history/repo/review_feedback/PHYSICAL_ENVIRONMENT_EXPORT_REALIZED_MEMBER_BRIDGE_CYCLE334_NOTE_2026-07-18.md	work_history.repo.review_feedback.physical_environment_export_realized_member_bridge_cycle334_note_2026-07-18
docs/work_history/repo/review_feedback/PHYSICAL_FINITE_REVERSIBLE_NORM_SATURATION_EVALUATOR_TOURNAMENT_NOTE_2026-07-23.md	archive/notes/docs/work_history/repo/review_feedback/PHYSICAL_FINITE_REVERSIBLE_NORM_SATURATION_EVALUATOR_TOURNAMENT_NOTE_2026-07-23.md	work_history.repo.review_feedback.physical_finite_reversible_norm_saturation_evaluator_tournament_note_2026-07-23
docs/work_history/repo/review_feedback/PHYSICAL_FIVE_LANE_FORMATION_MEMBERSHIP_CYCLE179_NOTE_2026-07-16.md	archive/notes/docs/work_history/repo/review_feedback/PHYSICAL_FIVE_LANE_FORMATION_MEMBERSHIP_CYCLE179_NOTE_2026-07-16.md	work_history.repo.review_feedback.physical_five_lane_formation_membership_cycle179_note_2026-07-16
docs/work_history/repo/review_feedback/PHYSICAL_FIXED_PROGRAM_CARRIER_TWO_USE_CYCLE323_NOTE_2026-07-18.md	archive/notes/docs/work_history/repo/review_feedback/PHYSICAL_FIXED_PROGRAM_CARRIER_TWO_USE_CYCLE323_NOTE_2026-07-18.md	work_history.repo.review_feedback.physical_fixed_program_carrier_two_use_cycle323_note_2026-07-18
docs/work_history/repo/review_feedback/PHYSICAL_FOUR_CASE_PIVOT_ROUTER_CYCLE152_NOTE_2026-07-15.md	archive/notes/docs/work_history/repo/review_feedback/PHYSICAL_FOUR_CASE_PIVOT_ROUTER_CYCLE152_NOTE_2026-07-15.md	work_history.repo.review_feedback.physical_four_case_pivot_router_cycle152_note_2026-07-15
docs/work_history/repo/review_feedback/PHYSICAL_INFINITE_VOLUME_A2_TWO_LINE_VERNIER_TOURNAMENT_CYCLE662_NOTE_2026-07-23.md	archive/notes/docs/work_history/repo/review_feedback/PHYSICAL_INFINITE_VOLUME_A2_TWO_LINE_VERNIER_TOURNAMENT_CYCLE662_NOTE_2026-07-23.md	work_history.repo.review_feedback.physical_infinite_volume_a2_two_line_vernier_tournament_cycle662_note_2026-07-23
docs/work_history/repo/review_feedback/PHYSICAL_INSTRUMENT_RECORD_HISTORY_BRIDGE_SYNTHESIS_CYCLE288_NOTE_2026-07-17.md	archive/notes/docs/work_history/repo/review_feedback/PHYSICAL_INSTRUMENT_RECORD_HISTORY_BRIDGE_SYNTHESIS_CYCLE288_NOTE_2026-07-17.md	work_history.repo.review_feedback.physical_instrument_record_history_bridge_synthesis_cycle288_note_2026-07-17
docs/work_history/repo/review_feedback/PHYSICAL_ISOLATED_ROW_MUX_COMMON_OUTPUT_CYCLE163_NOTE_2026-07-15.md	archive/notes/docs/work_history/repo/review_feedback/PHYSICAL_ISOLATED_ROW_MUX_COMMON_OUTPUT_CYCLE163_NOTE_2026-07-15.md	work_history.repo.review_feedback.physical_isolated_row_mux_common_output_cycle163_note_2026-07-15
docs/work_history/repo/review_feedback/PHYSICAL_JOINT_STABILIZER_UPDATE_CYCLE166_NOTE_2026-07-16.md	archive/notes/docs/work_history/repo/review_feedback/PHYSICAL_JOINT_STABILIZER_UPDATE_CYCLE166_NOTE_2026-07-16.md	work_history.repo.review_feedback.physical_joint_stabilizer_update_cycle166_note_2026-07-16
docs/work_history/repo/review_feedback/PHYSICAL_LITERAL_BIT_CABLE_CYCLE154_NOTE_2026-07-15.md	archive/notes/docs/work_history/repo/review_feedback/PHYSICAL_LITERAL_BIT_CABLE_CYCLE154_NOTE_2026-07-15.md	work_history.repo.review_feedback.physical_literal_bit_cable_cycle154_note_2026-07-15
docs/work_history/repo/review_feedback/PHYSICAL_LITERAL_BIT_FORK_CYCLE157_NOTE_2026-07-15.md	archive/notes/docs/work_history/repo/review_feedback/PHYSICAL_LITERAL_BIT_FORK_CYCLE157_NOTE_2026-07-15.md	work_history.repo.review_feedback.physical_literal_bit_fork_cycle157_note_2026-07-15
docs/work_history/repo/review_feedback/PHYSICAL_M2_SOURCE_RESPONSE_COMMON_SEAM_CYCLE313_NOTE_2026-07-18.md	archive/notes/docs/work_history/repo/review_feedback/PHYSICAL_M2_SOURCE_RESPONSE_COMMON_SEAM_CYCLE313_NOTE_2026-07-18.md	work_history.repo.review_feedback.physical_m2_source_response_common_seam_cycle313_note_2026-07-18
docs/work_history/repo/review_feedback/PHYSICAL_M64_REVERSIBLE_EVENT_SIDECAR_CYCLE314_NOTE_2026-07-18.md	archive/notes/docs/work_history/repo/review_feedback/PHYSICAL_M64_REVERSIBLE_EVENT_SIDECAR_CYCLE314_NOTE_2026-07-18.md	work_history.repo.review_feedback.physical_m64_reversible_event_sidecar_cycle314_note_2026-07-18
docs/work_history/repo/review_feedback/PHYSICAL_OPEN_COFRAME_K_ENDPOINT_JOINED_COMPILER_TOURNAMENT_NOTE_2026-07-23.md	archive/notes/docs/work_history/repo/review_feedback/PHYSICAL_OPEN_COFRAME_K_ENDPOINT_JOINED_COMPILER_TOURNAMENT_NOTE_2026-07-23.md	work_history.repo.review_feedback.physical_open_coframe_k_endpoint_joined_compiler_tournament_note_2026-07-23
docs/work_history/repo/review_feedback/PHYSICAL_PORTED_SYMPLECTIC_FANOUT_CABLE_CYCLE155_NOTE_2026-07-15.md	archive/notes/docs/work_history/repo/review_feedback/PHYSICAL_PORTED_SYMPLECTIC_FANOUT_CABLE_CYCLE155_NOTE_2026-07-15.md	work_history.repo.review_feedback.physical_ported_symplectic_fanout_cable_cycle155_note_2026-07-15
docs/work_history/repo/review_feedback/PHYSICAL_RELATIONAL_ACTUAL_HISTORY_MEMBER_SELECTION_CYCLE333_NOTE_2026-07-18.md	archive/notes/docs/work_history/repo/review_feedback/PHYSICAL_RELATIONAL_ACTUAL_HISTORY_MEMBER_SELECTION_CYCLE333_NOTE_2026-07-18.md	work_history.repo.review_feedback.physical_relational_actual_history_member_selection_cycle333_note_2026-07-18
docs/work_history/repo/review_feedback/PHYSICAL_ROW_NATIVE_SIGNED_MEMBERSHIP_CYCLE169_NOTE_2026-07-16.md	archive/notes/docs/work_history/repo/review_feedback/PHYSICAL_ROW_NATIVE_SIGNED_MEMBERSHIP_CYCLE169_NOTE_2026-07-16.md	work_history.repo.review_feedback.physical_row_native_signed_membership_cycle169_note_2026-07-16
docs/work_history/repo/review_feedback/PHYSICAL_ROW_READER_PAYLOAD_TAP_CYCLE165_NOTE_2026-07-16.md	archive/notes/docs/work_history/repo/review_feedback/PHYSICAL_ROW_READER_PAYLOAD_TAP_CYCLE165_NOTE_2026-07-16.md	work_history.repo.review_feedback.physical_row_reader_payload_tap_cycle165_note_2026-07-16
docs/work_history/repo/review_feedback/PHYSICAL_ROW_ROLE_FORK_CABLE_CYCLE162_NOTE_2026-07-15.md	archive/notes/docs/work_history/repo/review_feedback/PHYSICAL_ROW_ROLE_FORK_CABLE_CYCLE162_NOTE_2026-07-15.md	work_history.repo.review_feedback.physical_row_role_fork_cable_cycle162_note_2026-07-15
docs/work_history/repo/review_feedback/PHYSICAL_ROW_ROLE_LITERAL_FANOUT_CYCLE153_NOTE_2026-07-15.md	archive/notes/docs/work_history/repo/review_feedback/PHYSICAL_ROW_ROLE_LITERAL_FANOUT_CYCLE153_NOTE_2026-07-15.md	work_history.repo.review_feedback.physical_row_role_literal_fanout_cycle153_note_2026-07-15
docs/work_history/repo/review_feedback/PHYSICAL_R_B01_RECURRENT_ROOT_BIND_CYCLE144_NOTE_2026-07-15.md	archive/notes/docs/work_history/repo/review_feedback/PHYSICAL_R_B01_RECURRENT_ROOT_BIND_CYCLE144_NOTE_2026-07-15.md	work_history.repo.review_feedback.physical_r_b01_recurrent_root_bind_cycle144_note_2026-07-15
docs/work_history/repo/review_feedback/PHYSICAL_SAME_COUPLING_EXECUTED_FIELD_UPDATE_RESPONSE_TOURNAMENT_NOTE_2026-07-23.md	archive/notes/docs/work_history/repo/review_feedback/PHYSICAL_SAME_COUPLING_EXECUTED_FIELD_UPDATE_RESPONSE_TOURNAMENT_NOTE_2026-07-23.md	work_history.repo.review_feedback.physical_same_coupling_executed_field_update_response_tournament_note_2026-07-23
docs/work_history/repo/review_feedback/PHYSICAL_SERIAL_REPEAT_MEASUREMENT_CYCLE174_NOTE_2026-07-16.md	archive/notes/docs/work_history/repo/review_feedback/PHYSICAL_SERIAL_REPEAT_MEASUREMENT_CYCLE174_NOTE_2026-07-16.md	work_history.repo.review_feedback.physical_serial_repeat_measurement_cycle174_note_2026-07-16
docs/work_history/repo/review_feedback/PHYSICAL_SOURCE_INSERTION_SELECTION_BACKREACTION_TOURNAMENT_CYCLE572_NOTE_2026-07-22.md	archive/notes/docs/work_history/repo/review_feedback/PHYSICAL_SOURCE_INSERTION_SELECTION_BACKREACTION_TOURNAMENT_CYCLE572_NOTE_2026-07-22.md	work_history.repo.review_feedback.physical_source_insertion_selection_backreaction_tournament_cycle572_note_2026-07-22
docs/work_history/repo/review_feedback/PHYSICAL_STATE_CONTACT_BRIDGE_SYNTHESIS_CYCLE301_NOTE_2026-07-17.md	archive/notes/docs/work_history/repo/review_feedback/PHYSICAL_STATE_CONTACT_BRIDGE_SYNTHESIS_CYCLE301_NOTE_2026-07-17.md	work_history.repo.review_feedback.physical_state_contact_bridge_synthesis_cycle301_note_2026-07-17
docs/work_history/repo/review_feedback/PHYSICAL_THREE_ROW_DUAL_COMMUTATION_BIND_CYCLE159_NOTE_2026-07-15.md	archive/notes/docs/work_history/repo/review_feedback/PHYSICAL_THREE_ROW_DUAL_COMMUTATION_BIND_CYCLE159_NOTE_2026-07-15.md	work_history.repo.review_feedback.physical_three_row_dual_commutation_bind_cycle159_note_2026-07-15
docs/work_history/repo/review_feedback/PHYSICAL_THREE_ROW_SPACIOUS_ISOLATED_PIVOT_CYCLE161_NOTE_2026-07-15.md	archive/notes/docs/work_history/repo/review_feedback/PHYSICAL_THREE_ROW_SPACIOUS_ISOLATED_PIVOT_CYCLE161_NOTE_2026-07-15.md	work_history.repo.review_feedback.physical_three_row_spacious_isolated_pivot_cycle161_note_2026-07-15
docs/work_history/repo/review_feedback/PHYSICAL_THREE_ROW_SPACIOUS_ISOLATED_PIVOT_CYCLE161_NO_GO_CHECKLIST_2026-07-15.md	archive/notes/docs/work_history/repo/review_feedback/PHYSICAL_THREE_ROW_SPACIOUS_ISOLATED_PIVOT_CYCLE161_NO_GO_CHECKLIST_2026-07-15.md	work_history.repo.review_feedback.physical_three_row_spacious_isolated_pivot_cycle161_no_go_checklist_2026-07-15
docs/work_history/repo/review_feedback/PHYSICAL_TRANSPORT_BOUND_COMMUTING_MULTIPLIER_CYCLE164_NOTE_2026-07-15.md	archive/notes/docs/work_history/repo/review_feedback/PHYSICAL_TRANSPORT_BOUND_COMMUTING_MULTIPLIER_CYCLE164_NOTE_2026-07-15.md	work_history.repo.review_feedback.physical_transport_bound_commuting_multiplier_cycle164_note_2026-07-15
docs/work_history/repo/review_feedback/PHYSICAL_TWO_PORT_ROW_FOUR_FORK_CYCLE158_NOTE_2026-07-15.md	archive/notes/docs/work_history/repo/review_feedback/PHYSICAL_TWO_PORT_ROW_FOUR_FORK_CYCLE158_NOTE_2026-07-15.md	work_history.repo.review_feedback.physical_two_port_row_four_fork_cycle158_note_2026-07-15
docs/work_history/repo/review_feedback/PHYSICAL_TWO_ROW_COMMUTATION_BIND_CYCLE156_NOTE_2026-07-15.md	archive/notes/docs/work_history/repo/review_feedback/PHYSICAL_TWO_ROW_COMMUTATION_BIND_CYCLE156_NOTE_2026-07-15.md	work_history.repo.review_feedback.physical_two_row_commutation_bind_cycle156_note_2026-07-15
docs/work_history/repo/review_feedback/POST_CYCLE105_CONSTITUTIONAL_MINIMALITY_SMUGGLE_AUDIT_CYCLE110_NOTE_2026-07-15.md	archive/notes/docs/work_history/repo/review_feedback/POST_CYCLE105_CONSTITUTIONAL_MINIMALITY_SMUGGLE_AUDIT_CYCLE110_NOTE_2026-07-15.md	work_history.repo.review_feedback.post_cycle105_constitutional_minimality_smuggle_audit_cycle110_note_2026-07-15
docs/work_history/repo/review_feedback/POST_CYCLE109_STRICT_COMPILER_CONSTITUTIONAL_DELTA_CYCLE111_NOTE_2026-07-15.md	archive/notes/docs/work_history/repo/review_feedback/POST_CYCLE109_STRICT_COMPILER_CONSTITUTIONAL_DELTA_CYCLE111_NOTE_2026-07-15.md	work_history.repo.review_feedback.post_cycle109_strict_compiler_constitutional_delta_cycle111_note_2026-07-15
docs/work_history/repo/review_feedback/POST_CYCLE115_ADDRESS_SEMANTICS_AUDIT_CYCLE116_NOTE_2026-07-15.md	archive/notes/docs/work_history/repo/review_feedback/POST_CYCLE115_ADDRESS_SEMANTICS_AUDIT_CYCLE116_NOTE_2026-07-15.md	work_history.repo.review_feedback.post_cycle115_address_semantics_audit_cycle116_note_2026-07-15
docs/work_history/repo/review_feedback/POST_CYCLE124_MINIMUM_AXIOM_AND_COMPILER_DELTA_CYCLE126_NOTE_2026-07-15.md	archive/notes/docs/work_history/repo/review_feedback/POST_CYCLE124_MINIMUM_AXIOM_AND_COMPILER_DELTA_CYCLE126_NOTE_2026-07-15.md	work_history.repo.review_feedback.post_cycle124_minimum_axiom_and_compiler_delta_cycle126_note_2026-07-15
docs/work_history/repo/review_feedback/POST_CYCLE132_MINIMUM_AXIOM_AND_COMPILER_CAMPAIGN_CYCLE133_NOTE_2026-07-15.md	archive/notes/docs/work_history/repo/review_feedback/POST_CYCLE132_MINIMUM_AXIOM_AND_COMPILER_CAMPAIGN_CYCLE133_NOTE_2026-07-15.md	work_history.repo.review_feedback.post_cycle132_minimum_axiom_and_compiler_campaign_cycle133_note_2026-07-15
docs/work_history/repo/review_feedback/POST_CYCLE94_OPERATIONAL_COMPLETENESS_AUDIT_CYCLE96_NOTE_2026-07-15.md	archive/notes/docs/work_history/repo/review_feedback/POST_CYCLE94_OPERATIONAL_COMPLETENESS_AUDIT_CYCLE96_NOTE_2026-07-15.md	work_history.repo.review_feedback.post_cycle94_operational_completeness_audit_cycle96_note_2026-07-15
docs/work_history/repo/review_feedback/PRIMITIVE_QCA_RECORD_PROTOCOL_FULL_EQUIVALENCE_STEELMAN_NOTE_2026-07-14.md	archive/notes/docs/work_history/repo/review_feedback/PRIMITIVE_QCA_RECORD_PROTOCOL_FULL_EQUIVALENCE_STEELMAN_NOTE_2026-07-14.md	work_history.repo.review_feedback.primitive_qca_record_protocol_full_equivalence_steelman_note_2026-07-14
docs/work_history/repo/review_feedback/PROPER_CUBIC_GENERATED_RECOIL_CYCLE212_NOTE_2026-07-16.md	archive/notes/docs/work_history/repo/review_feedback/PROPER_CUBIC_GENERATED_RECOIL_CYCLE212_NOTE_2026-07-16.md	work_history.repo.review_feedback.proper_cubic_generated_recoil_cycle212_note_2026-07-16
docs/work_history/repo/review_feedback/PROPER_CUBIC_QUBIT_QCA_WARD_IDENTITY_STEELMAN_NOTE_2026-07-14.md	archive/notes/docs/work_history/repo/review_feedback/PROPER_CUBIC_QUBIT_QCA_WARD_IDENTITY_STEELMAN_NOTE_2026-07-14.md	work_history.repo.review_feedback.proper_cubic_qubit_qca_ward_identity_steelman_note_2026-07-14
docs/work_history/repo/review_feedback/PROPER_CUBIC_RECURRENT_CONTACT_KERNEL_CYCLE188_NOTE_2026-07-16.md	archive/notes/docs/work_history/repo/review_feedback/PROPER_CUBIC_RECURRENT_CONTACT_KERNEL_CYCLE188_NOTE_2026-07-16.md	work_history.repo.review_feedback.proper_cubic_recurrent_contact_kernel_cycle188_note_2026-07-16
docs/work_history/repo/review_feedback/PROTECTED_MATTER_TRANSPORT_CYCLE44_NOTE_2026-07-14.md	archive/notes/docs/work_history/repo/review_feedback/PROTECTED_MATTER_TRANSPORT_CYCLE44_NOTE_2026-07-14.md	work_history.repo.review_feedback.protected_matter_transport_cycle44_note_2026-07-14
docs/work_history/repo/review_feedback/QCA_ISOMETRY_SQUARE_PYRAMID_CYCLE241_NOTE_2026-07-17.md	archive/notes/docs/work_history/repo/review_feedback/QCA_ISOMETRY_SQUARE_PYRAMID_CYCLE241_NOTE_2026-07-17.md	work_history.repo.review_feedback.qca_isometry_square_pyramid_cycle241_note_2026-07-17
docs/work_history/repo/review_feedback/QUALITATIVE_SUBSTRATE_EXACT_LAW_SELECTION_NOTE_2026-07-14.md	archive/notes/docs/work_history/repo/review_feedback/QUALITATIVE_SUBSTRATE_EXACT_LAW_SELECTION_NOTE_2026-07-14.md	work_history.repo.review_feedback.qualitative_substrate_exact_law_selection_note_2026-07-14
docs/work_history/repo/review_feedback/QUANTUM_DISSIPATIVE_SEED_ESCAPE_CYCLE20_NOTE_2026-07-14.md	archive/notes/docs/work_history/repo/review_feedback/QUANTUM_DISSIPATIVE_SEED_ESCAPE_CYCLE20_NOTE_2026-07-14.md	work_history.repo.review_feedback.quantum_dissipative_seed_escape_cycle20_note_2026-07-14
docs/work_history/repo/review_feedback/QUBIT_SYMMETRY_EXCHANGE_LAW_REDUCTION_PROBE_NOTE_2026-07-14.md	archive/notes/docs/work_history/repo/review_feedback/QUBIT_SYMMETRY_EXCHANGE_LAW_REDUCTION_PROBE_NOTE_2026-07-14.md	work_history.repo.review_feedback.qubit_symmetry_exchange_law_reduction_probe_note_2026-07-14
docs/work_history/repo/review_feedback/RADIUS_TWO_INCIDENT_CAR_QUADRATIC_TOURNAMENT_CYCLE258_NOTE_2026-07-17.md	archive/notes/docs/work_history/repo/review_feedback/RADIUS_TWO_INCIDENT_CAR_QUADRATIC_TOURNAMENT_CYCLE258_NOTE_2026-07-17.md	work_history.repo.review_feedback.radius_two_incident_car_quadratic_tournament_cycle258_note_2026-07-17
docs/work_history/repo/review_feedback/REACHABLE_RECURRENT_CONTACT_CRITICAL_PAIR_CYCLE187_NOTE_2026-07-16.md	archive/notes/docs/work_history/repo/review_feedback/REACHABLE_RECURRENT_CONTACT_CRITICAL_PAIR_CYCLE187_NOTE_2026-07-16.md	work_history.repo.review_feedback.reachable_recurrent_contact_critical_pair_cycle187_note_2026-07-16
docs/work_history/repo/review_feedback/READ_STATUS_TO_GENERATED_RAIL_SPINE_CYCLE105_NOTE_2026-07-15.md	archive/notes/docs/work_history/repo/review_feedback/READ_STATUS_TO_GENERATED_RAIL_SPINE_CYCLE105_NOTE_2026-07-15.md	work_history.repo.review_feedback.read_status_to_generated_rail_spine_cycle105_note_2026-07-15
docs/work_history/repo/review_feedback/REALIZED_HISTORY_EXACT_LAW_IDENTIFIABILITY_CYCLE42_NOTE_2026-07-14.md	archive/notes/docs/work_history/repo/review_feedback/REALIZED_HISTORY_EXACT_LAW_IDENTIFIABILITY_CYCLE42_NOTE_2026-07-14.md	work_history.repo.review_feedback.realized_history_exact_law_identifiability_cycle42_note_2026-07-14
docs/work_history/repo/review_feedback/RECORD_CAPACITY_RENEWAL_CONSTITUTIONAL_PRESSURE_NOTE_2026-07-14.md	archive/notes/docs/work_history/repo/review_feedback/RECORD_CAPACITY_RENEWAL_CONSTITUTIONAL_PRESSURE_NOTE_2026-07-14.md	work_history.repo.review_feedback.record_capacity_renewal_constitutional_pressure_note_2026-07-14
docs/work_history/repo/review_feedback/RECORD_CONDITIONED_EXCHANGE_CAPACITY_GRAVITY_FINITE_PROBE_NOTE_2026-07-14.md	archive/notes/docs/work_history/repo/review_feedback/RECORD_CONDITIONED_EXCHANGE_CAPACITY_GRAVITY_FINITE_PROBE_NOTE_2026-07-14.md	work_history.repo.review_feedback.record_conditioned_exchange_capacity_gravity_finite_probe_note_2026-07-14
docs/work_history/repo/review_feedback/RECORD_DEFINED_CAUSAL_DEPTH_CLOCK_CYCLE170_NOTE_2026-07-16.md	archive/notes/docs/work_history/repo/review_feedback/RECORD_DEFINED_CAUSAL_DEPTH_CLOCK_CYCLE170_NOTE_2026-07-16.md	work_history.repo.review_feedback.record_defined_causal_depth_clock_cycle170_note_2026-07-16
docs/work_history/repo/review_feedback/RECORD_DERIVED_COHERENT_CARRIER_DECODER_CYCLE48_NOTE_2026-07-14.md	archive/notes/docs/work_history/repo/review_feedback/RECORD_DERIVED_COHERENT_CARRIER_DECODER_CYCLE48_NOTE_2026-07-14.md	work_history.repo.review_feedback.record_derived_coherent_carrier_decoder_cycle48_note_2026-07-14
docs/work_history/repo/review_feedback/RECORD_FORMATION_THREE_ROUTE_ASSUMPTIONS_EXERCISE_AND_AXIOM_TARGET_NOTE_2026-07-13.md	archive/notes/docs/work_history/repo/review_feedback/RECORD_FORMATION_THREE_ROUTE_ASSUMPTIONS_EXERCISE_AND_AXIOM_TARGET_NOTE_2026-07-13.md	work_history.repo.review_feedback.record_formation_three_route_assumptions_exercise_and_axiom_target_note_2026-07-13
docs/work_history/repo/review_feedback/RECORD_INSTRUMENT_SELECTION_LUDERS_PRIMARY_SOURCE_AUDIT_NOTE_2026-07-14.md	archive/notes/docs/work_history/repo/review_feedback/RECORD_INSTRUMENT_SELECTION_LUDERS_PRIMARY_SOURCE_AUDIT_NOTE_2026-07-14.md	work_history.repo.review_feedback.record_instrument_selection_luders_primary_source_audit_note_2026-07-14
docs/work_history/repo/review_feedback/RECORD_STATE_PHASE_SUFFICIENCY_CONSTRUCTIVE_PROBE_NOTE_2026-07-13.md	archive/notes/docs/work_history/repo/review_feedback/RECORD_STATE_PHASE_SUFFICIENCY_CONSTRUCTIVE_PROBE_NOTE_2026-07-13.md	work_history.repo.review_feedback.record_state_phase_sufficiency_constructive_probe_note_2026-07-13
docs/work_history/repo/review_feedback/RECURRENT_CARRIER_MATTER_KINEMATICS_CYCLE172_NOTE_2026-07-16.md	archive/notes/docs/work_history/repo/review_feedback/RECURRENT_CARRIER_MATTER_KINEMATICS_CYCLE172_NOTE_2026-07-16.md	work_history.repo.review_feedback.recurrent_carrier_matter_kinematics_cycle172_note_2026-07-16
docs/work_history/repo/review_feedback/RECURRENT_FIVE_LITERAL_LANE_WORLDLINE_CYCLE178_NOTE_2026-07-16.md	archive/notes/docs/work_history/repo/review_feedback/RECURRENT_FIVE_LITERAL_LANE_WORLDLINE_CYCLE178_NOTE_2026-07-16.md	work_history.repo.review_feedback.recurrent_five_literal_lane_worldline_cycle178_note_2026-07-16
docs/work_history/repo/review_feedback/REDUNDANT_ARCHIVE_PERMANENCE_HISTORY_CYCLE283_NOTE_2026-07-17.md	archive/notes/docs/work_history/repo/review_feedback/REDUNDANT_ARCHIVE_PERMANENCE_HISTORY_CYCLE283_NOTE_2026-07-17.md	work_history.repo.review_feedback.redundant_archive_permanence_history_cycle283_note_2026-07-17
docs/work_history/repo/review_feedback/RELATIONAL_POINTER_CONTEXT_SELECTION_CYCLE16_NOTE_2026-07-14.md	archive/notes/docs/work_history/repo/review_feedback/RELATIONAL_POINTER_CONTEXT_SELECTION_CYCLE16_NOTE_2026-07-14.md	work_history.repo.review_feedback.relational_pointer_context_selection_cycle16_note_2026-07-14
docs/work_history/repo/review_feedback/RELATIONAL_QUBIT_DISAGREEMENT_CANONICAL_LAW_ESCALATION_NOTE_2026-07-14.md	archive/notes/docs/work_history/repo/review_feedback/RELATIONAL_QUBIT_DISAGREEMENT_CANONICAL_LAW_ESCALATION_NOTE_2026-07-14.md	work_history.repo.review_feedback.relational_qubit_disagreement_canonical_law_escalation_note_2026-07-14
docs/work_history/repo/review_feedback/RELATIONAL_TWO_CELL_RECURRENCE_AND_COMPACT_LAW_GATE_CYCLE140_NOTE_2026-07-15.md	archive/notes/docs/work_history/repo/review_feedback/RELATIONAL_TWO_CELL_RECURRENCE_AND_COMPACT_LAW_GATE_CYCLE140_NOTE_2026-07-15.md	work_history.repo.review_feedback.relational_two_cell_recurrence_and_compact_law_gate_cycle140_note_2026-07-15
docs/work_history/repo/review_feedback/REPEATED_READABLE_CELL_ALLOCATION_CYCLE98_NOTE_2026-07-15.md	archive/notes/docs/work_history/repo/review_feedback/REPEATED_READABLE_CELL_ALLOCATION_CYCLE98_NOTE_2026-07-15.md	work_history.repo.review_feedback.repeated_readable_cell_allocation_cycle98_note_2026-07-15
docs/work_history/repo/review_feedback/REST_INERTIAL_LAPSE_SOURCE_TRIANGLE_CYCLE204_NOTE_2026-07-16.md	archive/notes/docs/work_history/repo/review_feedback/REST_INERTIAL_LAPSE_SOURCE_TRIANGLE_CYCLE204_NOTE_2026-07-16.md	work_history.repo.review_feedback.rest_inertial_lapse_source_triangle_cycle204_note_2026-07-16
docs/work_history/repo/review_feedback/RETARDED_CUBIC_MASS_FIELD_CYCLE213_NOTE_2026-07-16.md	archive/notes/docs/work_history/repo/review_feedback/RETARDED_CUBIC_MASS_FIELD_CYCLE213_NOTE_2026-07-16.md	work_history.repo.review_feedback.retarded_cubic_mass_field_cycle213_note_2026-07-16
docs/work_history/repo/review_feedback/REVERSIBLE_DILATION_CLOSED_CYCLE_GRAVITY_CYCLE10_NOTE_2026-07-14.md	archive/notes/docs/work_history/repo/review_feedback/REVERSIBLE_DILATION_CLOSED_CYCLE_GRAVITY_CYCLE10_NOTE_2026-07-14.md	work_history.repo.review_feedback.reversible_dilation_closed_cycle_gravity_cycle10_note_2026-07-14
docs/work_history/repo/review_feedback/ROUGH_SUBSYSTEM_OPERATIONAL_EQUIVALENCE_CYCLE253_NOTE_2026-07-17.md	archive/notes/docs/work_history/repo/review_feedback/ROUGH_SUBSYSTEM_OPERATIONAL_EQUIVALENCE_CYCLE253_NOTE_2026-07-17.md	work_history.repo.review_feedback.rough_subsystem_operational_equivalence_cycle253_note_2026-07-17
docs/work_history/repo/review_feedback/ROUGH_TERMINAL_SAME_CODE_LOCAL_INSTRUMENT_CYCLE277_NOTE_2026-07-17.md	archive/notes/docs/work_history/repo/review_feedback/ROUGH_TERMINAL_SAME_CODE_LOCAL_INSTRUMENT_CYCLE277_NOTE_2026-07-17.md	work_history.repo.review_feedback.rough_terminal_same_code_local_instrument_cycle277_note_2026-07-17
docs/work_history/repo/review_feedback/ROUGH_TERMINAL_SUBSYSTEM_GAUGE_FACTORIZATION_CYCLE251_NOTE_2026-07-17.md	archive/notes/docs/work_history/repo/review_feedback/ROUGH_TERMINAL_SUBSYSTEM_GAUGE_FACTORIZATION_CYCLE251_NOTE_2026-07-17.md	work_history.repo.review_feedback.rough_terminal_subsystem_gauge_factorization_cycle251_note_2026-07-17
docs/work_history/repo/review_feedback/ROUTE1_DIRECT_CAR_COMPILER_CYCLE231_NOTE_2026-07-17.md	archive/notes/docs/work_history/repo/review_feedback/ROUTE1_DIRECT_CAR_COMPILER_CYCLE231_NOTE_2026-07-17.md	work_history.repo.review_feedback.route1_direct_car_compiler_cycle231_note_2026-07-17
docs/work_history/repo/review_feedback/ROUTE3_STAGGERED_CAR_COMPILER_CYCLE233_NOTE_2026-07-17.md	archive/notes/docs/work_history/repo/review_feedback/ROUTE3_STAGGERED_CAR_COMPILER_CYCLE233_NOTE_2026-07-17.md	work_history.repo.review_feedback.route3_staggered_car_compiler_cycle233_note_2026-07-17
docs/work_history/repo/review_feedback/ROUTE6_INFINITE_EVEN_CAR_TRANSLATION_MARKER_CYCLE237_NOTE_2026-07-17.md	archive/notes/docs/work_history/repo/review_feedback/ROUTE6_INFINITE_EVEN_CAR_TRANSLATION_MARKER_CYCLE237_NOTE_2026-07-17.md	work_history.repo.review_feedback.route6_infinite_even_car_translation_marker_cycle237_note_2026-07-17
docs/work_history/repo/review_feedback/R_B00_COMPLETION_TO_R_B01_ROLE_ALLOCATOR_COMMON_PORT_CYCLE124_NOTE_2026-07-15.md	archive/notes/docs/work_history/repo/review_feedback/R_B00_COMPLETION_TO_R_B01_ROLE_ALLOCATOR_COMMON_PORT_CYCLE124_NOTE_2026-07-15.md	work_history.repo.review_feedback.r_b00_completion_to_r_b01_role_allocator_common_port_cycle124_note_2026-07-15
docs/work_history/repo/review_feedback/R_B00_PORT_TO_ZERO_SOURCE_WORD_COMPLETION_CYCLE121_NOTE_2026-07-15.md	archive/notes/docs/work_history/repo/review_feedback/R_B00_PORT_TO_ZERO_SOURCE_WORD_COMPLETION_CYCLE121_NOTE_2026-07-15.md	work_history.repo.review_feedback.r_b00_port_to_zero_source_word_completion_cycle121_note_2026-07-15
docs/work_history/repo/review_feedback/R_B01_CYCLE129_BRIDGE_ORIENTATION13_INTERFACE_CYCLE130_NOTE_2026-07-15.md	archive/notes/docs/work_history/repo/review_feedback/R_B01_CYCLE129_BRIDGE_ORIENTATION13_INTERFACE_CYCLE130_NOTE_2026-07-15.md	work_history.repo.review_feedback.r_b01_cycle129_bridge_orientation13_interface_cycle130_note_2026-07-15
docs/work_history/repo/review_feedback/R_B01_MINIMAL_PHASE_PATCH_PROBE_CYCLE125_NOTE_2026-07-15.md	archive/notes/docs/work_history/repo/review_feedback/R_B01_MINIMAL_PHASE_PATCH_PROBE_CYCLE125_NOTE_2026-07-15.md	work_history.repo.review_feedback.r_b01_minimal_phase_patch_probe_cycle125_note_2026-07-15
docs/work_history/repo/review_feedback/R_B01_ORIENTATION13_NEIGHBOR_GUARD_FAMILY_CYCLE128_NOTE_2026-07-15.md	archive/notes/docs/work_history/repo/review_feedback/R_B01_ORIENTATION13_NEIGHBOR_GUARD_FAMILY_CYCLE128_NOTE_2026-07-15.md	work_history.repo.review_feedback.r_b01_orientation13_neighbor_guard_family_cycle128_note_2026-07-15
docs/work_history/repo/review_feedback/R_B01_ORIENTATION13_PHASE_CHAIN_ALIAS_CYCLE127_NOTE_2026-07-15.md	archive/notes/docs/work_history/repo/review_feedback/R_B01_ORIENTATION13_PHASE_CHAIN_ALIAS_CYCLE127_NOTE_2026-07-15.md	work_history.repo.review_feedback.r_b01_orientation13_phase_chain_alias_cycle127_note_2026-07-15
docs/work_history/repo/review_feedback/R_B01_PHYSICAL_WORD_COMPLETION_CYCLE143_NOTE_2026-07-15.md	archive/notes/docs/work_history/repo/review_feedback/R_B01_PHYSICAL_WORD_COMPLETION_CYCLE143_NOTE_2026-07-15.md	work_history.repo.review_feedback.r_b01_physical_word_completion_cycle143_note_2026-07-15
docs/work_history/repo/review_feedback/R_B01_PORT_TO_ROLE_CLOSED_RAIL_FRAME_JOIN_CYCLE129_NOTE_2026-07-15.md	archive/notes/docs/work_history/repo/review_feedback/R_B01_PORT_TO_ROLE_CLOSED_RAIL_FRAME_JOIN_CYCLE129_NOTE_2026-07-15.md	work_history.repo.review_feedback.r_b01_port_to_role_closed_rail_frame_join_cycle129_note_2026-07-15
docs/work_history/repo/review_feedback/R_B10_COMPLETION_TO_R_B00_ROLE_ALLOCATOR_COMMON_PORT_CYCLE119_NOTE_2026-07-15.md	archive/notes/docs/work_history/repo/review_feedback/R_B10_COMPLETION_TO_R_B00_ROLE_ALLOCATOR_COMMON_PORT_CYCLE119_NOTE_2026-07-15.md	work_history.repo.review_feedback.r_b10_completion_to_r_b00_role_allocator_common_port_cycle119_note_2026-07-15
docs/work_history/repo/review_feedback/R_B10_PORT_TO_ZERO_SOURCE_WORD_COMPLETION_CYCLE117_NOTE_2026-07-15.md	archive/notes/docs/work_history/repo/review_feedback/R_B10_PORT_TO_ZERO_SOURCE_WORD_COMPLETION_CYCLE117_NOTE_2026-07-15.md	work_history.repo.review_feedback.r_b10_port_to_zero_source_word_completion_cycle117_note_2026-07-15
docs/work_history/repo/review_feedback/SAME_CODE_INSTRUMENT_BRIDGE_SYNTHESIS_CYCLE280_NOTE_2026-07-17.md	archive/notes/docs/work_history/repo/review_feedback/SAME_CODE_INSTRUMENT_BRIDGE_SYNTHESIS_CYCLE280_NOTE_2026-07-17.md	work_history.repo.review_feedback.same_code_instrument_bridge_synthesis_cycle280_note_2026-07-17
docs/work_history/repo/review_feedback/SEED_ORBIT_WRITE_ONCE_TRANSDUCER_CYCLE47_NOTE_2026-07-14.md	archive/notes/docs/work_history/repo/review_feedback/SEED_ORBIT_WRITE_ONCE_TRANSDUCER_CYCLE47_NOTE_2026-07-14.md	work_history.repo.review_feedback.seed_orbit_write_once_transducer_cycle47_note_2026-07-14
docs/work_history/repo/review_feedback/SELF_DESCRIBING_LAW_FOUNDATION_SELECTION_CYCLE49_NOTE_2026-07-14.md	archive/notes/docs/work_history/repo/review_feedback/SELF_DESCRIBING_LAW_FOUNDATION_SELECTION_CYCLE49_NOTE_2026-07-14.md	work_history.repo.review_feedback.self_describing_law_foundation_selection_cycle49_note_2026-07-14
docs/work_history/repo/review_feedback/SELF_EXTENDING_FRAME_CAGE_RAIL_CYCLE52_NOTE_2026-07-14.md	archive/notes/docs/work_history/repo/review_feedback/SELF_EXTENDING_FRAME_CAGE_RAIL_CYCLE52_NOTE_2026-07-14.md	work_history.repo.review_feedback.self_extending_frame_cage_rail_cycle52_note_2026-07-14
docs/work_history/repo/review_feedback/SELF_WRITING_APPEND_ONLY_BELL_FRONT_CYCLE14_NOTE_2026-07-14.md	archive/notes/docs/work_history/repo/review_feedback/SELF_WRITING_APPEND_ONLY_BELL_FRONT_CYCLE14_NOTE_2026-07-14.md	work_history.repo.review_feedback.self_writing_append_only_bell_front_cycle14_note_2026-07-14
docs/work_history/repo/review_feedback/SEPARATED_RECURRENT_TUBE_COLLISION_CONTROL_CYCLE84_NOTE_2026-07-14.md	archive/notes/docs/work_history/repo/review_feedback/SEPARATED_RECURRENT_TUBE_COLLISION_CONTROL_CYCLE84_NOTE_2026-07-14.md	work_history.repo.review_feedback.separated_recurrent_tube_collision_control_cycle84_note_2026-07-14
docs/work_history/repo/review_feedback/SHARED_ANCESTRY_DUAL_CONTEXT_PERES_MERMIN_CYCLE173_NOTE_2026-07-16.md	archive/notes/docs/work_history/repo/review_feedback/SHARED_ANCESTRY_DUAL_CONTEXT_PERES_MERMIN_CYCLE173_NOTE_2026-07-16.md	work_history.repo.review_feedback.shared_ancestry_dual_context_peres_mermin_cycle173_note_2026-07-16
docs/work_history/repo/review_feedback/SHARED_QAB_OPEN_COMMIT_COMB_CONDITIONAL_SCRATCH_NOTE_2026-07-14.md	archive/notes/docs/work_history/repo/review_feedback/SHARED_QAB_OPEN_COMMIT_COMB_CONDITIONAL_SCRATCH_NOTE_2026-07-14.md	work_history.repo.review_feedback.shared_qab_open_commit_comb_conditional_scratch_note_2026-07-14
docs/work_history/repo/review_feedback/SIGNED_ROW_EGRESS_AND_MEMBERSHIP_SEAM_CYCLE167_NOTE_2026-07-16.md	archive/notes/docs/work_history/repo/review_feedback/SIGNED_ROW_EGRESS_AND_MEMBERSHIP_SEAM_CYCLE167_NOTE_2026-07-16.md	work_history.repo.review_feedback.signed_row_egress_and_membership_seam_cycle167_note_2026-07-16
docs/work_history/repo/review_feedback/SINGLE_INVARIANT_ACTION_STEELMAN_ATTACK_NOTE_2026-07-14.md	archive/notes/docs/work_history/repo/review_feedback/SINGLE_INVARIANT_ACTION_STEELMAN_ATTACK_NOTE_2026-07-14.md	work_history.repo.review_feedback.single_invariant_action_steelman_attack_note_2026-07-14
docs/work_history/repo/review_feedback/SOURCE_RESPONSE_COMMON_CODE_FOLLOWON_SYNTHESIS_CYCLE297_NOTE_2026-07-17.md	archive/notes/docs/work_history/repo/review_feedback/SOURCE_RESPONSE_COMMON_CODE_FOLLOWON_SYNTHESIS_CYCLE297_NOTE_2026-07-17.md	work_history.repo.review_feedback.source_response_common_code_followon_synthesis_cycle297_note_2026-07-17
docs/work_history/repo/review_feedback/STATE_LOCAL_FERMIONIZATION_TOPOLOGICAL_SECTOR_TOURNAMENT_CYCLE238_NOTE_2026-07-17.md	archive/notes/docs/work_history/repo/review_feedback/STATE_LOCAL_FERMIONIZATION_TOPOLOGICAL_SECTOR_TOURNAMENT_CYCLE238_NOTE_2026-07-17.md	work_history.repo.review_feedback.state_local_fermionization_topological_sector_tournament_cycle238_note_2026-07-17
docs/work_history/repo/review_feedback/STATIONARY_DRESSED_CARRIED_SOURCE_RELATIVE_MODE_NOTE_2026-07-17.md	archive/notes/docs/work_history/repo/review_feedback/STATIONARY_DRESSED_CARRIED_SOURCE_RELATIVE_MODE_NOTE_2026-07-17.md	work_history.repo.review_feedback.stationary_dressed_carried_source_relative_mode_note_2026-07-17
docs/work_history/repo/review_feedback/STATIONARY_DRESSED_RESERVOIR_SHIFTED_GREEN_PROFILE_NOTE_2026-07-17.md	archive/notes/docs/work_history/repo/review_feedback/STATIONARY_DRESSED_RESERVOIR_SHIFTED_GREEN_PROFILE_NOTE_2026-07-17.md	work_history.repo.review_feedback.stationary_dressed_reservoir_shifted_green_profile_note_2026-07-17
docs/work_history/repo/review_feedback/STATIONARY_LOCAL_FIRST_EVENT_HISTORY_CYCLE224_NOTE_2026-07-17.md	archive/notes/docs/work_history/repo/review_feedback/STATIONARY_LOCAL_FIRST_EVENT_HISTORY_CYCLE224_NOTE_2026-07-17.md	work_history.repo.review_feedback.stationary_local_first_event_history_cycle224_note_2026-07-17
docs/work_history/repo/review_feedback/STATUS_GATED_TYPED_PAYLOAD_HANDOFF_CYCLE109_NOTE_2026-07-15.md	archive/notes/docs/work_history/repo/review_feedback/STATUS_GATED_TYPED_PAYLOAD_HANDOFF_CYCLE109_NOTE_2026-07-15.md	work_history.repo.review_feedback.status_gated_typed_payload_handoff_cycle109_note_2026-07-15
docs/work_history/repo/review_feedback/STOCHASTIC_RECORD_HISTORY_ACTUALITY_SEMANTICS_CYCLE27_NOTE_2026-07-14.md	archive/notes/docs/work_history/repo/review_feedback/STOCHASTIC_RECORD_HISTORY_ACTUALITY_SEMANTICS_CYCLE27_NOTE_2026-07-14.md	work_history.repo.review_feedback.stochastic_record_history_actuality_semantics_cycle27_note_2026-07-14
docs/work_history/repo/review_feedback/STRICT_COMPILER_TOE_LEDGER_CYCLE107_NOTE_2026-07-15.md	archive/notes/docs/work_history/repo/review_feedback/STRICT_COMPILER_TOE_LEDGER_CYCLE107_NOTE_2026-07-15.md	work_history.repo.review_feedback.strict_compiler_toe_ledger_cycle107_note_2026-07-15
docs/work_history/repo/review_feedback/STRICT_NN_RECORD_LAW_COMPILER_CYCLE43_NOTE_2026-07-14.md	archive/notes/docs/work_history/repo/review_feedback/STRICT_NN_RECORD_LAW_COMPILER_CYCLE43_NOTE_2026-07-14.md	work_history.repo.review_feedback.strict_nn_record_law_compiler_cycle43_note_2026-07-14
docs/work_history/repo/review_feedback/STRICT_THIRRING_QCA_BOUND_MOLECULE_CYCLE205_NOTE_2026-07-16.md	archive/notes/docs/work_history/repo/review_feedback/STRICT_THIRRING_QCA_BOUND_MOLECULE_CYCLE205_NOTE_2026-07-16.md	work_history.repo.review_feedback.strict_thirring_qca_bound_molecule_cycle205_note_2026-07-16
docs/work_history/repo/review_feedback/SUBSTRATE_TOURNAMENT_DECISIVE_PROBES_NOTE_2026-07-13.md	archive/notes/docs/work_history/repo/review_feedback/SUBSTRATE_TOURNAMENT_DECISIVE_PROBES_NOTE_2026-07-13.md	work_history.repo.review_feedback.substrate_tournament_decisive_probes_note_2026-07-13
docs/work_history/repo/review_feedback/TEMPORAL_PROTOCOL_EQUIVALENCE_ALTERNATING_FRAME_CYCLE39_NOTE_2026-07-14.md	archive/notes/docs/work_history/repo/review_feedback/TEMPORAL_PROTOCOL_EQUIVALENCE_ALTERNATING_FRAME_CYCLE39_NOTE_2026-07-14.md	work_history.repo.review_feedback.temporal_protocol_equivalence_alternating_frame_cycle39_note_2026-07-14
docs/work_history/repo/review_feedback/THREE_DIMENSIONAL_ANOMALOUS_BULK_CATEGORY_INDEX_STEELMAN_NOTE_2026-07-14.md	archive/notes/docs/work_history/repo/review_feedback/THREE_DIMENSIONAL_ANOMALOUS_BULK_CATEGORY_INDEX_STEELMAN_NOTE_2026-07-14.md	work_history.repo.review_feedback.three_dimensional_anomalous_bulk_category_index_steelman_note_2026-07-14
docs/work_history/repo/review_feedback/THREE_ESCAPE_STATE_COMPILER_TOURNAMENT_CYCLE242_NOTE_2026-07-17.md	archive/notes/docs/work_history/repo/review_feedback/THREE_ESCAPE_STATE_COMPILER_TOURNAMENT_CYCLE242_NOTE_2026-07-17.md	work_history.repo.review_feedback.three_escape_state_compiler_tournament_cycle242_note_2026-07-17
docs/work_history/repo/review_feedback/THREE_ROUTE_PHYSICAL_M2_CAR_COMPILER_TOURNAMENT_CYCLE234_NOTE_2026-07-17.md	archive/notes/docs/work_history/repo/review_feedback/THREE_ROUTE_PHYSICAL_M2_CAR_COMPILER_TOURNAMENT_CYCLE234_NOTE_2026-07-17.md	work_history.repo.review_feedback.three_route_physical_m2_car_compiler_tournament_cycle234_note_2026-07-17
docs/work_history/repo/review_feedback/TOE_FRAMEWORK_CAMPAIGN_HANDOFF_2026-07-17.md	archive/notes/docs/work_history/repo/review_feedback/TOE_FRAMEWORK_CAMPAIGN_HANDOFF_2026-07-17.md	work_history.repo.review_feedback.toe_framework_campaign_handoff_2026-07-17
docs/work_history/repo/review_feedback/TOE_FRAMEWORK_CAMPAIGN_HANDOFF_2026-07-17_CYCLE292.md	archive/notes/docs/work_history/repo/review_feedback/TOE_FRAMEWORK_CAMPAIGN_HANDOFF_2026-07-17_CYCLE292.md	work_history.repo.review_feedback.toe_framework_campaign_handoff_2026-07-17_cycle292
docs/work_history/repo/review_feedback/TOE_INTERFACE_CONSTRUCTIVE_GATE_NOTE_2026-07-13.md	archive/notes/docs/work_history/repo/review_feedback/TOE_INTERFACE_CONSTRUCTIVE_GATE_NOTE_2026-07-13.md	work_history.repo.review_feedback.toe_interface_constructive_gate_note_2026-07-13
docs/work_history/repo/review_feedback/TOPOLOGICAL_CONSERVATION_RG_ACTION_STEELMAN_NOTE_2026-07-14.md	archive/notes/docs/work_history/repo/review_feedback/TOPOLOGICAL_CONSERVATION_RG_ACTION_STEELMAN_NOTE_2026-07-14.md	work_history.repo.review_feedback.topological_conservation_rg_action_steelman_note_2026-07-14
docs/work_history/repo/review_feedback/TRANSLATED_CYCLE60_RENEWAL_OBSTRUCTION_CYCLE66_NOTE_2026-07-14.md	archive/notes/docs/work_history/repo/review_feedback/TRANSLATED_CYCLE60_RENEWAL_OBSTRUCTION_CYCLE66_NOTE_2026-07-14.md	work_history.repo.review_feedback.translated_cycle60_renewal_obstruction_cycle66_note_2026-07-14
docs/work_history/repo/review_feedback/TRANSLATED_SECOND_RAIL_FRAME_JOIN_INTERFACE_CYCLE131_NOTE_2026-07-15.md	archive/notes/docs/work_history/repo/review_feedback/TRANSLATED_SECOND_RAIL_FRAME_JOIN_INTERFACE_CYCLE131_NOTE_2026-07-15.md	work_history.repo.review_feedback.translated_second_rail_frame_join_interface_cycle131_note_2026-07-15
docs/work_history/repo/review_feedback/TRANSLATION_CUBIC_LOCAL_SYNDROME_DECODER_CYCLE244_NOTE_2026-07-17.md	archive/notes/docs/work_history/repo/review_feedback/TRANSLATION_CUBIC_LOCAL_SYNDROME_DECODER_CYCLE244_NOTE_2026-07-17.md	work_history.repo.review_feedback.translation_cubic_local_syndrome_decoder_cycle244_note_2026-07-17
docs/work_history/repo/review_feedback/TWELVE_HOUR_MINIMUM_AXIOM_AND_COMPILER_HANDOFF_CYCLE139_NOTE_2026-07-15.md	archive/notes/docs/work_history/repo/review_feedback/TWELVE_HOUR_MINIMUM_AXIOM_AND_COMPILER_HANDOFF_CYCLE139_NOTE_2026-07-15.md	work_history.repo.review_feedback.twelve_hour_minimum_axiom_and_compiler_handoff_cycle139_note_2026-07-15
docs/work_history/repo/review_feedback/TWO_FIXED_RESERVOIR_STATIONARY_COMPOSITION_KERNEL_NOTE_2026-07-17.md	archive/notes/docs/work_history/repo/review_feedback/TWO_FIXED_RESERVOIR_STATIONARY_COMPOSITION_KERNEL_NOTE_2026-07-17.md	work_history.repo.review_feedback.two_fixed_reservoir_stationary_composition_kernel_note_2026-07-17
docs/work_history/repo/review_feedback/TWO_SLICE_OFFDIAGONAL_CONTACT_RESERVOIR_WORK_LEDGER_NOTE_2026-07-17.md	archive/notes/docs/work_history/repo/review_feedback/TWO_SLICE_OFFDIAGONAL_CONTACT_RESERVOIR_WORK_LEDGER_NOTE_2026-07-17.md	work_history.repo.review_feedback.two_slice_offdiagonal_contact_reservoir_work_ledger_note_2026-07-17
docs/work_history/repo/review_feedback/UNCONDITIONAL_TWO_CELL_CONTACT_INTERFEROMETER_CYCLE290_NOTE_2026-07-17.md	archive/notes/docs/work_history/repo/review_feedback/UNCONDITIONAL_TWO_CELL_CONTACT_INTERFEROMETER_CYCLE290_NOTE_2026-07-17.md	work_history.repo.review_feedback.unconditional_two_cell_contact_interferometer_cycle290_note_2026-07-17
docs/work_history/repo/review_feedback/UNCONTROLLED_CONTACT_COLLISION_CURRENT_SYNDROME_CYCLE289_NOTE_2026-07-17.md	archive/notes/docs/work_history/repo/review_feedback/UNCONTROLLED_CONTACT_COLLISION_CURRENT_SYNDROME_CYCLE289_NOTE_2026-07-17.md	work_history.repo.review_feedback.uncontrolled_contact_collision_current_syndrome_cycle289_note_2026-07-17
docs/work_history/repo/review_feedback/UNCONTROLLED_CONTACT_TO_OUTGOING_SYNDROME_TOURNAMENT_SYNTHESIS_CYCLE292_NOTE_2026-07-17.md	archive/notes/docs/work_history/repo/review_feedback/UNCONTROLLED_CONTACT_TO_OUTGOING_SYNDROME_TOURNAMENT_SYNTHESIS_CYCLE292_NOTE_2026-07-17.md	work_history.repo.review_feedback.uncontrolled_contact_to_outgoing_syndrome_tournament_synthesis_cycle292_note_2026-07-17
docs/work_history/repo/review_feedback/UNIVERSAL_RULE_SPACE_MULTIWAY_LAW_STEELMAN_NOTE_2026-07-14.md	archive/notes/docs/work_history/repo/review_feedback/UNIVERSAL_RULE_SPACE_MULTIWAY_LAW_STEELMAN_NOTE_2026-07-14.md	work_history.repo.review_feedback.universal_rule_space_multiway_law_steelman_note_2026-07-14
docs/work_history/repo/review_feedback/VIRTUAL_EXCHANGE_GREEN_KERNEL_CYCLE216_NOTE_2026-07-16.md	archive/notes/docs/work_history/repo/review_feedback/VIRTUAL_EXCHANGE_GREEN_KERNEL_CYCLE216_NOTE_2026-07-16.md	work_history.repo.review_feedback.virtual_exchange_green_kernel_cycle216_note_2026-07-16
docs/work_history/repo/review_feedback/WEYL_PAIR_PHYSICAL_EQUIVALENCE_AND_COMBINED_INTERSECTION_NOTE_2026-07-14.md	archive/notes/docs/work_history/repo/review_feedback/WEYL_PAIR_PHYSICAL_EQUIVALENCE_AND_COMBINED_INTERSECTION_NOTE_2026-07-14.md	work_history.repo.review_feedback.weyl_pair_physical_equivalence_and_combined_intersection_note_2026-07-14
docs/work_history/repo/review_feedback/ZERO_BINARY_SOURCE_ENDPOINT_MACROBLOCK_BIND_CYCLE100_NOTE_2026-07-15.md	archive/notes/docs/work_history/repo/review_feedback/ZERO_BINARY_SOURCE_ENDPOINT_MACROBLOCK_BIND_CYCLE100_NOTE_2026-07-15.md	work_history.repo.review_feedback.zero_binary_source_endpoint_macroblock_bind_cycle100_note_2026-07-15
docs/work_history/repo/review_feedback/ZERO_SOURCE_RELATIONAL_FIRST_HARNESS_CYCLE101_NOTE_2026-07-15.md	archive/notes/docs/work_history/repo/review_feedback/ZERO_SOURCE_RELATIONAL_FIRST_HARNESS_CYCLE101_NOTE_2026-07-15.md	work_history.repo.review_feedback.zero_source_relational_first_harness_cycle101_note_2026-07-15
