=== vmc51.py 6 lp:0 30000 11 (1-min load 3.17, free mem 35%) ===
=== vmc51.py 6 lp:0 30000 12 (1-min load 3.49, free mem 33%) ===
SKIPPED: lock held, age 66s
[skipped rc=3, retry in 60s] vmc51.py 6 lp:0 30000 12
=== vmc51.py 6 lp:0 30000 12 (1-min load 4.70, free mem 35%) ===
SKIPPED: lock held, age 126s
[skipped rc=3, retry in 60s] vmc51.py 6 lp:0 30000 12
=== vmc51.py 6 lp:0 30000 12 (1-min load 4.17, free mem 34%) ===
SKIPPED: lock held, age 187s
[skipped rc=3, retry in 60s] vmc51.py 6 lp:0 30000 12
=== vmc51.py 6 lp:0 30000 12 (1-min load 4.09, free mem 33%) ===
SKIPPED: lock held, age 247s
[skipped rc=3, retry in 60s] vmc51.py 6 lp:0 30000 12
L=6 N=216 lp:0: 19 classes, 10 four-spin (8208 four-sets); MF gap 3.464; mode singlet; setup 0.6s
measured 16833 in 267s; acc flip 0/0 pair 573175/3959928; drift 3.8e-13
Casimir estimator: mean -324.000000, max |dev from -3N/2| 6.32e-11 (zero iff exact singlet)
<O_c>/site (first 8 classes): (0, 0, 1):-3.0294 (0, 1, 1):+2.4031 (1, 1, 1):-0.9332 (0, 0, 2):+0.8392 (0, 1, 2):-2.2135 (1, 1, 2):+1.6506 (0, 2, 2):+0.7083 (0, 0, 3):-0.3039
NN s.s per bond -1.0098; four-spin: T0:-0.4567 T2:-0.2303 C0:-0.4069 Dm0:+0.0462 Dm1:+0.1110 Y0:+0.1265 Y1:+0.1759 Y2:+0.1763 P0:+1.3577 P1:+0.2054
268.16 real       263.60 user         1.39 sys
74891264  maximum resident set size
=== vmc51.py 6 lp:0 30000 12 (1-min load 4.19, free mem 36%) ===
L=6 N=216 lp:0: 19 classes, 10 four-spin (8208 four-sets); MF gap 3.464; mode singlet; setup 0.7s
measured 16905 in 267s; acc flip 0/0 pair 577270/3975480; drift 5.4e-13
Casimir estimator: mean -324.000000, max |dev from -3N/2| 5.11e-11 (zero iff exact singlet)
<O_c>/site (first 8 classes): (0, 0, 1):-3.0295 (0, 1, 1):+2.4026 (1, 1, 1):-0.9328 (0, 0, 2):+0.8375 (0, 1, 2):-2.2062 (1, 1, 2):+1.6414 (0, 2, 2):+0.7052 (0, 0, 3):-0.3045
NN s.s per bond -1.0098; four-spin: T0:-0.4562 T2:-0.2297 C0:-0.4056 Dm0:+0.0462 Dm1:+0.1113 Y0:+0.1248 Y1:+0.1748 Y2:+0.1745 P0:+1.3589 P1:+0.2063
268.17 real       265.12 user         1.28 sys
76251136  maximum resident set size
=== lswt_check.py  (1-min load 3.58, free mem 34%) ===
nk=6 j=0.0: Neel E_LSWT/bond = -1.19347; E/site in J_S=1 units (j=0) = -0.89511; min w^2 3.6e+01
nk=6 j=0.2: Neel E_LSWT/bond = -0.90591; E/site in J_S=1 units (j=0) = -0.67943; min w^2 8.6e+00
nk=8 j=0.0: Neel E_LSWT/bond = -1.19407; E/site in J_S=1 units (j=0) = -0.89555; min w^2 2.1e+01
nk=8 j=0.2: Neel E_LSWT/bond = -0.90694; E/site in J_S=1 units (j=0) = -0.68021; min w^2 4.7e+00
0.10 real         0.05 user         0.01 sys
31375360  maximum resident set size
=== anal51.py 6 lp:0 quick (1-min load 3.58, free mem 34%) ===

== L=6 lp:0: 34138 samples (3 files); <s.s>_NN/bond -1.0098 ==
  cross-check vs A49 (plain metric): A49 S1b-inv (3) 0.04115(0.002); A49 S1inv (11) 0.00291(0.0003); A49 S1uS2inv (14) 0.002772(0.0003)
 R^2 ncls |  B plain        B mod        |  B4 plain       B4 mod       |  B4p mod
0.25 real         0.21 user         0.02 sys
83083264  maximum resident set size
Traceback (most recent call last):
IndexError: index 1 is out of bounds for axis 0 with size 1
=== anal51b.py 6 lp:0 (1-min load 3.58, free mem 33%) ===
L=6 lp:0: 34138 samples

[B] full reach, Casimir-removed metric: lam = 0.00613 +- 0.0011 (bias-corr 0.006814); lam2 = 0.02032
  class      |d|   m  par   J(d)/J_NN  +- err
  (0, 0, 1)   1.00   6  1  +1.0000  0.0000
  (0, 1, 1)   1.41  12  0  +0.7221  0.0145
  (1, 1, 1)   1.73   8  1  +0.5457  0.0233
  (0, 0, 2)   2.00   6  0  +0.5737  0.0485
  (0, 1, 2)   2.24  24  1  +0.4350  0.0303
  (1, 1, 2)   2.45  24  0  +0.3055  0.0201
  (0, 2, 2)   2.83  12  0  +0.1780  0.0259
  (0, 0, 3)   3.00   3  1  +0.3978  0.0415
  (1, 2, 2)   3.00  24  1  +0.0330  0.0133
  (0, 1, 3)   3.16  12  0  +0.2878  0.0344
  (1, 1, 3)   3.32  12  1  +0.1793  0.0289
  (2, 2, 2)   3.46   8  0  -0.2317  0.0192
  (0, 2, 3)   3.61  12  1  +0.0622  0.0299
  (1, 2, 3)   3.74  24  0  -0.0864  0.0054
  (2, 2, 3)   4.12  12  1  -0.3858  0.0427
  (0, 3, 3)   4.24   3  0  -0.0597  0.0290
  (1, 3, 3)   4.36   6  1  -0.2142  0.0146
  (2, 3, 3)   4.69   6  0  -0.5526  0.0866
  (3, 3, 3)   5.20   1  1  -0.6924  0.1156
  power-law fit |J| = A/|d|^alpha over 18 significant classes beyond NN: alpha = 1.24, A = 1.093
  parity |d|_1 even: 9 significant, signs + 5 / - 4
  parity |d|_1 odd : 9 significant, signs + 6 / - 3
  insignificant classes (|J| < 2 err): 0 of 19

[B4] full reach, Casimir-removed metric: lam = 0.002627 +- 0.0004 (bias-corr 0.002871); lam2 = 0.008898
  class      |d|   m  par   J(d)/J_NN  +- err
  (0, 0, 1)   1.00   6  1  +1.0000  0.0000
  (0, 1, 1)   1.41  12  0  +0.7614  0.0077
  (1, 1, 1)   1.73   8  1  +0.0861  0.0424
  (0, 0, 2)   2.00   6  0  +0.4168  0.0108
  (0, 1, 2)   2.24  24  1  +0.0630  0.0214
  (1, 1, 2)   2.45  24  0  +0.0367  0.0194
  (0, 2, 2)   2.83  12  0  +0.0163  0.0104
  (0, 0, 3)   3.00   3  1  +0.0767  0.0178
  (1, 2, 2)   3.00  24  1  -0.0151  0.0106
  (0, 1, 3)   3.16  12  0  +0.0310  0.0144
  (1, 1, 3)   3.32  12  1  +0.0044  0.0090
  (2, 2, 2)   3.46   8  0  -0.0489  0.0183
  (0, 2, 3)   3.61  12  1  -0.0028  0.0053
  (1, 2, 3)   3.74  24  0  -0.0341  0.0050
  (2, 2, 3)   4.12  12  1  -0.0721  0.0164
  (0, 3, 3)   4.24   3  0  -0.0215  0.0144
  (1, 3, 3)   4.36   6  1  -0.0554  0.0150
  (2, 3, 3)   4.69   6  0  -0.0940  0.0192
  (3, 3, 3)   5.20   1  1  -0.0998  0.0323
  four-spin (A49 normalized units, same scale): T0:+0.765(0.046) T2:+0.551(0.071) C0:+0.903(0.075) Dm0:+0.114(0.037) Dm1:+0.160(0.023) Y0:+0.194(0.047) Y1:+0.198(0.019) Y2:+0.172(0.025)
  power-law fit |J| = A/|d|^alpha over 12 significant classes beyond NN: alpha = 2.16, A = 1.666
  parity |d|_1 even: 6 significant, signs + 3 / - 3
  parity |d|_1 odd : 6 significant, signs + 3 / - 3
  insignificant classes (|J| < 2 err): 6 of 19

[q-orbits] relative variance of P_Q (Casimir-removed metric) vs Gaussian estimate Sbar(Q)^2; lowest 6:
  Q = 2pi/L (0, 0, 1): lam 0.007735, Sbar 0.0854, Sbar^2 0.007297
  Q = 2pi/L (0, 1, 1): lam 0.02633, Sbar 0.1828, Sbar^2 0.0334
  Q = 2pi/L (0, 0, 2): lam 0.05241, Sbar 0.2566, Sbar^2 0.06586
  Q = 2pi/L (1, 1, 1): lam 0.06911, Sbar 0.2970, Sbar^2 0.08819
  Q = 2pi/L (0, 0, 3): lam 0.1079, Sbar 0.3713, Sbar^2 0.1379
  Q = 2pi/L (0, 1, 2): lam 0.1106, Sbar 0.3923, Sbar^2 0.1539
  Sbar(Q) at the smallest Q (0, 0, 1): 0.0854; maximum Sbar 12.833 at (3, 3, 3)

[HS ansatz] J(d) = s(d)/D^alpha: lam (Casimir-removed) bilinear-only | + 8 star four-spin optimized
  s=af    a=1: 0.0175 | 0.0119;  a=2: 0.046 | 0.0181;  a=3: 0.108 | 0.0275;  a=4: 0.202 | 0.0375;  a=6: 0.423 | 0.0525
  s=stag  a=1: 87.5 | 0.194;  a=2: 54.4 | 0.194;  a=3: 24.6 | 0.192;  a=4: 10.3 | 0.153;  a=6: 2.78 | 0.0696
  s=fit   a=1: 1.72 | 0.194;  a=2: 0.755 | 0.194;  a=3: 0.133 | 0.0909;  a=4: 0.0993 | 0.0478;  a=6: 0.388 | 0.053
[B_r4] 4 classes: lam 0.03031 +- 0.0042 (bias-corr 0.03142); J: (0, 0, 1):+1.000 (0, 1, 1):+0.408 (1, 1, 1):+0.167 (0, 0, 2):+0.061
[B4_r4] 4 classes: lam 0.003188 +- 0.00037 (bias-corr 0.00329); J: (0, 0, 1):+1.000 (0, 1, 1):+0.768 (1, 1, 1):-0.005 (0, 0, 2):+0.373
[B_r9] 9 classes: lam 0.01262 +- 0.0018 (bias-corr 0.01343); J: (0, 0, 1):+1.000 (0, 1, 1):+0.616 (1, 1, 1):+0.407 (0, 0, 2):+0.330 (0, 1, 2):+0.220 (1, 1, 2):+0.149 (0, 2, 2):+0.068 (0, 0, 3):+0.050 ...
[B4_r9] 9 classes: lam 0.002795 +- 0.0003 (bias-corr 0.002923); J: (0, 0, 1):+1.000 (0, 1, 1):+0.766 (1, 1, 1):+0.060 (0, 0, 2):+0.390 (0, 1, 2):+0.032 (1, 1, 2):+0.026 (0, 2, 2):+0.009 (0, 0, 3):+0.028 ...
[B_inner] 9 classes: lam 0.01305 +- 0.002 (bias-corr 0.01396); J: (0, 0, 1):+1.000 (0, 1, 1):+0.631 (1, 1, 1):+0.425 (0, 0, 2):+0.297 (0, 1, 2):+0.223 (1, 1, 2):+0.160 (0, 2, 2):+0.070 (1, 2, 2):+0.043 ...
[B4_inner] 9 classes: lam 0.002922 +- 0.00033 (bias-corr 0.003074); J: (0, 0, 1):+1.000 (0, 1, 1):+0.775 (1, 1, 1):+0.057 (0, 0, 2):+0.370 (0, 1, 2):+0.026 (1, 1, 2):+0.023 (0, 2, 2):+0.005 (1, 2, 2):+0.001 ...
0.44 real         0.40 user         0.02 sys
144310272  maximum resident set size
=== vmc51.py 8 lp:0 30000 21 (1-min load 3.58, free mem 33%) ===
L=8 N=512 lp:0: 34 classes, 10 four-spin (19456 four-sets); MF gap 2.651; mode singlet; setup 2.2s
measured 3154 in 266s; acc flip 0/0 pair 341890/2382848; drift 1.1e-10
Casimir estimator: mean -768.000000, max |dev from -3N/2| 5.91e-11 (zero iff exact singlet)
<O_c>/site (first 8 classes): (0, 0, 1):-3.0101 (0, 1, 1):+2.3682 (1, 1, 1):-0.9064 (0, 0, 2):+0.7719 (0, 1, 2):-2.0415 (1, 1, 2):+1.5013 (0, 2, 2):+0.6169 (0, 0, 3):-0.3817
NN s.s per bond -1.0034; four-spin: T0:-0.4441 T2:-0.2024 C0:-0.3935 Dm0:+0.0404 Dm1:+0.1086 Y0:+0.1128 Y1:+0.1681 Y2:+0.1678 P0:+1.3531 P1:+0.2046
268.21 real       265.64 user         1.35 sys
189448192  maximum resident set size
=== anal51.py 6 lp:0 quick (1-min load 3.44, free mem 34%) ===
L=6: long-wavelength metric removes q-orbits [(0, 0, 0), (0, 0, 1), (0, 1, 1)] (|q| <= pi/2) and the Casimir

== L=6 lp:0: 34138 samples (3 files); <s.s>_NN/bond -1.0098 ==
  A49 sets, plain metric: S1b-inv(3) 0.04115(0.002); S1inv(11) 0.00291(0.0003); S1uS2inv(14) 0.002772(0.0003)
 R^2 ncls |  B mod           B4 mod          |  B LW            B4 LW           | B4 mod bias-corr
   1   1 | 0.8766(0.09)    0.06533(0.002)  | 1.252(0.1)      0.08462(0.004)  | 0.0659
   2   2 | 0.05144(0.002)  0.008859(0.0007) | 0.1099(0.005)   0.01769(0.001)  | 0.009021
   3   3 | 0.03332(0.006)  0.008788(0.0009) | 0.0977(0.009)   0.01759(0.001)  | 0.009077
   4   4 | 0.03031(0.004)  0.003188(0.0004) | 0.08542(0.006)  0.007316(0.0007) | 0.00329
   6   6 | 0.01468(0.001)  0.002931(0.0003) | 0.08139(0.005)  0.007081(0.0006) | 0.003038
   9   9 | 0.01262(0.002)  0.002795(0.0003) | 0.06899(0.002)  0.006778(0.0006) | 0.002923
  12  12 | 0.009847(0.002) 0.002752(0.0004) | 0.05732(0.002)  0.006638(0.0005) | 0.002929
  27  19 | 0.00613(0.001)  0.002627(0.0004) | 0.04414(0.002)  0.0183(0.002)   | 0.002871
1.18 real         1.07 user         0.04 sys
198443008  maximum resident set size
=== fwd51.py 6 B4 lp:0 (1-min load 3.44, free mem 33%) ===
rule rules51_6.npz[B4]
[LT] lowest q-orbits of J(k) (two-spin part; Q in units of 2pi/L; span max-min = 20.702):
  Q (np.int64(1), np.int64(2), np.int64(2)): J(Q) = -2.6624  (J - Jmin)/span = 0.0000  orbit size 24
  Q (np.int64(0), np.int64(2), np.int64(3)): J(Q) = -2.5896  (J - Jmin)/span = 0.0035  orbit size 12
  Q (np.int64(0), np.int64(3), np.int64(3)): J(Q) = -2.5264  (J - Jmin)/span = 0.0066  orbit size 3
  Q (np.int64(1), np.int64(2), np.int64(3)): J(Q) = -2.5150  (J - Jmin)/span = 0.0071  orbit size 24
  Q (np.int64(1), np.int64(1), np.int64(3)): J(Q) = -2.1076  (J - Jmin)/span = 0.0268  orbit size 12
  Q (np.int64(0), np.int64(2), np.int64(2)): J(Q) = -2.0332  (J - Jmin)/span = 0.0304  orbit size 12
  k-points within 2% of span above the minimum: 63 of 216
[LSWT] collinear candidates, four-spin terms in Hartree form (E per site, sigma units):
  ferro (0,0,0)   : E_cl +12.71083  E_LSWT +78.31840  UNSTABLE (min w^2 0.00e+00)
  layer (pi,0,0)  : E_cl -0.02044  E_LSWT -0.90704  UNSTABLE (min w^2 -9.88e+01)
  col (pi,pi,0)   : E_cl -0.73208  E_LSWT -0.24963  UNSTABLE (min w^2 -2.31e+01)
  Neel (pi,pi,pi) : E_cl +0.19964  E_LSWT -2.77499  UNSTABLE (min w^2 -8.34e+01)
[VMC] <H>/site (binning error), same rule:
  lp:0           -1.73405 +- 0.00012 (34138 samples)
0.10 real         0.08 user         0.01 sys
66797568  maximum resident set size
=== fwd51.py 6 B4_inner lp:0 (1-min load 3.44, free mem 34%) ===
rule rules51_6.npz[B4_inner]
[LT] lowest q-orbits of J(k) (two-spin part; Q in units of 2pi/L; span max-min = 22.039):
  Q (np.int64(0), np.int64(2), np.int64(3)): J(Q) = -2.7847  (J - Jmin)/span = 0.0000  orbit size 12
  Q (np.int64(0), np.int64(3), np.int64(3)): J(Q) = -2.7640  (J - Jmin)/span = 0.0009  orbit size 3
  Q (np.int64(1), np.int64(2), np.int64(2)): J(Q) = -2.7384  (J - Jmin)/span = 0.0021  orbit size 24
  Q (np.int64(1), np.int64(2), np.int64(3)): J(Q) = -2.6177  (J - Jmin)/span = 0.0076  orbit size 24
  Q (np.int64(0), np.int64(2), np.int64(2)): J(Q) = -2.2365  (J - Jmin)/span = 0.0249  orbit size 12
  Q (np.int64(1), np.int64(1), np.int64(3)): J(Q) = -2.1670  (J - Jmin)/span = 0.0280  orbit size 12
  k-points within 2% of span above the minimum: 63 of 216
[LT fine grid 40^3, infinite lattice] J_min -2.8564 at q/pi = [0.8  0.   1.15]; BZ fraction within 1%: 0.1885, within 5%: 0.4501
[LSWT] collinear candidates, four-spin terms in Hartree form (E per site, sigma units):
  ferro (0,0,0)   : E_cl +13.66368  E_LSWT +84.46468  UNSTABLE (min w^2 0.00e+00)
  layer (pi,0,0)  : E_cl -0.31213  E_LSWT -1.85808  UNSTABLE (min w^2 -5.75e+01)
  col (pi,pi,0)   : E_cl -0.79665  E_LSWT -0.29459  UNSTABLE (min w^2 -2.30e+01)
  Neel (pi,pi,pi) : E_cl +0.29311  E_LSWT -2.83228  UNSTABLE (min w^2 -8.36e+01)
[VMC] <H>/site (binning error), same rule:
  lp:0           -1.72680 +- 0.00012 (34138 samples)
0.15 real         0.13 user         0.01 sys
99319808  maximum resident set size
=== fwd51.py 6 B lp:0 (1-min load 3.44, free mem 34%) ===
rule rules51_6.npz[B]
[LT] lowest q-orbits of J(k) (two-spin part; Q in units of 2pi/L; span max-min = 38.469):
  Q (np.int64(1), np.int64(3), np.int64(3)): J(Q) = -1.7805  (J - Jmin)/span = 0.0000  orbit size 6
  Q (np.int64(2), np.int64(3), np.int64(3)): J(Q) = -1.4895  (J - Jmin)/span = 0.0076  orbit size 6
  Q (np.int64(2), np.int64(2), np.int64(3)): J(Q) = -1.4768  (J - Jmin)/span = 0.0079  orbit size 12
  Q (np.int64(3), np.int64(3), np.int64(3)): J(Q) = -1.4740  (J - Jmin)/span = 0.0080  orbit size 1
  Q (np.int64(2), np.int64(2), np.int64(2)): J(Q) = -1.3559  (J - Jmin)/span = 0.0110  orbit size 8
  Q (np.int64(1), np.int64(2), np.int64(2)): J(Q) = -1.3339  (J - Jmin)/span = 0.0116  orbit size 24
  k-points within 2% of span above the minimum: 108 of 216
[LSWT] collinear candidates, four-spin terms in Hartree form (E per site, sigma units):
  ferro (0,0,0)   : E_cl +18.34426  E_LSWT +91.72130  UNSTABLE (min w^2 0.00e+00)
  layer (pi,0,0)  : E_cl -0.29820  E_LSWT -0.53278  UNSTABLE (min w^2 -1.90e+01)
  col (pi,pi,0)   : E_cl -0.60527  E_LSWT -1.67358  UNSTABLE (min w^2 -6.88e+01)
  Neel (pi,pi,pi) : E_cl -0.73702  E_LSWT -1.91682  UNSTABLE (min w^2 -1.88e+00)
  LT spiral Q=(np.int64(5), np.int64(3), np.int64(3)): E_cl -0.89024  E_LSWT -1.76774  (min w^2 -1.1e-13)
[VMC] <H>/site (binning error), same rule:
  lp:0           -1.77056 +- 0.00020 (34138 samples)
0.09 real         0.07 user         0.01 sys
66928640  maximum resident set size
=== vmc51.py 8 lp:0 30000 22 (1-min load 3.44, free mem 34%) ===
L=8 N=512 lp:0: 34 classes, 10 four-spin (19456 four-sets); MF gap 2.651; mode singlet; setup 2.2s
measured 3144 in 266s; acc flip 0/0 pair 342750/2377728; drift 2.9e-11
Casimir estimator: mean -768.000000, max |dev from -3N/2| 1.43e-10 (zero iff exact singlet)
<O_c>/site (first 8 classes): (0, 0, 1):-3.0134 (0, 1, 1):+2.3759 (1, 1, 1):-0.9119 (0, 0, 2):+0.7758 (0, 1, 2):-2.0592 (1, 1, 2):+1.5253 (0, 2, 2):+0.6321 (0, 0, 3):-0.3945
NN s.s per bond -1.0045; four-spin: T0:-0.4465 T2:-0.2035 C0:-0.3958 Dm0:+0.0405 Dm1:+0.1093 Y0:+0.1135 Y1:+0.1702 Y2:+0.1695 P0:+1.3508 P1:+0.2009
268.20 real       264.89 user         1.41 sys
195051520  maximum resident set size
=== qtest51.py  (1-min load 3.10, free mem 32%) ===
releig_q lam_min 0.02124875; brute force 0.02124875; ratio check at returned vector 0.02124875
zero-variance null direction: lam_min 0.114784 (finite, no blow-up)
4.34 real         3.90 user         0.08 sys
78430208  maximum resident set size
=== anal51.py 6 lp:0 quick (1-min load 3.02, free mem 32%) ===
L=6: long-wavelength metric removes q-orbits [(0, 0, 0), (0, 0, 1), (0, 1, 1)] (|q| <= pi/2) and the Casimir

== L=6 lp:0: 34138 samples (3 files); <s.s>_NN/bond -1.0098 ==
  A49 sets, plain metric: S1b-inv(3) 0.04115(0.002); S1inv(11) 0.00291(0.0003); S1uS2inv(14) 0.002772(0.0003)
 R^2 ncls |  B mod           B4 mod          |  B LW            B4 LW           | B4 mod bias-corr
   1   1 | 0.8766(0.09)    0.06533(0.002)  | 1.252(0.1)      0.08462(0.004)  | 0.0659
   2   2 | 0.05144(0.002)  0.008859(0.0007) | 0.1099(0.005)   0.01769(0.001)  | 0.009021
   3   3 | 0.03332(0.006)  0.008788(0.0009) | 0.0977(0.009)   0.01759(0.001)  | 0.009077
   4   4 | 0.03031(0.004)  0.003188(0.0004) | 0.08542(0.006)  0.007316(0.0007) | 0.00329
   6   6 | 0.01468(0.001)  0.002931(0.0003) | 0.08139(0.005)  0.007081(0.0006) | 0.003038
   9   9 | 0.01262(0.002)  0.002795(0.0003) | 0.06899(0.002)  0.006778(0.0006) | 0.002923
  12  12 | 0.009847(0.002) 0.002752(0.0004) | 0.05732(0.002)  0.006638(0.0005) | 0.002929
  27  19 | 0.00613(0.001)  0.002627(0.0004) | 0.04251(0.002)  0.006523(0.0005) | 0.002871
1.14 real         1.09 user         0.03 sys
188039168  maximum resident set size
=== vmc51.py 8 lp:0 30000 23 (1-min load 3.02, free mem 30%) ===
L=8 N=512 lp:0: 34 classes, 10 four-spin (19456 four-sets); MF gap 2.651; mode singlet; setup 2.2s
measured 3150 in 266s; acc flip 0/0 pair 343867/2380800; drift 2.9e-12
Casimir estimator: mean -768.000000, max |dev from -3N/2| 1.35e-10 (zero iff exact singlet)
<O_c>/site (first 8 classes): (0, 0, 1):-3.0139 (0, 1, 1):+2.3816 (1, 1, 1):-0.9199 (0, 0, 2):+0.7708 (0, 1, 2):-2.0575 (1, 1, 2):+1.5392 (0, 2, 2):+0.6342 (0, 0, 3):-0.3855
NN s.s per bond -1.0046; four-spin: T0:-0.4467 T2:-0.2017 C0:-0.3978 Dm0:+0.0396 Dm1:+0.1091 Y0:+0.1128 Y1:+0.1699 Y2:+0.1690 P0:+1.3503 P1:+0.2032
268.17 real       265.61 user         1.35 sys
194953216  maximum resident set size
=== anal51.py 8 lp:0 quick (1-min load 2.77, free mem 34%) ===
L=8: long-wavelength metric removes q-orbits [(0, 0, 0), (0, 0, 1), (0, 1, 1), (1, 1, 1), (0, 0, 2)] (|q| <= pi/2) and the Casimir

== L=8 lp:0: 9448 samples (3 files); <s.s>_NN/bond -1.0042 ==
  A49 sets, plain metric: S1b-inv(3) 0.04104(0.005); S1inv(11) 0.002812(0.0002); S1uS2inv(14) 0.002691(0.0002)
 R^2 ncls |  B mod           B4 mod          |  B LW            B4 LW           | B4 mod bias-corr
   1   1 | 0.8061(0.07)    0.07137(0.007)  | 1.068(0.09)     0.08959(0.01)   | 0.07593
   2   2 | 0.05119(0.005)  0.008333(0.0009) | 0.09227(0.008)  0.01433(0.001)  | 0.00885
   3   3 | 0.03331(0.006)  0.008143(0.0008) | 0.07743(0.009)  0.01432(0.001)  | 0.008734
   4   4 | 0.03013(0.005)  0.002918(0.0002) | 0.06802(0.008)  0.005909(0.0004) | 0.002998
   6   6 | 0.01026(0.0004) 0.002506(0.0001) | 0.06(0.005)     0.005625(0.0003) | 0.002555
   9   9 | 0.007271(0.0003) 0.002358(0.0001) | 0.05849(0.007)  0.005615(0.0003) | 0.002407
  12  12 | 0.005514(0.0002) 0.002191(0.0001) | 0.05518(0.006)  0.005575(0.0003) | 0.00224
  16  15 | 0.004663(0.0003) 0.002104(0.0002) | 0.0521(0.006)   0.005523(0.0003) | 0.002171
  27  27 | 0.00239(0.0002) 0.001701(0.0001) | 0.0434(0.003)   0.005454(0.0003) | 0.001797
  48  34 | 0.00189(0.0002) 0.001543(0.0001) | 0.03151(0.001)  0.005394(0.0003) | 0.001651
0.57 real         0.47 user         0.03 sys
131366912  maximum resident set size
=== anal51b.py 8 lp:0 (1-min load 2.79, free mem 33%) ===
L=8 lp:0: 9448 samples

[B] full reach, Casimir-removed metric: lam = 0.00189 +- 0.00018 (bias-corr 0.00204); lam2 = 0.007408
  class      |d|   m  par   J(d)/J_NN  +- err
  (0, 0, 1)   1.00   6  1  +1.0000  0.0000
  (0, 1, 1)   1.41  12  0  +0.8237  0.0247
  (1, 1, 1)   1.73   8  1  +0.7051  0.0408
  (0, 0, 2)   2.00   6  0  +0.6471  0.0278
  (0, 1, 2)   2.24  24  1  +0.5661  0.0378
  (1, 1, 2)   2.45  24  0  +0.4933  0.0398
  (0, 2, 2)   2.83  12  0  +0.3809  0.0247
  (0, 0, 3)   3.00   6  1  +0.4501  0.0353
  (1, 2, 2)   3.00  24  1  +0.3363  0.0161
  (0, 1, 3)   3.16  24  0  +0.3845  0.0326
  (1, 1, 3)   3.32  24  1  +0.3242  0.0254
  (2, 2, 2)   3.46   8  0  +0.1918  0.0222
  (0, 2, 3)   3.61  24  1  +0.2093  0.0174
  (1, 2, 3)   3.74  48  0  +0.1567  0.0127
  (0, 0, 4)   4.00   3  0  +0.3957  0.0443
  (0, 1, 4)   4.12  12  1  +0.3171  0.0339
  (2, 2, 3)   4.12  24  1  -0.0053  0.0142
  (0, 3, 3)   4.24  12  0  +0.0355  0.0153
  (1, 1, 4)   4.24  12  0  +0.2594  0.0248
  (1, 3, 3)   4.36  24  1  -0.0219  0.0106
  (0, 2, 4)   4.47  12  0  +0.1391  0.0183
  (1, 2, 4)   4.58  24  1  +0.0830  0.0122
  (2, 3, 3)   4.69  24  0  -0.1834  0.0203
  (2, 2, 4)   4.90  12  0  -0.0835  0.0098
  (0, 3, 4)   5.00  12  1  -0.0348  0.0152
  (1, 3, 4)   5.10  24  0  -0.0964  0.0077
  (3, 3, 3)   5.20   8  1  -0.3507  0.0367
  (2, 3, 4)   5.39  24  1  -0.2617  0.0216
  (0, 4, 4)   5.66   3  0  -0.0985  0.0204
  (1, 4, 4)   5.74   6  1  -0.1729  0.0106
  (3, 3, 4)   5.83  12  0  -0.4360  0.0431
  (2, 4, 4)   6.00   6  0  -0.3496  0.0246
  (3, 4, 4)   6.40   6  1  -0.5325  0.0465
  (4, 4, 4)   6.93   1  0  -0.6368  0.0587
  power-law fit |J| = A/|d|^alpha over 32 significant classes beyond NN: alpha = 0.91, A = 1.057
  parity |d|_1 even: 18 significant, signs + 11 / - 7
  parity |d|_1 odd : 14 significant, signs + 8 / - 6
  insignificant classes (|J| < 2 err): 1 of 34

[B4] full reach, Casimir-removed metric: lam = 0.001543 +- 0.00011 (bias-corr 0.001651); lam2 = 0.003406
  class      |d|   m  par   J(d)/J_NN  +- err
  (0, 0, 1)   1.00   6  1  +1.0000  0.0000
  (0, 1, 1)   1.41  12  0  +0.8147  0.0165
  (1, 1, 1)   1.73   8  1  +0.3730  0.0445
  (0, 0, 2)   2.00   6  0  +0.5044  0.0259
  (0, 1, 2)   2.24  24  1  +0.2885  0.0378
  (1, 1, 2)   2.45  24  0  +0.2518  0.0367
  (0, 2, 2)   2.83  12  0  +0.1876  0.0263
  (0, 0, 3)   3.00   6  1  +0.2183  0.0327
  (1, 2, 2)   3.00  24  1  +0.1641  0.0206
  (0, 1, 3)   3.16  24  0  +0.1818  0.0316
  (1, 1, 3)   3.32  24  1  +0.1515  0.0265
  (2, 2, 2)   3.46   8  0  +0.0905  0.0143
  (0, 2, 3)   3.61  24  1  +0.0943  0.0177
  (1, 2, 3)   3.74  48  0  +0.0693  0.0126
  (0, 0, 4)   4.00   3  0  +0.1820  0.0348
  (0, 1, 4)   4.12  12  1  +0.1412  0.0303
  (2, 2, 3)   4.12  24  1  -0.0073  0.0075
  (0, 3, 3)   4.24  12  0  +0.0104  0.0097
  (1, 1, 4)   4.24  12  0  +0.1171  0.0242
  (1, 3, 3)   4.36  24  1  -0.0166  0.0058
  (0, 2, 4)   4.47  12  0  +0.0560  0.0153
  (1, 2, 4)   4.58  24  1  +0.0323  0.0103
  (2, 3, 3)   4.69  24  0  -0.0909  0.0175
  (2, 2, 4)   4.90  12  0  -0.0426  0.0080
  (0, 3, 4)   5.00  12  1  -0.0252  0.0083
  (1, 3, 4)   5.10  24  0  -0.0531  0.0058
  (3, 3, 3)   5.20   8  1  -0.1639  0.0317
  (2, 3, 4)   5.39  24  1  -0.1251  0.0228
  (0, 4, 4)   5.66   3  0  -0.0563  0.0114
  (1, 4, 4)   5.74   6  1  -0.0919  0.0125
  (3, 3, 4)   5.83  12  0  -0.1992  0.0383
  (2, 4, 4)   6.00   6  0  -0.1627  0.0282
  (3, 4, 4)   6.40   6  1  -0.2378  0.0436
  (4, 4, 4)   6.93   1  0  -0.2777  0.0516
  four-spin (A49 normalized units, same scale): T0:+0.453(0.034) T2:+0.303(0.021) C0:+0.555(0.044) Dm0:+0.026(0.012) Dm1:+0.132(0.016) Y0:+0.125(0.011) Y1:+0.099(0.023) Y2:+0.115(0.021)
  power-law fit |J| = A/|d|^alpha over 31 significant classes beyond NN: alpha = 1.67, A = 1.410
  parity |d|_1 even: 17 significant, signs + 10 / - 7
  parity |d|_1 odd : 14 significant, signs + 8 / - 6
  insignificant classes (|J| < 2 err): 2 of 34

[q-orbits] relative variance of P_Q (Casimir-removed metric) vs Gaussian estimate Sbar(Q)^2; lowest 6:
  Q = 2pi/L (0, 0, 1): lam 0.002515, Sbar 0.0518, Sbar^2 0.002686
  Q = 2pi/L (0, 1, 1): lam 0.008501, Sbar 0.1064, Sbar^2 0.01132
  Q = 2pi/L (1, 1, 1): lam 0.02092, Sbar 0.1648, Sbar^2 0.02718
  Q = 2pi/L (0, 0, 2): lam 0.02252, Sbar 0.1717, Sbar^2 0.0295
  Q = 2pi/L (0, 1, 2): lam 0.04477, Sbar 0.2379, Sbar^2 0.05659
  Q = 2pi/L (0, 0, 3): lam 0.06383, Sbar 0.2988, Sbar^2 0.08927
  Sbar(Q) at the smallest Q (0, 0, 1): 0.0518; maximum Sbar 17.284 at (4, 4, 4)

[HS ansatz] J(d) = s(d)/D^alpha: lam (Casimir-removed) bilinear-only | + 8 star four-spin optimized
  s=af    a=1: 0.00718 | 0.00565;  a=2: 0.0277 | 0.0137;  a=3: 0.0803 | 0.026;  a=4: 0.166 | 0.0387;  a=6: 0.377 | 0.0567
  s=stag  a=1: 145 | 0.183;  a=2: 79.5 | 0.183;  a=3: 27.4 | 0.182;  a=4: 9.24 | 0.179;  a=6: 2.33 | 0.0831
  s=fit   a=1: 1.24 | 0.183;  a=2: 0.386 | 0.182;  a=3: 0.0668 | 0.0568;  a=4: 0.135 | 0.0397;  a=6: 0.372 | 0.0565
[B_r4] 4 classes: lam 0.03013 +- 0.0047 (bias-corr 0.03146); J: (0, 0, 1):+1.000 (0, 1, 1):+0.394 (1, 1, 1):+0.169 (0, 0, 2):+0.070
[B4_r4] 4 classes: lam 0.002918 +- 0.00022 (bias-corr 0.002998); J: (0, 0, 1):+1.000 (0, 1, 1):+0.785 (1, 1, 1):-0.004 (0, 0, 2):+0.364
[B_r9] 9 classes: lam 0.007271 +- 0.0003 (bias-corr 0.007397); J: (0, 0, 1):+1.000 (0, 1, 1):+0.699 (1, 1, 1):+0.519 (0, 0, 2):+0.343 (0, 1, 2):+0.272 (1, 1, 2):+0.200 (0, 2, 2):+0.104 (0, 0, 3):+0.002 ...
[B4_r9] 9 classes: lam 0.002358 +- 0.00012 (bias-corr 0.002407); J: (0, 0, 1):+1.000 (0, 1, 1):+0.795 (1, 1, 1):+0.131 (0, 0, 2):+0.363 (0, 1, 2):+0.066 (1, 1, 2):+0.053 (0, 2, 2):+0.027 (0, 0, 3):+0.000 ...
[B_inner] 19 classes: lam 0.004172 +- 0.00023 (bias-corr 0.004308); J: (0, 0, 1):+1.000 (0, 1, 1):+0.785 (1, 1, 1):+0.646 (0, 0, 2):+0.505 (0, 1, 2):+0.439 (1, 1, 2):+0.375 (0, 2, 2):+0.252 (0, 0, 3):+0.178 ...
[B4_inner] 19 classes: lam 0.002056 +- 0.00014 (bias-corr 0.002117); J: (0, 0, 1):+1.000 (0, 1, 1):+0.807 (1, 1, 1):+0.225 (0, 0, 2):+0.412 (0, 1, 2):+0.149 (1, 1, 2):+0.128 (0, 2, 2):+0.084 (0, 0, 3):+0.062 ...
0.20 real         0.17 user         0.01 sys
92487680  maximum resident set size
=== fwd51.py 8 B4 lp:0 (1-min load 2.79, free mem 33%) ===
rule rules51_8.npz[B4]
[LT] lowest q-orbits of J(k) (two-spin part; Q in units of 2pi/L; span max-min = 48.992):
  Q (np.int64(0), np.int64(3), np.int64(4)): J(Q) = -2.1559  (J - Jmin)/span = 0.0000  orbit size 12
  Q (np.int64(1), np.int64(3), np.int64(3)): J(Q) = -2.0608  (J - Jmin)/span = 0.0019  orbit size 24
  Q (np.int64(0), np.int64(3), np.int64(3)): J(Q) = -2.0413  (J - Jmin)/span = 0.0023  orbit size 12
  Q (np.int64(1), np.int64(3), np.int64(4)): J(Q) = -2.0198  (J - Jmin)/span = 0.0028  orbit size 24
  Q (np.int64(0), np.int64(4), np.int64(4)): J(Q) = -2.0189  (J - Jmin)/span = 0.0028  orbit size 3
  Q (np.int64(1), np.int64(2), np.int64(4)): J(Q) = -2.0166  (J - Jmin)/span = 0.0028  orbit size 24
  k-points within 2% of span above the minimum: 293 of 512
[LSWT] collinear candidates, four-spin terms in Hartree form (E per site, sigma units):
  ferro (0,0,0)   : E_cl +25.60973  E_LSWT +136.81444  UNSTABLE (min w^2 0.00e+00)
  layer (pi,0,0)  : E_cl -0.49596  E_LSWT -1.82369  UNSTABLE (min w^2 -2.11e+01)
  col (pi,pi,0)   : E_cl -0.65992  E_LSWT -0.73272  UNSTABLE (min w^2 -3.87e+01)
  Neel (pi,pi,pi) : E_cl -0.13199  E_LSWT -2.43698  UNSTABLE (min w^2 -6.33e+01)
[VMC] <H>/site (binning error), same rule (J_NN = 1; per-site HS norm mod Casimir = 5.764; divide energies by it for unit-norm units):
  lp:0           -1.68276 +- 0.00012 (9448 samples)
0.10 real         0.08 user         0.01 sys
53723136  maximum resident set size
=== fwd51.py 8 B4_inner lp:0 (1-min load 2.79, free mem 32%) ===
rule rules51_8.npz[B4_inner]
[LT] lowest q-orbits of J(k) (two-spin part; Q in units of 2pi/L; span max-min = 36.951):
  Q (np.int64(0), np.int64(3), np.int64(4)): J(Q) = -2.5871  (J - Jmin)/span = 0.0000  orbit size 12
  Q (np.int64(0), np.int64(4), np.int64(4)): J(Q) = -2.5081  (J - Jmin)/span = 0.0021  orbit size 3
  Q (np.int64(0), np.int64(3), np.int64(3)): J(Q) = -2.4393  (J - Jmin)/span = 0.0040  orbit size 12
  Q (np.int64(1), np.int64(3), np.int64(3)): J(Q) = -2.4039  (J - Jmin)/span = 0.0050  orbit size 24
  Q (np.int64(1), np.int64(3), np.int64(4)): J(Q) = -2.3556  (J - Jmin)/span = 0.0063  orbit size 24
  Q (np.int64(1), np.int64(2), np.int64(4)): J(Q) = -2.3268  (J - Jmin)/span = 0.0070  orbit size 24
  k-points within 2% of span above the minimum: 201 of 512
[LT fine grid 40^3, infinite lattice] J_min -2.5871 at q/pi = [1.   0.   1.25]; BZ fraction within 1%: 0.2342, within 5%: 0.6076
[LSWT] collinear candidates, four-spin terms in Hartree form (E per site, sigma units):
  ferro (0,0,0)   : E_cl +20.29364  E_LSWT +113.91487  UNSTABLE (min w^2 0.00e+00)
  layer (pi,0,0)  : E_cl -0.53286  E_LSWT -2.07051  UNSTABLE (min w^2 -3.93e+01)
  col (pi,pi,0)   : E_cl -0.75626  E_LSWT -0.53884  UNSTABLE (min w^2 -1.97e+01)
  Neel (pi,pi,pi) : E_cl +0.08563  E_LSWT -2.66132  UNSTABLE (min w^2 -6.44e+01)
[VMC] <H>/site (binning error), same rule (J_NN = 1; per-site HS norm mod Casimir = 4.794; divide energies by it for unit-norm units):
  lp:0           -1.69469 +- 0.00011 (9448 samples)
0.23 real         0.20 user         0.02 sys
137379840  maximum resident set size
=== vmc51.py 6 neez:0.05 30000 13 (1-min load 2.79, free mem 31%) ===
L=6 N=216 neez:0.05: 19 classes, 10 four-spin (8208 four-sets); MF gap 3.466; mode singlet; setup 0.7s
measured 17093 in 267s; acc flip 0/0 pair 547673/4016088; drift 1.5e-11
Casimir estimator: mean -322.784151, max |dev from -3N/2| 3.27e+01 (zero iff exact singlet)
<O_c>/site (first 8 classes): (0, 0, 1):-3.0800 (0, 1, 1):+2.5791 (1, 1, 1):-1.0778 (0, 0, 2):+0.9428 (0, 1, 2):-2.6788 (1, 1, 2):+2.1576 (0, 2, 2):+0.9733 (0, 0, 3):-0.3630
NN s.s per bond -1.0267; four-spin: T0:-0.5197 T2:-0.2849 C0:-0.4599 Dm0:+0.0610 Dm1:+0.1306 Y0:+0.1568 Y1:+0.2079 Y2:+0.2073 P0:+1.3623 P1:+0.2150
268.14 real       265.57 user         1.19 sys
76185600  maximum resident set size
=== vmc51.py 6 colz:0.1 30000 14 (1-min load 3.23, free mem 32%) ===
L=6 N=216 colz:0.1: 19 classes, 10 four-spin (8208 four-sets); MF gap 3.353; mode singlet; setup 0.7s
measured 16912 in 267s; acc flip 0/0 pair 576043/3976992; drift 7.9e-13
Casimir estimator: mean -323.454489, max |dev from -3N/2| 1.69e+01 (zero iff exact singlet)
<O_c>/site (first 8 classes): (0, 0, 1):-3.0219 (0, 1, 1):+2.3818 (1, 1, 1):-0.9125 (0, 0, 2):+0.8464 (0, 1, 2):-2.2188 (1, 1, 2):+1.6364 (0, 2, 2):+0.7341 (0, 0, 3):-0.3072
NN s.s per bond -1.0073; four-spin: T0:-0.4505 T2:-0.2322 C0:-0.3988 Dm0:+0.0460 Dm1:+0.1087 Y0:+0.1245 Y1:+0.1717 Y2:+0.1715 P0:+1.3553 P1:+0.2047
268.14 real       265.63 user         1.26 sys
75350016  maximum resident set size
=== vmc51.py 6 fs0 30000 15 (1-min load 3.31, free mem 34%) ===
L=6 N=216 fs0: 19 classes, 10 four-spin (8208 four-sets); MF gap 0.006; mode singlet; setup 0.6s
measured 16962 in 267s; acc flip 0/0 pair 584174/3987792; drift 2.4e-13
Casimir estimator: mean -324.000000, max |dev from -3N/2| 4.72e-11 (zero iff exact singlet)
<O_c>/site (first 8 classes): (0, 0, 1):-2.8667 (0, 1, 1):+3.2803 (1, 1, 1):-2.1180 (0, 0, 2):+1.4144 (0, 1, 2):-5.1982 (1, 1, 2):+5.1774 (0, 2, 2):+2.4640 (0, 0, 3):-0.6440
NN s.s per bond -0.9556; four-spin: T0:-0.8087 T2:-0.5962 C0:-0.7628 Dm0:+0.1661 Dm1:+0.2488 Y0:+0.3765 Y1:+0.4146 Y2:+0.4145 P0:+0.5976 P1:+0.3160
268.16 real       265.74 user         1.25 sys
71237632  maximum resident set size
=== vmc51.py 6 lp:0.1 30000 16 (1-min load 3.04, free mem 36%) ===
L=6 N=216 lp:0.1: 19 classes, 10 four-spin (8208 four-sets); MF gap 2.616; mode singlet; setup 0.7s
measured 17014 in 267s; acc flip 0/0 pair 579797/3999024; drift 3.0e-13
Casimir estimator: mean -323.990209, max |dev from -3N/2| 5.22e+00 (zero iff exact singlet)
<O_c>/site (first 8 classes): (0, 0, 1):-3.0256 (0, 1, 1):+2.3896 (1, 1, 1):-0.9219 (0, 0, 2):+0.8327 (0, 1, 2):-2.1753 (1, 1, 2):+1.6081 (0, 2, 2):+0.6887 (0, 0, 3):-0.3029
NN s.s per bond -1.0085; four-spin: T0:-0.4514 T2:-0.2272 C0:-0.4027 Dm0:+0.0459 Dm1:+0.1104 Y0:+0.1243 Y1:+0.1735 Y2:+0.1733 P0:+1.3591 P1:+0.2068
268.15 real       265.93 user         1.24 sys
75464704  maximum resident set size
=== vmc51.py 6 pol 300 17 (1-min load 2.88, free mem 34%) ===
L=6 N=216 pol: 19 classes, 10 four-spin (8208 four-sets); MF gap nan; mode full; setup 0.6s
measured 300 in 5s; acc flip 7277/36015 pair 7228/35265; drift 4.2e-16
Casimir estimator: mean -100.001067, max |dev from -3N/2| 1.05e+03 (zero iff exact singlet)
<O_c>/site (first 8 classes): (0, 0, 1):-0.9967 (0, 1, 1):-1.9855 (1, 1, 1):+4.0000 (0, 0, 2):+3.0000 (0, 1, 2):-3.9917 (1, 1, 2):-4.0055 (0, 2, 2):+6.0000 (0, 0, 3):-0.4939
NN s.s per bond -0.3322; four-spin: T0:-0.0010 T2:-0.3836 C0:+0.4183 Dm0:+0.5774 Dm1:+0.2350 Y0:-0.3821 Y1:-0.0008 Y2:+0.0005 P0:+0.2336 P1:+0.1919
5.95 real         5.86 user         0.04 sys
61734912  maximum resident set size
=== vmc51.py 6 cs 300 18 (1-min load 2.73, free mem 35%) ===
L=6 N=216 cs: 19 classes, 10 four-spin (8208 four-sets); MF gap nan; mode full; setup 0.6s
measured 300 in 7s; acc flip 15275/35644 pair 15142/35636; drift 5.1e-16
Casimir estimator: mean -95.402036, max |dev from -3N/2| 1.07e+03 (zero iff exact singlet)
<O_c>/site (first 8 classes): (0, 0, 1):-3.0069 (0, 1, 1):+6.0000 (1, 1, 1):-3.9924 (0, 0, 2):+3.0000 (0, 1, 2):-12.0013 (1, 1, 2):+12.0000 (0, 2, 2):+6.0000 (0, 0, 3):-1.4990
NN s.s per bond -1.0023; four-spin: T0:-1.4175 T2:-1.1574 C0:-1.2678 Dm0:+0.5774 Dm1:+0.7071 Y0:+1.1547 Y1:+1.1547 Y2:+1.1547 P0:+0.7075 P1:+0.5774
7.39 real         7.32 user         0.04 sys
61767680  maximum resident set size
=== control51.py 6 (1-min load 2.70, free mem 31%) ===
pol L=6 (300 samples): predicted null classes 7: [(np.int64(1), np.int64(1), np.int64(1)), (np.int64(0), np.int64(0), np.int64(2)), (np.int64(0), np.int64(2), np.int64(2)), (np.int64(1), np.int64(1), np.int64(3)), (np.int64(2), np.int64(2), np.int64(2)), (np.int64(1), np.int64(3), np.int64(3)), (np.int64(3), np.int64(3), np.int64(3))]
  lowest eigenvalues: [-6.25e-16 -3.39e-16 -1.20e-26  1.11e-16  1.59e-16  4.58e-16  6.04e-16
  4.39e-01  4.69e-01]; max |C| on predicted-null rows 6.5e-12
cs L=6 (300 samples): predicted null classes 9: [(np.int64(0), np.int64(1), np.int64(1)), (np.int64(0), np.int64(0), np.int64(2)), (np.int64(1), np.int64(1), np.int64(2)), (np.int64(0), np.int64(2), np.int64(2)), (np.int64(0), np.int64(1), np.int64(3)), (np.int64(2), np.int64(2), np.int64(2)), (np.int64(1), np.int64(2), np.int64(3)), (np.int64(0), np.int64(3), np.int64(3)), (np.int64(2), np.int64(3), np.int64(3))]
  lowest eigenvalues: [-2.90e-16 -9.72e-17 -2.32e-23 -4.17e-27  1.80e-25  4.25e-25  5.88e-17
  7.50e-17  1.61e-16  9.59e-01  1.11e+00]; max |C| on predicted-null rows 3.4e-11
parton L=6: plain-metric full-reach B minimum lam = -1.28e-14 (next 0.00613); vector spread max|v_c - 1| = 6.0e-11 (Casimir = all ones)
0.10 real         0.07 user         0.01 sys
73924608  maximum resident set size
=== vmc51.py 6 vbs 3000 19 (1-min load 2.70, free mem 31%) ===
L=6 N=216 vbs: 19 classes, 10 four-spin (8208 four-sets); MF gap nan; mode singlet; setup 0.6s
measured 3000 in 43s; acc flip 0/0 pair 113533/680400; drift 0.0e+00
Casimir estimator: mean -324.000000, max |dev from -3N/2| 0.00e+00 (zero iff exact singlet)
<O_c>/site (first 8 classes): (0, 0, 1):-1.4984 (0, 1, 1):-0.0045 (1, 1, 1):+0.0040 (0, 0, 2):-0.0043 (0, 1, 2):+0.0039 (1, 1, 2):-0.0023 (0, 2, 2):-0.0063 (0, 0, 3):+0.0013
NN s.s per bond -0.4995; four-spin: T0:-0.0011 T2:-0.0005 C0:+0.0018 Dm0:+0.0010 Dm1:+0.0013 Y0:+0.0005 Y1:+0.0005 Y2:+0.0005 P0:+1.4140 P1:+0.5773
49.77 real        49.28 user         0.24 sys
56541184  maximum resident set size
=== anal51.py 6 lp:0,lp:0.1,neez:0.05,colz:0.1,fs0,vbs quick (1-min load 3.28, free mem 33%) ===
L=6: long-wavelength metric removes q-orbits [(0, 0, 0), (0, 0, 1), (0, 1, 1)] (|q| <= pi/2) and the Casimir

== L=6 lp:0: 34138 samples (3 files); <s.s>_NN/bond -1.0098 ==
  A49 sets, plain metric: S1b-inv(3) 0.04115(0.002); S1inv(11) 0.00291(0.0003); S1uS2inv(14) 0.002772(0.0003)
 R^2 ncls |  B mod           B4 mod          |  B LW            B4 LW           | B4 mod bias-corr
   1   1 | 0.8766(0.09)    0.06533(0.002)  | 1.252(0.1)      0.08462(0.004)  | 0.0659
   2   2 | 0.05144(0.002)  0.008859(0.0007) | 0.1099(0.005)   0.01769(0.001)  | 0.009021
   3   3 | 0.03332(0.006)  0.008788(0.0009) | 0.0977(0.009)   0.01759(0.001)  | 0.009077
   4   4 | 0.03031(0.004)  0.003188(0.0004) | 0.08542(0.006)  0.007316(0.0007) | 0.00329
   6   6 | 0.01468(0.001)  0.002931(0.0003) | 0.08139(0.005)  0.007081(0.0006) | 0.003038
   9   9 | 0.01262(0.002)  0.002795(0.0003) | 0.06899(0.002)  0.006778(0.0006) | 0.002923
  12  12 | 0.009847(0.002) 0.002752(0.0004) | 0.05732(0.002)  0.006638(0.0005) | 0.002929
  27  19 | 0.00613(0.001)  0.002627(0.0004) | 0.04251(0.002)  0.006523(0.0005) | 0.002871

== L=6 lp:0.1: 17014 samples (1 files); <s.s>_NN/bond -1.0085 ==
  A49 sets, plain metric: S1b-inv(3) 0.0414(0.003); S1inv(11) 0.003116(0.0003); S1uS2inv(14) 0.002971(0.0003)
 R^2 ncls |  B mod           B4 mod          |  B LW            B4 LW           | B4 mod bias-corr
   1   1 | 0.7447(0.04)    0.07089(0.006)  | 1.064(0.06)     0.09282(0.009)  | 0.07503
   2   2 | 0.05229(0.005)  0.007425(0.0003) | 0.1108(0.009)   0.01508(0.0006) | 0.007511
   3   3 | 0.02637(0.001)  0.007178(0.0002) | 0.08516(0.004)  0.01508(0.0006) | 0.007275
   4   4 | 0.02497(0.002)  0.003324(0.0003) | 0.07779(0.005)  0.008067(0.0008) | 0.003479
   6   6 | 0.01327(0.001)  0.002995(0.0002) | 0.07592(0.005)  0.007946(0.0008) | 0.003131
   9   9 | 0.01064(0.0007) 0.002769(0.0002) | 0.06937(0.004)  0.007564(0.0008) | 0.002894
  12  12 | 0.007601(0.0004) 0.002616(0.0002) | 0.05886(0.004)  0.007417(0.0008) | 0.002745
  27  19 | 0.004521(0.0002) 0.002448(0.0002) | 0.04145(0.002)  0.007284(0.0008) | 0.002576

== L=6 neez:0.05: 17093 samples (1 files); <s.s>_NN/bond -1.0267 ==
  A49 sets, plain metric: S1b-inv(3) 0.03981(0.004); S1inv(11) 0.003986(0.0004); S1uS2inv(14) 0.003573(0.0002)
 R^2 ncls |  B mod           B4 mod          |  B LW            B4 LW           | B4 mod bias-corr
   1   1 | 0.8408(0.07)    0.05975(0.005)  | 1.201(0.1)      0.07648(0.005)  | 0.06063
   2   2 | 0.04885(0.005)  0.008899(0.001) | 0.1038(0.01)    0.01735(0.002)  | 0.009086
   3   3 | 0.02397(0.0008) 0.008456(0.0009) | 0.08022(0.005)  0.01735(0.002)  | 0.008637
   4   4 | 0.02319(0.0009) 0.004268(0.0004) | 0.07538(0.006)  0.01012(0.0009) | 0.004364
   6   6 | 0.01369(0.001)  0.004029(0.0003) | 0.07363(0.006)  0.009631(0.0007) | 0.004136
   9   9 | 0.01062(0.0005) 0.003816(0.0002) | 0.06745(0.006)  0.009501(0.0007) | 0.003914
  12  12 | 0.007948(0.0004) 0.003586(0.0002) | 0.05945(0.006)  0.009336(0.0007) | 0.003686
  27  19 | 0.004961(0.0004) 0.003133(0.0002) | 0.04211(0.003)  0.008973(0.0007) | 0.003285

== L=6 colz:0.1: 16912 samples (1 files); <s.s>_NN/bond -1.0073 ==
  A49 sets, plain metric: S1b-inv(3) 0.04479(0.004); S1inv(11) 0.005266(0.0002); S1uS2inv(14) 0.005047(0.0002)
 R^2 ncls |  B mod           B4 mod          |  B LW            B4 LW           | B4 mod bias-corr
   1   1 | 1.023(0.2)      0.07557(0.01)   | 1.461(0.4)      0.09776(0.02)   | 0.07964
   2   2 | 0.05675(0.005)  0.01075(0.0009) | 0.1224(0.01)    0.02134(0.002)  | 0.01111
   3   3 | 0.03464(0.004)  0.01048(0.0009) | 0.1105(0.01)    0.02132(0.002)  | 0.01082
   4   4 | 0.03274(0.004)  0.005759(0.0003) | 0.09829(0.01)   0.01321(0.0005) | 0.005844
   6   6 | 0.01571(0.001)  0.005168(0.0001) | 0.09674(0.01)   0.01293(0.0005) | 0.00524
   9   9 | 0.01305(0.001)  0.004982(0.0001) | 0.09371(0.02)   0.01286(0.0006) | 0.005038
  12  12 | 0.009322(0.0006) 0.004663(0.0002) | 0.06941(0.01)   0.01212(0.0005) | 0.004776
  27  19 | 0.005296(0.0003) 0.003124(0.0002) | 0.05189(0.009)  0.009633(0.0004) | 0.003205

== L=6 fs0: 16962 samples (1 files); <s.s>_NN/bond -0.9556 ==
  A49 sets, plain metric: S1b-inv(3) 0.2202(0.004); S1inv(11) 0.1469(0.003); S1uS2inv(14) 0.05852(0.002)
 R^2 ncls |  B mod           B4 mod          |  B LW            B4 LW           | B4 mod bias-corr
   1   1 | 4.993(0.2)      0.1815(0.008)   | 7.13(0.4)       0.182(0.008)    | 0.185
   2   2 | 0.2545(0.004)   0.1676(0.004)   | 0.6044(0.01)    0.1819(0.008)   | 0.1712
   3   3 | 0.1154(0.003)   0.08792(0.002)  | 0.4764(0.01)    0.1764(0.005)   | 0.08843
   4   4 | 0.112(0.003)    0.08783(0.002)  | 0.3332(0.01)    0.1697(0.005)   | 0.0884
   6   6 | 0.0576(0.002)   0.05224(0.002)  | 0.3202(0.01)    0.1674(0.005)   | 0.05259
   9   9 | 0.05032(0.0009) 0.04639(0.0008) | 0.2344(0.007)   0.1581(0.004)   | 0.04675
  12  12 | 0.04168(0.0005) 0.0396(0.0005)  | 0.1618(0.004)   0.1434(0.003)   | 0.03991
  27  19 | 0.03237(0.0007) 0.0314(0.0005)  | 0.1241(0.004)   0.1177(0.003)   | 0.0316

== L=6 vbs: 3000 samples (1 files); <s.s>_NN/bond -0.4995 ==
  A49 sets, plain metric: S1b-inv(3) 0.1923(0.006); S1inv(11) -9.957e-17(1e-15); S1uS2inv(14) -1.71e-17(1e-15)
 R^2 ncls |  B mod           B4 mod          |  B LW            B4 LW           | B4 mod bias-corr
   1   1 | 0.5219(0.01)    -4.042e-18(1e-15) | 0.7454(0.02)    -3.396e-17(9e-16) | 8.492e-14
   2   2 | 0.2269(0.006)   -1.108e-16(1e-15) | 0.6081(0.02)    -5.952e-17(1e-15) | 8.407e-14
   3   3 | 0.1257(0.003)   -9.138e-17(8e-16) | 0.4059(0.01)    -8.403e-17(1e-15) | 8.287e-14
   4   4 | 0.1181(0.003)   -6.661e-15(1e-15) | 0.3959(0.01)    -6.828e-15(1e-15) | -2.16e-14
   6   6 | 0.02759(0.001)  -4.72e-16(1e-15) | 0.2206(0.01)    -2.162e-16(8e-16) | 7.771e-14
   9   9 | 0.002858(8e-05) 2.005e-16(1e-15) | 0.02286(0.0006) -3.23e-17(9e-16) | 8.731e-14
  12  12 | 1.557e-16(7e-15) -6.635e-15(2e-15) | 9.698e-16(5e-14) -6.929e-15(2e-14) | -2.164e-14
  27  19 | 6.768e-17(2e-15) -1.257e-16(7e-16) | -5.885e-16(2e-14) -2.687e-16(1e-14) | 8.374e-14
2.92 real         2.80 user         0.05 sys
208404480  maximum resident set size
=== anal51b.py 6 lp:0 lp:0.1,neez:0.05,colz:0.1,fs0,vbs (1-min load 3.28, free mem 31%) ===
L=6 lp:0: 34138 samples

[B] full reach, Casimir-removed metric: lam = 0.00613 +- 0.0011 (bias-corr 0.006814); lam2 = 0.02032
  class      |d|   m  par   J(d)/J_NN  +- err
  (0, 0, 1)   1.00   6  1  +1.0000  0.0000
  (0, 1, 1)   1.41  12  0  +0.7221  0.0145
  (1, 1, 1)   1.73   8  1  +0.5457  0.0233
  (0, 0, 2)   2.00   6  0  +0.5737  0.0485
  (0, 1, 2)   2.24  24  1  +0.4350  0.0303
  (1, 1, 2)   2.45  24  0  +0.3055  0.0201
  (0, 2, 2)   2.83  12  0  +0.1780  0.0259
  (0, 0, 3)   3.00   3  1  +0.3978  0.0415
  (1, 2, 2)   3.00  24  1  +0.0330  0.0133
  (0, 1, 3)   3.16  12  0  +0.2878  0.0344
  (1, 1, 3)   3.32  12  1  +0.1793  0.0289
  (2, 2, 2)   3.46   8  0  -0.2317  0.0192
  (0, 2, 3)   3.61  12  1  +0.0622  0.0299
  (1, 2, 3)   3.74  24  0  -0.0864  0.0054
  (2, 2, 3)   4.12  12  1  -0.3858  0.0427
  (0, 3, 3)   4.24   3  0  -0.0597  0.0290
  (1, 3, 3)   4.36   6  1  -0.2142  0.0146
  (2, 3, 3)   4.69   6  0  -0.5526  0.0866
  (3, 3, 3)   5.20   1  1  -0.6924  0.1156
  power-law fit |J| = A/|d|^alpha over 18 significant classes beyond NN: alpha = 1.24, A = 1.093
  parity |d|_1 even: 9 significant, signs + 5 / - 4
  parity |d|_1 odd : 9 significant, signs + 6 / - 3
  insignificant classes (|J| < 2 err): 0 of 19

[B4] full reach, Casimir-removed metric: lam = 0.002627 +- 0.0004 (bias-corr 0.002871); lam2 = 0.008898
  class      |d|   m  par   J(d)/J_NN  +- err
  (0, 0, 1)   1.00   6  1  +1.0000  0.0000
  (0, 1, 1)   1.41  12  0  +0.7614  0.0077
  (1, 1, 1)   1.73   8  1  +0.0861  0.0424
  (0, 0, 2)   2.00   6  0  +0.4168  0.0108
  (0, 1, 2)   2.24  24  1  +0.0630  0.0214
  (1, 1, 2)   2.45  24  0  +0.0367  0.0194
  (0, 2, 2)   2.83  12  0  +0.0163  0.0104
  (0, 0, 3)   3.00   3  1  +0.0767  0.0178
  (1, 2, 2)   3.00  24  1  -0.0151  0.0106
  (0, 1, 3)   3.16  12  0  +0.0310  0.0144
  (1, 1, 3)   3.32  12  1  +0.0044  0.0090
  (2, 2, 2)   3.46   8  0  -0.0489  0.0183
  (0, 2, 3)   3.61  12  1  -0.0028  0.0053
  (1, 2, 3)   3.74  24  0  -0.0341  0.0050
  (2, 2, 3)   4.12  12  1  -0.0721  0.0164
  (0, 3, 3)   4.24   3  0  -0.0215  0.0144
  (1, 3, 3)   4.36   6  1  -0.0554  0.0150
  (2, 3, 3)   4.69   6  0  -0.0940  0.0192
  (3, 3, 3)   5.20   1  1  -0.0998  0.0323
  four-spin (A49 normalized units, same scale): T0:+0.765(0.046) T2:+0.551(0.071) C0:+0.903(0.075) Dm0:+0.114(0.037) Dm1:+0.160(0.023) Y0:+0.194(0.047) Y1:+0.198(0.019) Y2:+0.172(0.025)
  power-law fit |J| = A/|d|^alpha over 12 significant classes beyond NN: alpha = 2.16, A = 1.666
  parity |d|_1 even: 6 significant, signs + 3 / - 3
  parity |d|_1 odd : 6 significant, signs + 3 / - 3
  insignificant classes (|J| < 2 err): 6 of 19

[q-orbits] relative variance of P_Q (Casimir-removed metric) vs Gaussian estimate Sbar(Q)^2; lowest 6:
  Q = 2pi/L (0, 0, 1): lam 0.007735, Sbar 0.0854, Sbar^2 0.007297
  Q = 2pi/L (0, 1, 1): lam 0.02633, Sbar 0.1828, Sbar^2 0.0334
  Q = 2pi/L (0, 0, 2): lam 0.05241, Sbar 0.2566, Sbar^2 0.06586
  Q = 2pi/L (1, 1, 1): lam 0.06911, Sbar 0.2970, Sbar^2 0.08819
  Q = 2pi/L (0, 0, 3): lam 0.1079, Sbar 0.3713, Sbar^2 0.1379
  Q = 2pi/L (0, 1, 2): lam 0.1106, Sbar 0.3923, Sbar^2 0.1539
  Sbar(Q) at the smallest Q (0, 0, 1): 0.0854; maximum Sbar 12.833 at (3, 3, 3)

[HS ansatz] J(d) = s(d)/D^alpha: lam (Casimir-removed) bilinear-only | + 8 star four-spin optimized
  s=af    a=1: 0.0175 | 0.0119;  a=2: 0.046 | 0.0181;  a=3: 0.108 | 0.0275;  a=4: 0.202 | 0.0375;  a=6: 0.423 | 0.0525
  s=stag  a=1: 87.5 | 0.194;  a=2: 54.4 | 0.194;  a=3: 24.6 | 0.192;  a=4: 10.3 | 0.153;  a=6: 2.78 | 0.0696
  s=fit   a=1: 1.72 | 0.194;  a=2: 0.755 | 0.194;  a=3: 0.133 | 0.0909;  a=4: 0.0993 | 0.0478;  a=6: 0.388 | 0.053

[cluster Casimirs] lam (Casimir-removed) bilinear-only | + 8 star four-spin optimized
  star: 2.764 | 0.005209
  cube: 0.03482 | 0.03187

[ref lp:0.1] 17014 samples: parton-best-rule lam  B 0.005338, B4 0.003129

[ref neez:0.05] 17093 samples: parton-best-rule lam  B 0.006295, B4 0.004092

[ref colz:0.1] 16912 samples: parton-best-rule lam  B 0.006952, B4 0.004935

[ref fs0] 16962 samples: parton-best-rule lam  B 0.05851, B4 0.1997

[ref vbs] 3000 samples: parton-best-rule lam  B 0.03241, B4 0.03086
[B_r4] 4 classes: lam 0.03031 +- 0.0042 (bias-corr 0.03142); J: (0, 0, 1):+1.000 (0, 1, 1):+0.408 (1, 1, 1):+0.167 (0, 0, 2):+0.061
[B4_r4] 4 classes: lam 0.003188 +- 0.00037 (bias-corr 0.00329); J: (0, 0, 1):+1.000 (0, 1, 1):+0.768 (1, 1, 1):-0.005 (0, 0, 2):+0.373
[B_r9] 9 classes: lam 0.01262 +- 0.0018 (bias-corr 0.01343); J: (0, 0, 1):+1.000 (0, 1, 1):+0.616 (1, 1, 1):+0.407 (0, 0, 2):+0.330 (0, 1, 2):+0.220 (1, 1, 2):+0.149 (0, 2, 2):+0.068 (0, 0, 3):+0.050 ...
[B4_r9] 9 classes: lam 0.002795 +- 0.0003 (bias-corr 0.002923); J: (0, 0, 1):+1.000 (0, 1, 1):+0.766 (1, 1, 1):+0.060 (0, 0, 2):+0.390 (0, 1, 2):+0.032 (1, 1, 2):+0.026 (0, 2, 2):+0.009 (0, 0, 3):+0.028 ...
[B_inner] 9 classes: lam 0.01305 +- 0.002 (bias-corr 0.01396); J: (0, 0, 1):+1.000 (0, 1, 1):+0.631 (1, 1, 1):+0.425 (0, 0, 2):+0.297 (0, 1, 2):+0.223 (1, 1, 2):+0.160 (0, 2, 2):+0.070 (1, 2, 2):+0.043 ...
[B4_inner] 9 classes: lam 0.002922 +- 0.00033 (bias-corr 0.003074); J: (0, 0, 1):+1.000 (0, 1, 1):+0.775 (1, 1, 1):+0.057 (0, 0, 2):+0.370 (0, 1, 2):+0.026 (1, 1, 2):+0.023 (0, 2, 2):+0.005 (1, 2, 2):+0.001 ...
0.43 real         0.40 user         0.02 sys
146161664  maximum resident set size
=== fwd51.py 6 B4_inner lp:0,lp:0.1,neez:0.05,colz:0.1,fs0,vbs (1-min load 3.28, free mem 30%) ===
rule rules51_6.npz[B4_inner]
[LT] lowest q-orbits of J(k) (two-spin part; Q in units of 2pi/L; span max-min = 22.039):
  Q (np.int64(0), np.int64(2), np.int64(3)): J(Q) = -2.7847  (J - Jmin)/span = 0.0000  orbit size 12
  Q (np.int64(0), np.int64(3), np.int64(3)): J(Q) = -2.7640  (J - Jmin)/span = 0.0009  orbit size 3
  Q (np.int64(1), np.int64(2), np.int64(2)): J(Q) = -2.7384  (J - Jmin)/span = 0.0021  orbit size 24
  Q (np.int64(1), np.int64(2), np.int64(3)): J(Q) = -2.6177  (J - Jmin)/span = 0.0076  orbit size 24
  Q (np.int64(0), np.int64(2), np.int64(2)): J(Q) = -2.2365  (J - Jmin)/span = 0.0249  orbit size 12
  Q (np.int64(1), np.int64(1), np.int64(3)): J(Q) = -2.1670  (J - Jmin)/span = 0.0280  orbit size 12
  k-points within 2% of span above the minimum: 63 of 216
[LT fine grid 40^3, infinite lattice] J_min -2.8564 at q/pi = [0.8  0.   1.15]; BZ fraction within 1%: 0.1885, within 5%: 0.4501
[LSWT] collinear candidates, four-spin terms in Hartree form (E per site, sigma units):
  ferro (0,0,0)   : E_cl +13.66368  E_LSWT +84.46468  UNSTABLE (min w^2 0.00e+00)
  layer (pi,0,0)  : E_cl -0.31213  E_LSWT -1.85808  UNSTABLE (min w^2 -5.75e+01)
  col (pi,pi,0)   : E_cl -0.79665  E_LSWT -0.29459  UNSTABLE (min w^2 -2.30e+01)
  Neel (pi,pi,pi) : E_cl +0.29311  E_LSWT -2.83228  UNSTABLE (min w^2 -8.36e+01)
[VMC] <H>/site (binning error), same rule (J_NN = 1; per-site HS norm mod Casimir = 4.611; divide energies by it for unit-norm units):
  lp:0           -1.72680 +- 0.00012 (34138 samples)
  lp:0.1         -1.72666 +- 0.00016 (17014 samples)   ref - parton = +0.00014 +- 0.00020 (+0.7 sigma)
  neez:0.05      -1.72410 +- 0.00034 (17093 samples)   ref - parton = +0.00270 +- 0.00036 (+7.5 sigma)
  colz:0.1       -1.72291 +- 0.00028 (16912 samples)   ref - parton = +0.00389 +- 0.00030 (+13.0 sigma)
  fs0            -1.40832 +- 0.00212 (16962 samples)   ref - parton = +0.31848 +- 0.00212 (+150.2 sigma)
  vbs            -1.50202 +- 0.00117 (3000 samples)   ref - parton = +0.22478 +- 0.00118 (+190.4 sigma)
0.16 real         0.13 user         0.02 sys
107266048  maximum resident set size
=== fwd51.py 6 B4 lp:0,lp:0.1,neez:0.05,colz:0.1,fs0,vbs (1-min load 3.28, free mem 30%) ===
rule rules51_6.npz[B4]
[LT] lowest q-orbits of J(k) (two-spin part; Q in units of 2pi/L; span max-min = 20.702):
  Q (np.int64(1), np.int64(2), np.int64(2)): J(Q) = -2.6624  (J - Jmin)/span = 0.0000  orbit size 24
  Q (np.int64(0), np.int64(2), np.int64(3)): J(Q) = -2.5896  (J - Jmin)/span = 0.0035  orbit size 12
  Q (np.int64(0), np.int64(3), np.int64(3)): J(Q) = -2.5264  (J - Jmin)/span = 0.0066  orbit size 3
  Q (np.int64(1), np.int64(2), np.int64(3)): J(Q) = -2.5150  (J - Jmin)/span = 0.0071  orbit size 24
  Q (np.int64(1), np.int64(1), np.int64(3)): J(Q) = -2.1076  (J - Jmin)/span = 0.0268  orbit size 12
  Q (np.int64(0), np.int64(2), np.int64(2)): J(Q) = -2.0332  (J - Jmin)/span = 0.0304  orbit size 12
  k-points within 2% of span above the minimum: 63 of 216
[LSWT] collinear candidates, four-spin terms in Hartree form (E per site, sigma units):
  ferro (0,0,0)   : E_cl +12.71083  E_LSWT +78.31840  UNSTABLE (min w^2 0.00e+00)
  layer (pi,0,0)  : E_cl -0.02044  E_LSWT -0.90704  UNSTABLE (min w^2 -9.88e+01)
  col (pi,pi,0)   : E_cl -0.73208  E_LSWT -0.24963  UNSTABLE (min w^2 -2.31e+01)
  Neel (pi,pi,pi) : E_cl +0.19964  E_LSWT -2.77499  UNSTABLE (min w^2 -8.34e+01)
[VMC] <H>/site (binning error), same rule (J_NN = 1; per-site HS norm mod Casimir = 4.651; divide energies by it for unit-norm units):
  lp:0           -1.73405 +- 0.00012 (34138 samples)
  lp:0.1         -1.73400 +- 0.00015 (17014 samples)   ref - parton = +0.00005 +- 0.00019 (+0.2 sigma)
  neez:0.05      -1.73147 +- 0.00031 (17093 samples)   ref - parton = +0.00258 +- 0.00033 (+7.9 sigma)
  colz:0.1       -1.73015 +- 0.00027 (16912 samples)   ref - parton = +0.00390 +- 0.00029 (+13.2 sigma)
  fs0            -1.41954 +- 0.00200 (16962 samples)   ref - parton = +0.31451 +- 0.00200 (+157.0 sigma)
  vbs            -1.50245 +- 0.00120 (3000 samples)   ref - parton = +0.23159 +- 0.00121 (+191.4 sigma)
0.10 real         0.08 user         0.01 sys
93110272  maximum resident set size
=== vmc51.py 8 neez:0.05 30000 24 (1-min load 3.28, free mem 29%) ===
L=8 N=512 neez:0.05: 34 classes, 10 four-spin (19456 four-sets); MF gap 2.653; mode singlet; setup 2.2s
measured 3248 in 266s; acc flip 0/0 pair 320799/2430976; drift 3.0e-12
Casimir estimator: mean -764.219721, max |dev from -3N/2| 3.64e+02 (zero iff exact singlet)
<O_c>/site (first 8 classes): (0, 0, 1):-3.1028 (0, 1, 1):+2.6814 (1, 1, 1):-1.1617 (0, 0, 2):+0.9582 (0, 1, 2):-2.8737 (1, 1, 2):+2.4014 (0, 2, 2):+1.0896 (0, 0, 3):-0.6206
NN s.s per bond -1.0343; four-spin: T0:-0.5571 T2:-0.2982 C0:-0.4883 Dm0:+0.0643 Dm1:+0.1429 Y0:+0.1684 Y1:+0.2253 Y2:+0.2270 P0:+1.3613 P1:+0.2172
268.21 real       264.25 user         1.36 sys
188612608  maximum resident set size
=== mk16.py  (1-min load 4.21, free mem 38%) ===
L=6 B4_r4 -> A49 basis: J1:-3.000 K1:+3.464 J2:-3.259 Kn2:+3.764 J3:+1.118 J4:-0.019 T0:+0.899 T2:+0.636 C0:+1.082 Dm0:+0.119 Dm1:+0.190 Y0:+0.235 Y1:+0.235 Y2:+0.207
L=8 B4_r4 -> A49 basis: J1:-3.000 K1:+3.464 J2:-3.330 Kn2:+3.845 J3:+1.091 J4:-0.013 T0:+0.926 T2:+0.623 C0:+1.125 Dm0:+0.095 Dm1:+0.224 Y0:+0.269 Y1:+0.212 Y2:+0.226
map check: 3(-0.3366 + (2/sqrt3)(-0.5831)) = -3.0297 (A51 6^3 <O_001>/site -3.037)
0.16 real         0.05 user         0.02 sys
28852224  maximum resident set size
=== fwd16_51.py rules16.npz (1-min load 4.21, free mem 37%) ===
S^z=0 sector 12870; norms kept in sector: parton 1.000000  [1s]
L6_B4r4_inv sign +1: E0/N -2.33458 (deg 1); next levels/N -2.21807 -2.21807 -2.21807 -2.16497
     parton      : <H>/N -1.77524  var/N 0.0355  overlap(ground space) 0.0002  overlaps(lowest 5) 0.000 0.000 0.000 0.000 0.000
     neel_z_0.05 : <H>/N -1.77191  var/N 0.07323  overlap(ground space) 0.0002  overlaps(lowest 5) 0.000 0.000 0.000 0.000 0.000
     col_z_0.1   : <H>/N -1.76897  var/N 0.1321  overlap(ground space) 0.0002  overlaps(lowest 5) 0.000 0.000 0.000 0.000 0.000   [44s]
L6_B4r4_inv sign -1: E0/N -13.06401 (deg 1); next levels/N -9.88800 -9.07585 -8.14337 -8.00263
     parton      : <H>/N +1.77524  var/N 0.0355  overlap(ground space) 0.0000  overlaps(lowest 5) 0.000 0.000 0.000 0.000 0.000
     neel_z_0.05 : <H>/N +1.77191  var/N 0.07323  overlap(ground space) 0.0000  overlaps(lowest 5) 0.000 0.000 0.000 0.000 0.000
     col_z_0.1   : <H>/N +1.76897  var/N 0.1321  overlap(ground space) 0.0000  overlaps(lowest 5) 0.000 0.000 0.000 0.000 0.000   [48s]
L8_B4r4_inv sign +1: E0/N -2.30279 (deg 1); next levels/N -2.18471 -2.18471 -2.17241 -2.17241
     parton      : <H>/N -1.76626  var/N 0.04171  overlap(ground space) 0.0002  overlaps(lowest 5) 0.000 0.000 0.000 0.000 0.000
     neel_z_0.05 : <H>/N -1.76290  var/N 0.08014  overlap(ground space) 0.0002  overlaps(lowest 5) 0.000 0.000 0.000 0.000 0.000
     col_z_0.1   : <H>/N -1.75996  var/N 0.1402  overlap(ground space) 0.0002  overlaps(lowest 5) 0.000 0.000 0.000 0.000 0.000   [80s]
L8_B4r4_inv sign -1: E0/N -13.26677 (deg 1); next levels/N -10.04882 -9.17232 -8.27203 -8.08932
     parton      : <H>/N +1.76626  var/N 0.04171  overlap(ground space) 0.0000  overlaps(lowest 5) 0.000 0.000 0.000 0.000 0.000
     neel_z_0.05 : <H>/N +1.76290  var/N 0.08014  overlap(ground space) 0.0000  overlaps(lowest 5) 0.000 0.000 0.000 0.000 0.000
     col_z_0.1   : <H>/N +1.75996  var/N 0.1402  overlap(ground space) 0.0000  overlaps(lowest 5) 0.000 0.000 0.000 0.000 0.000   [84s]
84.72 real        83.71 user         0.53 sys
345112576  maximum resident set size
=== vbs_check.py 6 (1-min load 3.34, free mem 35%) ===
L=6 vbs: closed-form VBS rule: lam(VMC, mod metric) = 1.595e-16; <H>/site -1.50000; per-sample spread 0.00e+00
L=6 lp:0: closed-form VBS rule: lam(VMC, mod metric) = 2.718e-02; <H>/site -1.50075; per-sample spread 6.65e-02
bilinear |d|^2<=12 VBS minimizer (J_NN=1): (0, 0, 1):+1.000 (0, 1, 1):+1.000 (1, 1, 1):+1.000 (0, 0, 2):+0.500 (0, 1, 2):+0.500 (1, 1, 2):+0.500 (0, 2, 2):+0.250 (0, 0, 3):+0.000 (1, 2, 2):+0.250 (0, 1, 3):+0.000 (1, 1, 3):+0.000 (2, 2, 2):+0.125
0.12 real         0.07 user         0.01 sys
83181568  maximum resident set size
=== vmc51.py 8 colz:0.1 30000 26 (1-min load 3.34, free mem 35%) ===
L=8 N=512 colz:0.1: 34 classes, 10 four-spin (19456 four-sets); MF gap 2.541; mode singlet; setup 2.1s
measured 3165 in 266s; acc flip 0/0 pair 344215/2388480; drift 2.8e-12
Casimir estimator: mean -766.401272, max |dev from -3N/2| 1.39e+01 (zero iff exact singlet)
<O_c>/site (first 8 classes): (0, 0, 1):-3.0069 (0, 1, 1):+2.3644 (1, 1, 1):-0.9014 (0, 0, 2):+0.7865 (0, 1, 2):-2.0825 (1, 1, 2):+1.5257 (0, 2, 2):+0.6656 (0, 0, 3):-0.3895
NN s.s per bond -1.0023; four-spin: T0:-0.4438 T2:-0.2068 C0:-0.3909 Dm0:+0.0406 Dm1:+0.1074 Y0:+0.1136 Y1:+0.1671 Y2:+0.1676 P0:+1.3468 P1:+0.2025
268.13 real       265.78 user         1.31 sys
202539008  maximum resident set size
=== vmc51.py 8 fs0 30000 29 (1-min load 2.77, free mem 35%) ===
L=8 N=512 fs0: 34 classes, 10 four-spin (19456 four-sets); MF gap 0.288; mode singlet; setup 1.5s
measured 3261 in 266s; acc flip 0/0 pair 333399/2437632; drift 6.1e-13
Casimir estimator: mean -768.000000, max |dev from -3N/2| 3.26e-10 (zero iff exact singlet)
<O_c>/site (first 8 classes): (0, 0, 1):-2.6273 (0, 1, 1):+2.6487 (1, 1, 1):-1.6142 (0, 0, 2):+1.0638 (0, 1, 2):-3.8200 (1, 1, 2):+3.7409 (0, 2, 2):+1.7418 (0, 0, 3):-0.8377
NN s.s per bond -0.8758; four-spin: T0:-0.6099 T2:-0.4281 C0:-0.5846 Dm0:+0.1079 Dm1:+0.1734 Y0:+0.2568 Y1:+0.2912 Y2:+0.2917 P0:+0.4668 P1:+0.2825
268.19 real       265.86 user         1.36 sys
97828864  maximum resident set size
=== vmc51.py 8 vbs 1500 30 (1-min load 3.38, free mem 35%) ===
L=8 N=512 vbs: 34 classes, 10 four-spin (19456 four-sets); MF gap nan; mode singlet; setup 1.4s
measured 1500 in 115s; acc flip 0/0 pair 134885/806400; drift 0.0e+00
Casimir estimator: mean -768.000000, max |dev from -3N/2| 0.00e+00 (zero iff exact singlet)
<O_c>/site (first 8 classes): (0, 0, 1):-1.4975 (0, 1, 1):+0.0003 (1, 1, 1):-0.0014 (0, 0, 2):-0.0022 (0, 1, 2):-0.0067 (1, 1, 2):+0.0083 (0, 2, 2):+0.0048 (0, 0, 3):+0.0032
NN s.s per bond -0.4992; four-spin: T0:-0.0011 T2:-0.0011 C0:+0.0002 Dm0:-0.0002 Dm1:-0.0003 Y0:-0.0001 Y1:-0.0001 Y2:-0.0001 P0:+1.4149 P1:+0.5780
174.78 real       173.07 user         0.85 sys
97501184  maximum resident set size
=== anal51b.py 6 lp:0 lp:0.1,neez:0.05,colz:0.1,fs0,vbs (1-min load 3.74, free mem 35%) ===
L=6 lp:0: 34138 samples

[B] full reach, Casimir-removed metric: lam = 0.00613 +- 0.0011 (bias-corr 0.006814); lam2 = 0.02032
  class      |d|   m  par   J(d)/J_NN  +- err
  (0, 0, 1)   1.00   6  1  +1.0000  0.0000
  (0, 1, 1)   1.41  12  0  +0.7221  0.0145
  (1, 1, 1)   1.73   8  1  +0.5457  0.0233
  (0, 0, 2)   2.00   6  0  +0.5737  0.0485
  (0, 1, 2)   2.24  24  1  +0.4350  0.0303
  (1, 1, 2)   2.45  24  0  +0.3055  0.0201
  (0, 2, 2)   2.83  12  0  +0.1780  0.0259
  (0, 0, 3)   3.00   3  1  +0.3978  0.0415
  (1, 2, 2)   3.00  24  1  +0.0330  0.0133
  (0, 1, 3)   3.16  12  0  +0.2878  0.0344
  (1, 1, 3)   3.32  12  1  +0.1793  0.0289
  (2, 2, 2)   3.46   8  0  -0.2317  0.0192
  (0, 2, 3)   3.61  12  1  +0.0622  0.0299
  (1, 2, 3)   3.74  24  0  -0.0864  0.0054
  (2, 2, 3)   4.12  12  1  -0.3858  0.0427
  (0, 3, 3)   4.24   3  0  -0.0597  0.0290
  (1, 3, 3)   4.36   6  1  -0.2142  0.0146
  (2, 3, 3)   4.69   6  0  -0.5526  0.0866
  (3, 3, 3)   5.20   1  1  -0.6924  0.1156
  power-law fit |J| = A/|d|^alpha over 18 significant classes beyond NN: alpha = 1.24, A = 1.093
  parity |d|_1 even: 9 significant, signs + 5 / - 4
  parity |d|_1 odd : 9 significant, signs + 6 / - 3
  insignificant classes (|J| < 2 err): 0 of 19

[B4] full reach, Casimir-removed metric: lam = 0.002627 +- 0.0004 (bias-corr 0.002871); lam2 = 0.008898
  class      |d|   m  par   J(d)/J_NN  +- err
  (0, 0, 1)   1.00   6  1  +1.0000  0.0000
  (0, 1, 1)   1.41  12  0  +0.7614  0.0077
  (1, 1, 1)   1.73   8  1  +0.0861  0.0424
  (0, 0, 2)   2.00   6  0  +0.4168  0.0108
  (0, 1, 2)   2.24  24  1  +0.0630  0.0214
  (1, 1, 2)   2.45  24  0  +0.0367  0.0194
  (0, 2, 2)   2.83  12  0  +0.0163  0.0104
  (0, 0, 3)   3.00   3  1  +0.0767  0.0178
  (1, 2, 2)   3.00  24  1  -0.0151  0.0106
  (0, 1, 3)   3.16  12  0  +0.0310  0.0144
  (1, 1, 3)   3.32  12  1  +0.0044  0.0090
  (2, 2, 2)   3.46   8  0  -0.0489  0.0183
  (0, 2, 3)   3.61  12  1  -0.0028  0.0053
  (1, 2, 3)   3.74  24  0  -0.0341  0.0050
  (2, 2, 3)   4.12  12  1  -0.0721  0.0164
  (0, 3, 3)   4.24   3  0  -0.0215  0.0144
  (1, 3, 3)   4.36   6  1  -0.0554  0.0150
  (2, 3, 3)   4.69   6  0  -0.0940  0.0192
  (3, 3, 3)   5.20   1  1  -0.0998  0.0323
  four-spin (A49 normalized units, same scale): T0:+0.765(0.046) T2:+0.551(0.071) C0:+0.903(0.075) Dm0:+0.114(0.037) Dm1:+0.160(0.023) Y0:+0.194(0.047) Y1:+0.198(0.019) Y2:+0.172(0.025)
  power-law fit |J| = A/|d|^alpha over 12 significant classes beyond NN: alpha = 2.16, A = 1.666
  parity |d|_1 even: 6 significant, signs + 3 / - 3
  parity |d|_1 odd : 6 significant, signs + 3 / - 3
  insignificant classes (|J| < 2 err): 6 of 19

[q-orbits] relative variance of P_Q (Casimir-removed metric) vs Gaussian estimate Sbar(Q)^2; lowest 6:
  Q = 2pi/L (0, 0, 1): lam 0.007735, Sbar 0.0854, Sbar^2 0.007297
  Q = 2pi/L (0, 1, 1): lam 0.02633, Sbar 0.1828, Sbar^2 0.0334
  Q = 2pi/L (0, 0, 2): lam 0.05241, Sbar 0.2566, Sbar^2 0.06586
  Q = 2pi/L (1, 1, 1): lam 0.06911, Sbar 0.2970, Sbar^2 0.08819
  Q = 2pi/L (0, 0, 3): lam 0.1079, Sbar 0.3713, Sbar^2 0.1379
  Q = 2pi/L (0, 1, 2): lam 0.1106, Sbar 0.3923, Sbar^2 0.1539
  Sbar(Q) at the smallest Q (0, 0, 1): 0.0854; maximum Sbar 12.833 at (3, 3, 3)

[HS ansatz] J(d) = s(d)/D^alpha: lam (Casimir-removed) bilinear-only | + 8 star four-spin optimized
  s=af    a=1: 0.0175 | 0.0119;  a=2: 0.046 | 0.0181;  a=3: 0.108 | 0.0275;  a=4: 0.202 | 0.0375;  a=6: 0.423 | 0.0525
  s=stag  a=1: 87.5 | 0.194;  a=2: 54.4 | 0.194;  a=3: 24.6 | 0.192;  a=4: 10.3 | 0.153;  a=6: 2.78 | 0.0696
  s=fit   a=1: 1.72 | 0.194;  a=2: 0.755 | 0.194;  a=3: 0.133 | 0.0909;  a=4: 0.0993 | 0.0478;  a=6: 0.388 | 0.053

[cluster Casimirs] lam (Casimir-removed) bilinear-only | + 8 star four-spin optimized
  star: 2.764 | 0.005209
  cube: 0.03482 | 0.03187

[ref lp:0.1] 17014 samples: parton-best-rule lam  B 0.005338, B4 0.003129

[ref neez:0.05] 17093 samples: parton-best-rule lam  B 0.006295, B4 0.004092

[ref colz:0.1] 16912 samples: parton-best-rule lam  B 0.006952, B4 0.004935

[ref fs0] 16962 samples: parton-best-rule lam  B 0.05851, B4 0.1997

[ref vbs] 3000 samples: parton-best-rule lam  B 0.03241, B4 0.03086
[B_r4] 4 classes: lam 0.03031 +- 0.0042 (bias-corr 0.03142); J: (0, 0, 1):+1.000 (0, 1, 1):+0.408 (1, 1, 1):+0.167 (0, 0, 2):+0.061
[B4_r4] 4 classes: lam 0.003188 +- 0.00037 (bias-corr 0.00329); J: (0, 0, 1):+1.000 (0, 1, 1):+0.768 (1, 1, 1):-0.005 (0, 0, 2):+0.373
[B_r9] 9 classes: lam 0.01262 +- 0.0018 (bias-corr 0.01343); J: (0, 0, 1):+1.000 (0, 1, 1):+0.616 (1, 1, 1):+0.407 (0, 0, 2):+0.330 (0, 1, 2):+0.220 (1, 1, 2):+0.149 (0, 2, 2):+0.068 (0, 0, 3):+0.050 ...
[B4_r9] 9 classes: lam 0.002795 +- 0.0003 (bias-corr 0.002923); J: (0, 0, 1):+1.000 (0, 1, 1):+0.766 (1, 1, 1):+0.060 (0, 0, 2):+0.390 (0, 1, 2):+0.032 (1, 1, 2):+0.026 (0, 2, 2):+0.009 (0, 0, 3):+0.028 ...
[B_inner] 9 classes: lam 0.01305 +- 0.002 (bias-corr 0.01396); J: (0, 0, 1):+1.000 (0, 1, 1):+0.631 (1, 1, 1):+0.425 (0, 0, 2):+0.297 (0, 1, 2):+0.223 (1, 1, 2):+0.160 (0, 2, 2):+0.070 (1, 2, 2):+0.043 ...
[B4_inner] 9 classes: lam 0.002922 +- 0.00033 (bias-corr 0.003074); J: (0, 0, 1):+1.000 (0, 1, 1):+0.775 (1, 1, 1):+0.057 (0, 0, 2):+0.370 (0, 1, 2):+0.026 (1, 1, 2):+0.023 (0, 2, 2):+0.005 (1, 2, 2):+0.001 ...

[B4_inner profile] lam 0.002922; class |d| J/J_NN +- err:
  (0, 0, 1) 1.00 +1.000(0.000); (0, 1, 1) 1.41 +0.775(0.009); (1, 1, 1) 1.73 +0.057(0.025); (0, 0, 2) 2.00 +0.370(0.014); (0, 1, 2) 2.24 +0.026(0.009); (1, 1, 2) 2.45 +0.023(0.011); (0, 2, 2) 2.83 +0.005(0.010); (1, 2, 2) 3.00 +0.001(0.010); (2, 2, 2) 3.46 +0.001(0.006)
  four-spin: T0:+0.838(0.023) T2:+0.589(0.058) C0:+0.996(0.047) Dm0:+0.105(0.036) Dm1:+0.179(0.025) Y0:+0.207(0.039) Y1:+0.225(0.015) Y2:+0.194(0.024)
  power law |J| = A/|d|^alpha over 5 significant classes beyond NN: alpha = 2.36; signs of significant: +5 / -0
  exponential |J| = B exp(-|d|/xi): xi = 0.72; weighted chi2 power 97.5 vs exponential 92.7
0.55 real         0.46 user         0.04 sys
144867328  maximum resident set size
=== anal51.py 8 lp:0,lp:0.1,neez:0.05,colz:0.1,fs0,vbs quick (1-min load 3.74, free mem 32%) ===
L=8: long-wavelength metric removes q-orbits [(0, 0, 0), (0, 0, 1), (0, 1, 1), (1, 1, 1), (0, 0, 2)] (|q| <= pi/2) and the Casimir

== L=8 lp:0: 9448 samples (3 files); <s.s>_NN/bond -1.0042 ==
  A49 sets, plain metric: S1b-inv(3) 0.04104(0.005); S1inv(11) 0.002812(0.0002); S1uS2inv(14) 0.002691(0.0002)
 R^2 ncls |  B mod           B4 mod          |  B LW            B4 LW           | B4 mod bias-corr
   1   1 | 0.8061(0.07)    0.07137(0.007)  | 1.068(0.09)     0.08959(0.01)   | 0.07593
   2   2 | 0.05119(0.005)  0.008333(0.0009) | 0.09227(0.008)  0.01433(0.001)  | 0.00885
   3   3 | 0.03331(0.006)  0.008143(0.0008) | 0.07743(0.009)  0.01432(0.001)  | 0.008734
   4   4 | 0.03013(0.005)  0.002918(0.0002) | 0.06802(0.008)  0.005909(0.0004) | 0.002998
   6   6 | 0.01026(0.0004) 0.002506(0.0001) | 0.06(0.005)     0.005625(0.0003) | 0.002555
   9   9 | 0.007271(0.0003) 0.002358(0.0001) | 0.05849(0.007)  0.005615(0.0003) | 0.002407
  12  12 | 0.005514(0.0002) 0.002191(0.0001) | 0.05518(0.006)  0.005575(0.0003) | 0.00224
  16  15 | 0.004663(0.0003) 0.002104(0.0002) | 0.0521(0.006)   0.005523(0.0003) | 0.002171
  27  27 | 0.00239(0.0002) 0.001701(0.0001) | 0.0434(0.003)   0.005454(0.0003) | 0.001797
  48  34 | 0.00189(0.0002) 0.001543(0.0001) | 0.03151(0.001)  0.005394(0.0003) | 0.001651
L=8 lp:0.1: no samples

== L=8 neez:0.05: 3248 samples (1 files); <s.s>_NN/bond -1.0343 ==
  A49 sets, plain metric: S1b-inv(3) 0.05263(0.02); S1inv(11) 0.005099(0.0008); S1uS2inv(14) 0.004595(0.0007)
 R^2 ncls |  B mod           B4 mod          |  B LW            B4 LW           | B4 mod bias-corr
   1   1 | 0.8498(0.07)    0.06172(0.004)  | 1.126(0.09)     0.07659(0.005)  | 0.06494
   2   2 | 0.06177(0.02)   0.01136(0.002)  | 0.1094(0.03)    0.02005(0.004)  | 0.01319
   3   3 | 0.0373(0.009)   0.01089(0.003)  | 0.08769(0.02)   0.02004(0.005)  | 0.01295
   4   4 | 0.03727(0.01)   0.005203(0.0009) | 0.08599(0.02)   0.01096(0.002)  | 0.005896
   6   6 | 0.01285(0.002)  0.004366(0.0004) | 0.07063(0.02)   0.01046(0.001)  | 0.004717
   9   9 | 0.01015(0.002)  0.003907(0.0003) | 0.06244(0.01)   0.009955(0.001) | 0.00415
  12  12 | 0.007939(0.001) 0.003514(0.0003) | 0.05316(0.01)   0.009342(0.0009) | 0.003774
  16  15 | 0.005514(0.001) 0.003279(0.0004) | 0.0475(0.007)   0.008935(0.0007) | 0.00364
  27  27 | 0.003178(0.0006) 0.002588(0.0003) | 0.04499(0.008)  0.008811(0.0007) | 0.003066
  48  34 | 0.002299(0.0004) 0.002077(0.0003) | 0.03184(0.003)  0.00842(0.0006) | 0.002646

== L=8 colz:0.1: 3165 samples (1 files); <s.s>_NN/bond -1.0023 ==
  A49 sets, plain metric: S1b-inv(3) 0.03991(0.002); S1inv(11) 0.00471(0.0003); S1uS2inv(14) 0.004522(0.0002)
 R^2 ncls |  B mod           B4 mod          |  B LW            B4 LW           | B4 mod bias-corr
   1   1 | 0.6823(0.06)    0.06317(0.005)  | 0.9043(0.08)    0.07846(0.007)  | 0.06534
   2   2 | 0.04749(0.002)  0.009129(0.0006) | 0.08598(0.003)  0.01635(0.001)  | 0.009423
   3   3 | 0.02706(0.001)  0.00873(0.0005) | 0.06415(0.002)  0.01628(0.001)  | 0.008981
   4   4 | 0.02563(0.001)  0.004884(0.0003) | 0.05995(0.002)  0.01006(0.0007) | 0.005033
   6   6 | 0.01119(0.0006) 0.004298(0.0002) | 0.05546(0.002)  0.01003(0.0007) | 0.004421
   9   9 | 0.008057(0.0004) 0.004126(0.0002) | 0.05381(0.003)  0.009567(0.0006) | 0.004316
  12  12 | 0.006712(0.0007) 0.003857(0.0003) | 0.04648(0.002)  0.009164(0.0006) | 0.004103
  16  15 | 0.005021(0.0003) 0.003504(0.0002) | 0.04217(0.002)  0.008938(0.0006) | 0.003694
  27  27 | 0.002708(0.0002) 0.002504(0.0002) | 0.03695(0.001)  0.00844(0.0006) | 0.002631
  48  34 | 0.001929(0.0001) 0.001815(0.0001) | 0.02999(0.001)  0.007197(0.0005) | 0.001944

== L=8 fs0: 3261 samples (1 files); <s.s>_NN/bond -0.8758 ==
  A49 sets, plain metric: S1b-inv(3) 0.2203(0.02); S1inv(11) 0.165(0.01); S1uS2inv(14) 0.06235(0.005)
 R^2 ncls |  B mod           B4 mod          |  B LW            B4 LW           | B4 mod bias-corr
   1   1 | 7.082(1)        0.1869(0.01)    | 9.386(1)        0.187(0.01)     | 0.2029
   2   2 | 0.2391(0.03)    0.1705(0.01)    | 0.4678(0.05)    0.1869(0.01)    | 0.1842
   3   3 | 0.1125(0.01)    0.08739(0.006)  | 0.3352(0.04)    0.1794(0.009)   | 0.09224
   4   4 | 0.1121(0.01)    0.08627(0.006)  | 0.3062(0.03)    0.1709(0.006)   | 0.09086
   6   6 | 0.05193(0.004)  0.04648(0.003)  | 0.2949(0.03)    0.1697(0.007)   | 0.0479
   9   9 | 0.03855(0.003)  0.03636(0.003)  | 0.2357(0.02)    0.1631(0.009)   | 0.03774
  12  12 | 0.03172(0.002)  0.0304(0.002)   | 0.2012(0.01)    0.1545(0.006)   | 0.03138
  16  15 | 0.02886(0.002)  0.02805(0.002)  | 0.196(0.02)     0.1494(0.007)   | 0.02901
  27  27 | 0.02289(0.002)  0.02232(0.002)  | 0.1443(0.005)   0.1314(0.004)   | 0.02425
  48  34 | 0.01995(0.001)  0.01969(0.001)  | 0.1268(0.007)   0.1138(0.005)   | 0.02134

== L=8 vbs: 1500 samples (1 files); <s.s>_NN/bond -0.4992 ==
  A49 sets, plain metric: S1b-inv(3) 0.1941(0.007); S1inv(11) -1.321e-16(2e-15); S1uS2inv(14) -1.913e-16(1e-15)
 R^2 ncls |  B mod           B4 mod          |  B LW            B4 LW           | B4 mod bias-corr
   1   1 | 0.5111(0.03)    -6.384e-16(1e-15) | 0.6774(0.03)    -7.217e-16(1e-15) | 2.788e-14
   2   2 | 0.2167(0.01)    -7.772e-16(1e-15) | 0.4684(0.02)    -1.082e-15(1e-15) | 2.774e-14
   3   3 | 0.1133(0.006)   -6.662e-16(1e-15) | 0.3257(0.02)    -5.551e-16(1e-15) | 2.642e-14
   4   4 | 0.1052(0.005)   -3.872e-15(2e-15) | 0.3257(0.02)    -2.79e-15(1e-15) | -2.304e-14
   6   6 | 0.02407(0.001)  -7.764e-17(1e-15) | 0.2417(0.01)    -2.81e-17(9e-16) | 3.672e-14
   9   9 | 0.002206(9e-05) -1.218e-15(2e-15) | 0.04697(0.002)  -5.49e-16(7e-16) | 1.931e-14
  12  12 | 2.334e-15(8e-15) -2.887e-15(2e-15) | 5.61e-14(2e-13) -3.179e-15(1e-13) | -7.181e-15
  16  15 | 2.331e-15(8e-15) -1.222e-15(3e-15) | 5.618e-14(2e-13) -4.38e-16(1e-13) | 2.056e-14
  27  27 | 8.749e-16(4e-15) -6.224e-16(2e-15) | 6.833e-15(1e-13) -1.221e-15(1e-13) | 2.968e-14
  48  34 | -1.151e-17(4e-15) -6.533e-16(9e-16) | 1.655e-16(8e-14) -9.935e-16(8e-14) | 2.816e-14
1.12 real         1.06 user         0.03 sys
127533056  maximum resident set size
=== anal51b.py 8 lp:0 lp:0.1,neez:0.05,colz:0.1,fs0,vbs (1-min load 3.74, free mem 33%) ===
L=8 lp:0: 9448 samples

[B] full reach, Casimir-removed metric: lam = 0.00189 +- 0.00018 (bias-corr 0.00204); lam2 = 0.007408
  class      |d|   m  par   J(d)/J_NN  +- err
  (0, 0, 1)   1.00   6  1  +1.0000  0.0000
  (0, 1, 1)   1.41  12  0  +0.8237  0.0247
  (1, 1, 1)   1.73   8  1  +0.7051  0.0408
  (0, 0, 2)   2.00   6  0  +0.6471  0.0278
  (0, 1, 2)   2.24  24  1  +0.5661  0.0378
  (1, 1, 2)   2.45  24  0  +0.4933  0.0398
  (0, 2, 2)   2.83  12  0  +0.3809  0.0247
  (0, 0, 3)   3.00   6  1  +0.4501  0.0353
  (1, 2, 2)   3.00  24  1  +0.3363  0.0161
  (0, 1, 3)   3.16  24  0  +0.3845  0.0326
  (1, 1, 3)   3.32  24  1  +0.3242  0.0254
  (2, 2, 2)   3.46   8  0  +0.1918  0.0222
  (0, 2, 3)   3.61  24  1  +0.2093  0.0174
  (1, 2, 3)   3.74  48  0  +0.1567  0.0127
  (0, 0, 4)   4.00   3  0  +0.3957  0.0443
  (0, 1, 4)   4.12  12  1  +0.3171  0.0339
  (2, 2, 3)   4.12  24  1  -0.0053  0.0142
  (0, 3, 3)   4.24  12  0  +0.0355  0.0153
  (1, 1, 4)   4.24  12  0  +0.2594  0.0248
  (1, 3, 3)   4.36  24  1  -0.0219  0.0106
  (0, 2, 4)   4.47  12  0  +0.1391  0.0183
  (1, 2, 4)   4.58  24  1  +0.0830  0.0122
  (2, 3, 3)   4.69  24  0  -0.1834  0.0203
  (2, 2, 4)   4.90  12  0  -0.0835  0.0098
  (0, 3, 4)   5.00  12  1  -0.0348  0.0152
  (1, 3, 4)   5.10  24  0  -0.0964  0.0077
  (3, 3, 3)   5.20   8  1  -0.3507  0.0367
  (2, 3, 4)   5.39  24  1  -0.2617  0.0216
  (0, 4, 4)   5.66   3  0  -0.0985  0.0204
  (1, 4, 4)   5.74   6  1  -0.1729  0.0106
  (3, 3, 4)   5.83  12  0  -0.4360  0.0431
  (2, 4, 4)   6.00   6  0  -0.3496  0.0246
  (3, 4, 4)   6.40   6  1  -0.5325  0.0465
  (4, 4, 4)   6.93   1  0  -0.6368  0.0587
  power-law fit |J| = A/|d|^alpha over 32 significant classes beyond NN: alpha = 0.91, A = 1.057
  parity |d|_1 even: 18 significant, signs + 11 / - 7
  parity |d|_1 odd : 14 significant, signs + 8 / - 6
  insignificant classes (|J| < 2 err): 1 of 34

[B4] full reach, Casimir-removed metric: lam = 0.001543 +- 0.00011 (bias-corr 0.001651); lam2 = 0.003406
  class      |d|   m  par   J(d)/J_NN  +- err
  (0, 0, 1)   1.00   6  1  +1.0000  0.0000
  (0, 1, 1)   1.41  12  0  +0.8147  0.0165
  (1, 1, 1)   1.73   8  1  +0.3730  0.0445
  (0, 0, 2)   2.00   6  0  +0.5044  0.0259
  (0, 1, 2)   2.24  24  1  +0.2885  0.0378
  (1, 1, 2)   2.45  24  0  +0.2518  0.0367
  (0, 2, 2)   2.83  12  0  +0.1876  0.0263
  (0, 0, 3)   3.00   6  1  +0.2183  0.0327
  (1, 2, 2)   3.00  24  1  +0.1641  0.0206
  (0, 1, 3)   3.16  24  0  +0.1818  0.0316
  (1, 1, 3)   3.32  24  1  +0.1515  0.0265
  (2, 2, 2)   3.46   8  0  +0.0905  0.0143
  (0, 2, 3)   3.61  24  1  +0.0943  0.0177
  (1, 2, 3)   3.74  48  0  +0.0693  0.0126
  (0, 0, 4)   4.00   3  0  +0.1820  0.0348
  (0, 1, 4)   4.12  12  1  +0.1412  0.0303
  (2, 2, 3)   4.12  24  1  -0.0073  0.0075
  (0, 3, 3)   4.24  12  0  +0.0104  0.0097
  (1, 1, 4)   4.24  12  0  +0.1171  0.0242
  (1, 3, 3)   4.36  24  1  -0.0166  0.0058
  (0, 2, 4)   4.47  12  0  +0.0560  0.0153
  (1, 2, 4)   4.58  24  1  +0.0323  0.0103
  (2, 3, 3)   4.69  24  0  -0.0909  0.0175
  (2, 2, 4)   4.90  12  0  -0.0426  0.0080
  (0, 3, 4)   5.00  12  1  -0.0252  0.0083
  (1, 3, 4)   5.10  24  0  -0.0531  0.0058
  (3, 3, 3)   5.20   8  1  -0.1639  0.0317
  (2, 3, 4)   5.39  24  1  -0.1251  0.0228
  (0, 4, 4)   5.66   3  0  -0.0563  0.0114
  (1, 4, 4)   5.74   6  1  -0.0919  0.0125
  (3, 3, 4)   5.83  12  0  -0.1992  0.0383
  (2, 4, 4)   6.00   6  0  -0.1627  0.0282
  (3, 4, 4)   6.40   6  1  -0.2378  0.0436
  (4, 4, 4)   6.93   1  0  -0.2777  0.0516
  four-spin (A49 normalized units, same scale): T0:+0.453(0.034) T2:+0.303(0.021) C0:+0.555(0.044) Dm0:+0.026(0.012) Dm1:+0.132(0.016) Y0:+0.125(0.011) Y1:+0.099(0.023) Y2:+0.115(0.021)
  power-law fit |J| = A/|d|^alpha over 31 significant classes beyond NN: alpha = 1.67, A = 1.410
  parity |d|_1 even: 17 significant, signs + 10 / - 7
  parity |d|_1 odd : 14 significant, signs + 8 / - 6
  insignificant classes (|J| < 2 err): 2 of 34

[q-orbits] relative variance of P_Q (Casimir-removed metric) vs Gaussian estimate Sbar(Q)^2; lowest 6:
  Q = 2pi/L (0, 0, 1): lam 0.002515, Sbar 0.0518, Sbar^2 0.002686
  Q = 2pi/L (0, 1, 1): lam 0.008501, Sbar 0.1064, Sbar^2 0.01132
  Q = 2pi/L (1, 1, 1): lam 0.02092, Sbar 0.1648, Sbar^2 0.02718
  Q = 2pi/L (0, 0, 2): lam 0.02252, Sbar 0.1717, Sbar^2 0.0295
  Q = 2pi/L (0, 1, 2): lam 0.04477, Sbar 0.2379, Sbar^2 0.05659
  Q = 2pi/L (0, 0, 3): lam 0.06383, Sbar 0.2988, Sbar^2 0.08927
  Sbar(Q) at the smallest Q (0, 0, 1): 0.0518; maximum Sbar 17.284 at (4, 4, 4)

[HS ansatz] J(d) = s(d)/D^alpha: lam (Casimir-removed) bilinear-only | + 8 star four-spin optimized
  s=af    a=1: 0.00718 | 0.00565;  a=2: 0.0277 | 0.0137;  a=3: 0.0803 | 0.026;  a=4: 0.166 | 0.0387;  a=6: 0.377 | 0.0567
  s=stag  a=1: 145 | 0.183;  a=2: 79.5 | 0.183;  a=3: 27.4 | 0.182;  a=4: 9.24 | 0.179;  a=6: 2.33 | 0.0831
  s=fit   a=1: 1.24 | 0.183;  a=2: 0.386 | 0.182;  a=3: 0.0668 | 0.0568;  a=4: 0.135 | 0.0397;  a=6: 0.372 | 0.0565

[cluster Casimirs] lam (Casimir-removed) bilinear-only | + 8 star four-spin optimized
  star: 2.459 | 0.004888
  cube: 0.03482 | 0.03036

[ref neez:0.05] 3248 samples: parton-best-rule lam  B 0.03065, B4 0.0161

[ref colz:0.1] 3165 samples: parton-best-rule lam  B 0.002649, B4 0.002785

[ref fs0] 3261 samples: parton-best-rule lam  B 0.03145, B4 0.06592

[ref vbs] 1500 samples: parton-best-rule lam  B 0.009608, B4 0.01354
[B_r4] 4 classes: lam 0.03013 +- 0.0047 (bias-corr 0.03146); J: (0, 0, 1):+1.000 (0, 1, 1):+0.394 (1, 1, 1):+0.169 (0, 0, 2):+0.070
[B4_r4] 4 classes: lam 0.002918 +- 0.00022 (bias-corr 0.002998); J: (0, 0, 1):+1.000 (0, 1, 1):+0.785 (1, 1, 1):-0.004 (0, 0, 2):+0.364
[B_r9] 9 classes: lam 0.007271 +- 0.0003 (bias-corr 0.007397); J: (0, 0, 1):+1.000 (0, 1, 1):+0.699 (1, 1, 1):+0.519 (0, 0, 2):+0.343 (0, 1, 2):+0.272 (1, 1, 2):+0.200 (0, 2, 2):+0.104 (0, 0, 3):+0.002 ...
[B4_r9] 9 classes: lam 0.002358 +- 0.00012 (bias-corr 0.002407); J: (0, 0, 1):+1.000 (0, 1, 1):+0.795 (1, 1, 1):+0.131 (0, 0, 2):+0.363 (0, 1, 2):+0.066 (1, 1, 2):+0.053 (0, 2, 2):+0.027 (0, 0, 3):+0.000 ...
[B_inner] 19 classes: lam 0.004172 +- 0.00023 (bias-corr 0.004308); J: (0, 0, 1):+1.000 (0, 1, 1):+0.785 (1, 1, 1):+0.646 (0, 0, 2):+0.505 (0, 1, 2):+0.439 (1, 1, 2):+0.375 (0, 2, 2):+0.252 (0, 0, 3):+0.178 ...
[B4_inner] 19 classes: lam 0.002056 +- 0.00014 (bias-corr 0.002117); J: (0, 0, 1):+1.000 (0, 1, 1):+0.807 (1, 1, 1):+0.225 (0, 0, 2):+0.412 (0, 1, 2):+0.149 (1, 1, 2):+0.128 (0, 2, 2):+0.084 (0, 0, 3):+0.062 ...

[B4_inner profile] lam 0.002056; class |d| J/J_NN +- err:
  (0, 0, 1) 1.00 +1.000(0.000); (0, 1, 1) 1.41 +0.807(0.014); (1, 1, 1) 1.73 +0.225(0.012); (0, 0, 2) 2.00 +0.412(0.008); (0, 1, 2) 2.24 +0.149(0.005); (1, 1, 2) 2.45 +0.128(0.005); (0, 2, 2) 2.83 +0.084(0.005); (0, 0, 3) 3.00 +0.062(0.005); (1, 2, 2) 3.00 +0.073(0.004); (0, 1, 3) 3.16 +0.050(0.003); (1, 1, 3) 3.32 +0.040(0.002); (2, 2, 2) 3.46 +0.043(0.006); (0, 2, 3) 3.61 +0.026(0.003); (1, 2, 3) 3.74 +0.022(0.002); (2, 2, 3) 4.12 +0.009(0.004); (0, 3, 3) 4.24 +0.008(0.001); (1, 3, 3) 4.36 +0.006(0.002); (2, 3, 3) 4.69 +0.000(0.003); (3, 3, 3) 5.20 -0.001(0.003)
  four-spin: T0:+0.643(0.020) T2:+0.423(0.024) C0:+0.790(0.030) Dm0:+0.046(0.011) Dm1:+0.178(0.025) Y0:+0.182(0.016) Y1:+0.144(0.022) Y2:+0.162(0.015)
  power law |J| = A/|d|^alpha over 16 significant classes beyond NN: alpha = 3.41; signs of significant: +16 / -0
  exponential |J| = B exp(-|d|/xi): xi = 0.63; weighted chi2 power 837.4 vs exponential 564.8
0.22 real         0.20 user         0.01 sys
105971712  maximum resident set size
=== fwd51.py 8 B4_inner lp:0,lp:0.1,neez:0.05,colz:0.1,fs0,vbs (1-min load 3.74, free mem 34%) ===
rule rules51_8.npz[B4_inner]
[LT] lowest q-orbits of J(k) (two-spin part; Q in units of 2pi/L; span max-min = 36.951):
  Q (np.int64(0), np.int64(3), np.int64(4)): J(Q) = -2.5871  (J - Jmin)/span = 0.0000  orbit size 12
  Q (np.int64(0), np.int64(4), np.int64(4)): J(Q) = -2.5081  (J - Jmin)/span = 0.0021  orbit size 3
  Q (np.int64(0), np.int64(3), np.int64(3)): J(Q) = -2.4393  (J - Jmin)/span = 0.0040  orbit size 12
  Q (np.int64(1), np.int64(3), np.int64(3)): J(Q) = -2.4039  (J - Jmin)/span = 0.0050  orbit size 24
  Q (np.int64(1), np.int64(3), np.int64(4)): J(Q) = -2.3556  (J - Jmin)/span = 0.0063  orbit size 24
  Q (np.int64(1), np.int64(2), np.int64(4)): J(Q) = -2.3268  (J - Jmin)/span = 0.0070  orbit size 24
  k-points within 2% of span above the minimum: 201 of 512
[LT fine grid 40^3, infinite lattice] J_min -2.5871 at q/pi = [1.   0.   1.25]; BZ fraction within 1%: 0.2342, within 5%: 0.6076
[LSWT] collinear candidates, four-spin terms in Hartree form (E per site, sigma units):
  ferro (0,0,0)   : E_cl +20.29364  E_LSWT +113.91487  UNSTABLE (min w^2 0.00e+00)
  layer (pi,0,0)  : E_cl -0.53286  E_LSWT -2.07051  UNSTABLE (min w^2 -3.93e+01)
  col (pi,pi,0)   : E_cl -0.75626  E_LSWT -0.53884  UNSTABLE (min w^2 -1.97e+01)
  Neel (pi,pi,pi) : E_cl +0.08563  E_LSWT -2.66132  UNSTABLE (min w^2 -6.44e+01)
[VMC] <H>/site (binning error), same rule (J_NN = 1; per-site HS norm mod Casimir = 4.794; divide energies by it for unit-norm units):
  lp:0           -1.69469 +- 0.00011 (9448 samples)
  neez:0.05      -1.69109 +- 0.00046 (3248 samples)   ref - parton = +0.00360 +- 0.00047 (+7.6 sigma)
  colz:0.1       -1.68998 +- 0.00037 (3165 samples)   ref - parton = +0.00471 +- 0.00039 (+12.2 sigma)
  fs0            -1.42343 +- 0.00184 (3261 samples)   ref - parton = +0.27126 +- 0.00184 (+147.4 sigma)
  vbs            -1.50000 +- 0.00118 (1500 samples)   ref - parton = +0.19469 +- 0.00118 (+164.6 sigma)
0.24 real         0.21 user         0.02 sys
139771904  maximum resident set size
=== fwd51.py 8 B4 lp:0,lp:0.1,neez:0.05,colz:0.1,fs0,vbs (1-min load 3.68, free mem 33%) ===
rule rules51_8.npz[B4]
[LT] lowest q-orbits of J(k) (two-spin part; Q in units of 2pi/L; span max-min = 48.992):
  Q (np.int64(0), np.int64(3), np.int64(4)): J(Q) = -2.1559  (J - Jmin)/span = 0.0000  orbit size 12
  Q (np.int64(1), np.int64(3), np.int64(3)): J(Q) = -2.0608  (J - Jmin)/span = 0.0019  orbit size 24
  Q (np.int64(0), np.int64(3), np.int64(3)): J(Q) = -2.0413  (J - Jmin)/span = 0.0023  orbit size 12
  Q (np.int64(1), np.int64(3), np.int64(4)): J(Q) = -2.0198  (J - Jmin)/span = 0.0028  orbit size 24
  Q (np.int64(0), np.int64(4), np.int64(4)): J(Q) = -2.0189  (J - Jmin)/span = 0.0028  orbit size 3
  Q (np.int64(1), np.int64(2), np.int64(4)): J(Q) = -2.0166  (J - Jmin)/span = 0.0028  orbit size 24
  k-points within 2% of span above the minimum: 293 of 512
[LSWT] collinear candidates, four-spin terms in Hartree form (E per site, sigma units):
  ferro (0,0,0)   : E_cl +25.60973  E_LSWT +136.81444  UNSTABLE (min w^2 0.00e+00)
  layer (pi,0,0)  : E_cl -0.49596  E_LSWT -1.82369  UNSTABLE (min w^2 -2.11e+01)
  col (pi,pi,0)   : E_cl -0.65992  E_LSWT -0.73272  UNSTABLE (min w^2 -3.87e+01)
  Neel (pi,pi,pi) : E_cl -0.13199  E_LSWT -2.43698  UNSTABLE (min w^2 -6.33e+01)
[VMC] <H>/site (binning error), same rule (J_NN = 1; per-site HS norm mod Casimir = 5.764; divide energies by it for unit-norm units):
  lp:0           -1.68276 +- 0.00012 (9448 samples)
  neez:0.05      -1.67820 +- 0.00077 (3248 samples)   ref - parton = +0.00456 +- 0.00078 (+5.9 sigma)
  colz:0.1       -1.67825 +- 0.00034 (3165 samples)   ref - parton = +0.00451 +- 0.00036 (+12.5 sigma)
  fs0            -1.43828 +- 0.00179 (3261 samples)   ref - parton = +0.24447 +- 0.00180 (+136.1 sigma)
  vbs            -1.50064 +- 0.00113 (1500 samples)   ref - parton = +0.18211 +- 0.00114 (+159.8 sigma)
0.10 real         0.08 user         0.01 sys
63455232  maximum resident set size
=== fwd51.py 8 rules51_6.npz:B4_inner lp:0,lp:0.1,neez:0.05,colz:0.1,fs0,vbs (1-min load 3.68, free mem 33%) ===
rule rules51_6.npz:B4_inner mapped onto L=8 by class key (19 of 34 classes present)
[LT] lowest q-orbits of J(k) (two-spin part; Q in units of 2pi/L; span max-min = 22.103):
  Q (np.int64(0), np.int64(3), np.int64(4)): J(Q) = -2.8491  (J - Jmin)/span = 0.0000  orbit size 12
  Q (np.int64(1), np.int64(3), np.int64(3)): J(Q) = -2.8026  (J - Jmin)/span = 0.0021  orbit size 24
  Q (np.int64(0), np.int64(4), np.int64(4)): J(Q) = -2.7640  (J - Jmin)/span = 0.0038  orbit size 3
  Q (np.int64(0), np.int64(3), np.int64(3)): J(Q) = -2.7519  (J - Jmin)/span = 0.0044  orbit size 12
  Q (np.int64(2), np.int64(2), np.int64(3)): J(Q) = -2.7318  (J - Jmin)/span = 0.0053  orbit size 24
  Q (np.int64(1), np.int64(3), np.int64(4)): J(Q) = -2.6738  (J - Jmin)/span = 0.0079  orbit size 24
  k-points within 2% of span above the minimum: 135 of 512
[LT fine grid 40^3, infinite lattice] J_min -2.8564 at q/pi = [0.8  0.   1.15]; BZ fraction within 1%: 0.1885, within 5%: 0.4501
[LSWT] collinear candidates, four-spin terms in Hartree form (E per site, sigma units):
  ferro (0,0,0)   : E_cl +13.66368  E_LSWT +84.46468  UNSTABLE (min w^2 0.00e+00)
  layer (pi,0,0)  : E_cl -0.31213  E_LSWT -1.73715  UNSTABLE (min w^2 -6.02e+01)
  col (pi,pi,0)   : E_cl -0.79665  E_LSWT -0.30594  UNSTABLE (min w^2 -2.52e+01)
  Neel (pi,pi,pi) : E_cl +0.29311  E_LSWT -2.95100  UNSTABLE (min w^2 -9.09e+01)
[VMC] <H>/site (binning error), same rule (J_NN = 1; per-site HS norm mod Casimir = 4.771; divide energies by it for unit-norm units):
  lp:0           -1.72385 +- 0.00011 (9448 samples)
  neez:0.05      -1.72082 +- 0.00044 (3248 samples)   ref - parton = +0.00303 +- 0.00046 (+6.6 sigma)
  colz:0.1       -1.71851 +- 0.00042 (3165 samples)   ref - parton = +0.00534 +- 0.00043 (+12.3 sigma)
  fs0            -1.41094 +- 0.00214 (3261 samples)   ref - parton = +0.31291 +- 0.00214 (+146.1 sigma)
  vbs            -1.49968 +- 0.00130 (1500 samples)   ref - parton = +0.22417 +- 0.00131 (+171.5 sigma)
0.15 real         0.13 user         0.01 sys
90587136  maximum resident set size
=== vmc51.py 10 lp:0 30000 31 (1-min load 3.68, free mem 33%) ===
L=10 N=1000 lp:0: 55 classes, 10 four-spin (38000 four-sets); MF gap 2.141; mode singlet; setup 8.6s
288.06 real       283.53 user         2.27 sys
503627776  maximum resident set size
=== vmc51.py 10 lp:0 30000 32 (1-min load 3.30, free mem 34%) ===
L=10 N=1000 lp:0: 55 classes, 10 four-spin (38000 four-sets); MF gap 2.141; mode singlet; setup 8.4s
288.08 real       284.38 user         2.27 sys
558415872  maximum resident set size
=== vmc51.py 10 lp:0 30000 33 (1-min load 3.77, free mem 39%) ===
L=10 N=1000 lp:0: 55 classes, 10 four-spin (38000 four-sets); MF gap 2.141; mode singlet; setup 8.4s
126.62 real       124.72 user         1.02 sys
526417920  maximum resident set size
=== vmc51.py 10 lp:0 2000 34 (1-min load 3.01, free mem 36%) ===
L=10 N=1000 lp:0: 55 classes, 10 four-spin (38000 four-sets); MF gap 2.141; mode singlet; setup 8.4s
measured 646 in 260s; acc flip 0/0 pair 108391/747000; drift 1.6e-11
Casimir estimator: mean -1500.000000, max |dev from -3N/2| 2.03e-10 (zero iff exact singlet)
<O_c>/site (first 8 classes): (0, 0, 1):-3.0107 (0, 1, 1):+2.3705 (1, 1, 1):-0.9068 (0, 0, 2):+0.7672 (0, 1, 2):-2.0275 (1, 1, 2):+1.4892 (0, 2, 2):+0.6081 (0, 0, 3):-0.3598
NN s.s per bond -1.0036; four-spin: T0:-0.4448 T2:-0.1993 C0:-0.3922 Dm0:+0.0384 Dm1:+0.1072 Y0:+0.1098 Y1:+0.1665 Y2:+0.1686 P0:+1.3496 P1:+0.1994
268.60 real       264.32 user         2.09 sys
500039680  maximum resident set size
=== vmc51.py 10 lp:0 2000 35 (1-min load 3.14, free mem 39%) ===
L=10 N=1000 lp:0: 55 classes, 10 four-spin (38000 four-sets); MF gap 2.141; mode singlet; setup 8.5s
measured 652 in 260s; acc flip 0/0 pair 108512/752000; drift 2.5e-11
Casimir estimator: mean -1500.000000, max |dev from -3N/2| 1.12e-10 (zero iff exact singlet)
<O_c>/site (first 8 classes): (0, 0, 1):-3.0145 (0, 1, 1):+2.3786 (1, 1, 1):-0.9116 (0, 0, 2):+0.7740 (0, 1, 2):-2.0344 (1, 1, 2):+1.4924 (0, 2, 2):+0.6000 (0, 0, 3):-0.3565
NN s.s per bond -1.0048; four-spin: T0:-0.4464 T2:-0.2013 C0:-0.3943 Dm0:+0.0381 Dm1:+0.1080 Y0:+0.1106 Y1:+0.1681 Y2:+0.1674 P0:+1.3524 P1:+0.2047
268.51 real       264.61 user         2.13 sys
492978176  maximum resident set size
=== vmc51.py 10 lp:0 2000 36 (1-min load 3.15, free mem 35%) ===
L=10 N=1000 lp:0: 55 classes, 10 four-spin (38000 four-sets); MF gap 2.141; mode singlet; setup 8.4s
measured 653 in 260s; acc flip 0/0 pair 109651/754000; drift 5.0e-12
Casimir estimator: mean -1500.000000, max |dev from -3N/2| 9.62e-11 (zero iff exact singlet)
<O_c>/site (first 8 classes): (0, 0, 1):-3.0037 (0, 1, 1):+2.3518 (1, 1, 1):-0.8947 (0, 0, 2):+0.7489 (0, 1, 2):-1.9553 (1, 1, 2):+1.4158 (0, 2, 2):+0.5606 (0, 0, 3):-0.3291
NN s.s per bond -1.0012; four-spin: T0:-0.4371 T2:-0.1903 C0:-0.3875 Dm0:+0.0361 Dm1:+0.1052 Y0:+0.1073 Y1:+0.1650 Y2:+0.1638 P0:+1.3508 P1:+0.2019
268.49 real       265.08 user         2.13 sys
541523968  maximum resident set size
=== vmc51.py 10 lp:0 2000 39 (1-min load 3.53, free mem 34%) ===
L=10 N=1000 lp:0: 55 classes, 10 four-spin (38000 four-sets); MF gap 2.141; mode singlet; setup 8.4s
measured 660 in 260s; acc flip 0/0 pair 108826/760000; drift 3.4e-11
Casimir estimator: mean -1500.000000, max |dev from -3N/2| 4.52e-10 (zero iff exact singlet)
<O_c>/site (first 8 classes): (0, 0, 1):-3.0213 (0, 1, 1):+2.4094 (1, 1, 1):-0.9386 (0, 0, 2):+0.7836 (0, 1, 2):-2.1024 (1, 1, 2):+1.5721 (0, 2, 2):+0.6430 (0, 0, 3):-0.3729
NN s.s per bond -1.0071; four-spin: T0:-0.4589 T2:-0.2084 C0:-0.4048 Dm0:+0.0416 Dm1:+0.1134 Y0:+0.1165 Y1:+0.1745 Y2:+0.1761 P0:+1.3526 P1:+0.2047
268.41 real       264.85 user         2.10 sys
563314688  maximum resident set size
=== vmc51.py 10 lp:0 2000 40 (1-min load 3.18, free mem 35%) ===
L=10 N=1000 lp:0: 55 classes, 10 four-spin (38000 four-sets); MF gap 2.141; mode singlet; setup 8.3s
measured 648 in 260s; acc flip 0/0 pair 109220/748000; drift 3.1e-11
Casimir estimator: mean -1500.000000, max |dev from -3N/2| 1.76e-10 (zero iff exact singlet)
<O_c>/site (first 8 classes): (0, 0, 1):-2.9968 (0, 1, 1):+2.3229 (1, 1, 1):-0.8691 (0, 0, 2):+0.7332 (0, 1, 2):-1.8959 (1, 1, 2):+1.3638 (0, 2, 2):+0.5419 (0, 0, 3):-0.3213
NN s.s per bond -0.9989; four-spin: T0:-0.4244 T2:-0.1823 C0:-0.3799 Dm0:+0.0349 Dm1:+0.1017 Y0:+0.1032 Y1:+0.1595 Y2:+0.1589 P0:+1.3520 P1:+0.2015
268.41 real       264.21 user         2.17 sys
593969152  maximum resident set size
=== vmc51.py 10 neez:0.05 2000 37 (1-min load 3.68, free mem 35%) ===
L=10 N=1000 neez:0.05: 55 classes, 10 four-spin (38000 four-sets); MF gap 2.143; mode singlet; setup 8.3s
measured 705 in 260s; acc flip 0/0 pair 103449/805000; drift 8.0e-12
Casimir estimator: mean -1491.038584, max |dev from -3N/2| 4.93e+01 (zero iff exact singlet)
<O_c>/site (first 8 classes): (0, 0, 1):-3.1238 (0, 1, 1):+2.7520 (1, 1, 1):-1.2167 (0, 0, 2):+0.9833 (0, 1, 2):-3.0170 (1, 1, 2):+2.5585 (0, 2, 2):+1.1791 (0, 0, 3):-0.6209
NN s.s per bond -1.0413; four-spin: T0:-0.5807 T2:-0.3120 C0:-0.5090 Dm0:+0.0687 Dm1:+0.1515 Y0:+0.1766 Y1:+0.2386 Y2:+0.2378 P0:+1.3651 P1:+0.2214
268.37 real       264.86 user         2.14 sys
603258880  maximum resident set size
=== vmc51.py 10 neez:0.05 2000 38 (1-min load 3.12, free mem 32%) ===
L=10 N=1000 neez:0.05: 55 classes, 10 four-spin (38000 four-sets); MF gap 2.143; mode singlet; setup 8.5s
measured 705 in 260s; acc flip 0/0 pair 103824/806000; drift 5.9e-11
Casimir estimator: mean -1491.707906, max |dev from -3N/2| 2.76e+02 (zero iff exact singlet)
<O_c>/site (first 8 classes): (0, 0, 1):-3.1148 (0, 1, 1):+2.7207 (1, 1, 1):-1.1920 (0, 0, 2):+0.9731 (0, 1, 2):-2.9593 (1, 1, 2):+2.5000 (0, 2, 2):+1.1310 (0, 0, 3):-0.6133
NN s.s per bond -1.0383; four-spin: T0:-0.5714 T2:-0.3063 C0:-0.4971 Dm0:+0.0666 Dm1:+0.1475 Y0:+0.1711 Y1:+0.2311 Y2:+0.2318 P0:+1.3647 P1:+0.2217
268.57 real       264.70 user         2.28 sys
418152448  maximum resident set size
=== anal51.py 10 lp:0,neez:0.05 quick (1-min load 3.08, free mem 35%) ===
L=10: long-wavelength metric removes q-orbits [(0, 0, 0), (0, 0, 1), (0, 1, 1), (1, 1, 1), (0, 0, 2), (0, 1, 2), (1, 1, 2)] (|q| <= pi/2) and the Casimir

== L=10 lp:0: 3259 samples (5 files); <s.s>_NN/bond -1.0031 ==
  A49 sets, plain metric: S1b-inv(3) 0.04282(0.006); S1inv(11) 0.002871(0.0002); S1uS2inv(14) 0.002646(0.0002)
 R^2 ncls |  B mod           B4 mod          |  B LW            B4 LW           | B4 mod bias-corr
   1   1 | 0.7167(0.06)    0.06902(0.007)  | 1.018(0.09)     0.08852(0.009)  | 0.07107
   2   2 | 0.05218(0.005)  0.007208(0.0003) | 0.1108(0.01)    0.01405(0.0006) | 0.007313
   3   3 | 0.02598(0.001)  0.006816(0.0002) | 0.08437(0.005)  0.014(0.0006)   | 0.006899
   4   4 | 0.02361(0.001)  0.002864(0.0002) | 0.07471(0.006)  0.006896(0.0005) | 0.002924
   6   6 | 0.01078(0.001)  0.002579(0.0002) | 0.06984(0.006)  0.006726(0.0004) | 0.002647
   9   9 | 0.007363(0.0006) 0.002418(0.0002) | 0.05891(0.004)  0.006618(0.0004) | 0.002496
  12  12 | 0.005375(0.0005) 0.002246(0.0002) | 0.05506(0.004)  0.006486(0.0004) | 0.002344
  16  15 | 0.003445(0.0002) 0.001868(0.0001) | 0.05417(0.004)  0.006437(0.0004) | 0.001931
  27  30 | 0.001803(0.0001) 0.001411(7e-05) | 0.04794(0.004)  0.006378(0.0004) | 0.001488
  48  47 | 0.0009743(8e-05) 0.0009168(7e-05) | 0.03197(0.003)  0.006147(0.0003) | 0.001014
  75  55 | 0.00077(5e-05)  0.0007459(5e-05) | 0.02632(0.001)  0.006118(0.0003) | 0.0008231

== L=10 neez:0.05: 1410 samples (2 files); <s.s>_NN/bond -1.0398 ==
  A49 sets, plain metric: S1b-inv(3) 0.03566(0.005); S1inv(11) 0.004403(0.0003); S1uS2inv(14) 0.003999(0.0003)
 R^2 ncls |  B mod           B4 mod          |  B LW            B4 LW           | B4 mod bias-corr
   1   1 | 0.7794(0.05)    0.05148(0.007)  | 1.107(0.08)     0.06836(0.01)   | 0.05647
   2   2 | 0.04465(0.007)  0.008272(0.0007) | 0.09208(0.01)   0.01611(0.002)  | 0.008546
   3   3 | 0.02671(0.003)  0.007996(0.0007) | 0.08303(0.01)   0.01608(0.002)  | 0.008259
   4   4 | 0.02544(0.003)  0.00443(0.0003) | 0.07158(0.009)  0.01052(0.0009) | 0.004588
   6   6 | 0.01023(0.001)  0.003877(0.0002) | 0.06607(0.009)  0.01028(0.0008) | 0.004014
   9   9 | 0.006701(0.0008) 0.003332(0.0002) | 0.05029(0.005)  0.01003(0.0007) | 0.003444
  12  12 | 0.004853(0.0008) 0.002928(0.0002) | 0.04339(0.004)  0.01001(0.0007) | 0.003119
  16  15 | 0.003158(0.0002) 0.002293(0.0001) | 0.04299(0.004)  0.009996(0.0007) | 0.002389
  27  30 | 0.001657(9e-05) 0.001448(8e-05) | 0.03425(0.003)  0.009523(0.0006) | 0.001573
  48  47 | 0.0007561(3e-05) 0.0007159(3e-05) | 0.02742(0.003)  0.009138(0.0006) | 0.0007805
  75  55 | 0.0005419(5e-05) 0.000512(5e-05) | 0.02191(0.002)  0.009026(0.0006) | 0.0005606
0.55 real         0.47 user         0.02 sys
76693504  maximum resident set size
=== anal51b.py 10 lp:0 neez:0.05 (1-min load 3.08, free mem 34%) ===
L=10 lp:0: 3259 samples

[B] full reach, Casimir-removed metric: lam = 0.00077 +- 5e-05 (bias-corr 0.0008438); lam2 = 0.002711
  class      |d|   m  par   J(d)/J_NN  +- err
  (0, 0, 1)   1.00   6  1  +1.0000  0.0000
  (0, 1, 1)   1.41  12  0  +0.8778  0.0195
  (1, 1, 1)   1.73   8  1  +0.7956  0.0255
  (0, 0, 2)   2.00   6  0  +0.7462  0.0205
  (0, 1, 2)   2.24  24  1  +0.6973  0.0227
  (1, 1, 2)   2.45  24  0  +0.6433  0.0245
  (0, 2, 2)   2.83  12  0  +0.5664  0.0192
  (0, 0, 3)   3.00   6  1  +0.5677  0.0272
  (1, 2, 2)   3.00  24  1  +0.5132  0.0216
  (0, 1, 3)   3.16  24  0  +0.5230  0.0260
  (1, 1, 3)   3.32  24  1  +0.4737  0.0239
  (2, 2, 2)   3.46   8  0  +0.3852  0.0199
  (0, 2, 3)   3.61  24  1  +0.4050  0.0201
  (1, 2, 3)   3.74  48  0  +0.3569  0.0176
  (0, 0, 4)   4.00   6  0  +0.4538  0.0353
  (0, 1, 4)   4.12  24  1  +0.4044  0.0324
  (2, 2, 3)   4.12  24  1  +0.2353  0.0136
  (0, 3, 3)   4.24  12  0  +0.2562  0.0171
  (1, 1, 4)   4.24  24  0  +0.3573  0.0276
  (1, 3, 3)   4.36  24  1  +0.2080  0.0109
  (0, 2, 4)   4.47  24  0  +0.2786  0.0272
  (1, 2, 4)   4.58  48  1  +0.2366  0.0178
  (2, 3, 3)   4.69  24  0  +0.0764  0.0143
  (2, 2, 4)   4.90  24  0  +0.1156  0.0109
  (0, 0, 5)   5.00   3  1  +0.3935  0.0439
  (0, 3, 4)   5.00  24  1  +0.1468  0.0241
  (0, 1, 5)   5.10  12  0  +0.3483  0.0392
  (1, 3, 4)   5.10  48  0  +0.0980  0.0119
  (1, 1, 5)   5.20  12  1  +0.3089  0.0310
  (3, 3, 3)   5.20   8  1  -0.0833  0.0227
  (0, 2, 5)   5.39  12  1  +0.2272  0.0344
  (2, 3, 4)   5.39  48  1  -0.0426  0.0128
  (1, 2, 5)   5.48  24  0  +0.1892  0.0205
  (0, 4, 4)   5.66  12  0  +0.0444  0.0339
  (1, 4, 4)   5.74  24  1  -0.0164  0.0204
  (2, 2, 5)   5.74  12  1  +0.0651  0.0118
  (0, 3, 5)   5.83  12  0  +0.0959  0.0293
  (3, 3, 4)   5.83  24  0  -0.2131  0.0267
  (1, 3, 5)   5.92  24  1  +0.0468  0.0128
  (2, 4, 4)   6.00  24  0  -0.1814  0.0172
  (2, 3, 5)   6.16  24  0  -0.0916  0.0117
  (0, 4, 5)   6.40  12  1  -0.0031  0.0390
  (3, 4, 4)   6.40  24  1  -0.3571  0.0331
  (1, 4, 5)   6.48  24  0  -0.0625  0.0258
  (3, 3, 5)   6.56  12  1  -0.2613  0.0275
  (2, 4, 5)   6.71  24  1  -0.2252  0.0209
  (4, 4, 4)   6.93   8  0  -0.5004  0.0426
  (0, 5, 5)   7.07   3  0  -0.0399  0.0488
  (3, 4, 5)   7.07  24  0  -0.4152  0.0339
  (1, 5, 5)   7.14   6  1  -0.1014  0.0386
  (2, 5, 5)   7.35   6  0  -0.2500  0.0428
  (4, 4, 5)   7.55  12  1  -0.5668  0.0439
  (3, 5, 5)   7.68   6  1  -0.4656  0.0344
  (4, 5, 5)   8.12   6  0  -0.6327  0.0458
  (5, 5, 5)   8.66   1  1  -0.7157  0.0496
  power-law fit |J| = A/|d|^alpha over 50 significant classes beyond NN: alpha = 0.73, A = 1.114
  parity |d|_1 even: 25 significant, signs + 17 / - 8
  parity |d|_1 odd : 25 significant, signs + 16 / - 9
  insignificant classes (|J| < 2 err): 4 of 55

[B4] full reach, Casimir-removed metric: lam = 0.0007459 +- 5e-05 (bias-corr 0.0008231); lam2 = 0.002017
  class      |d|   m  par   J(d)/J_NN  +- err
  (0, 0, 1)   1.00   6  1  +1.0000  0.0000
  (0, 1, 1)   1.41  12  0  +0.8700  0.0204
  (1, 1, 1)   1.73   8  1  +0.6575  0.0331
  (0, 0, 2)   2.00   6  0  +0.6783  0.0196
  (0, 1, 2)   2.24  24  1  +0.5723  0.0272
  (1, 1, 2)   2.45  24  0  +0.5285  0.0254
  (0, 2, 2)   2.83  12  0  +0.4633  0.0234
  (0, 0, 3)   3.00   6  1  +0.4596  0.0250
  (1, 2, 2)   3.00  24  1  +0.4201  0.0230
  (0, 1, 3)   3.16  24  0  +0.4231  0.0240
  (1, 1, 3)   3.32  24  1  +0.3827  0.0214
  (2, 2, 2)   3.46   8  0  +0.3139  0.0219
  (0, 2, 3)   3.61  24  1  +0.3270  0.0203
  (1, 2, 3)   3.74  48  0  +0.2884  0.0182
  (0, 0, 4)   4.00   6  0  +0.3604  0.0303
  (0, 1, 4)   4.12  24  1  +0.3204  0.0276
  (2, 2, 3)   4.12  24  1  +0.1898  0.0148
  (0, 3, 3)   4.24  12  0  +0.2041  0.0158
  (1, 1, 4)   4.24  24  0  +0.2837  0.0234
  (1, 3, 3)   4.36  24  1  +0.1661  0.0117
  (0, 2, 4)   4.47  24  0  +0.2198  0.0225
  (1, 2, 4)   4.58  48  1  +0.1872  0.0151
  (2, 3, 3)   4.69  24  0  +0.0613  0.0126
  (2, 2, 4)   4.90  24  0  +0.0925  0.0102
  (0, 0, 5)   5.00   3  1  +0.3110  0.0353
  (0, 3, 4)   5.00  24  1  +0.1139  0.0187
  (0, 1, 5)   5.10  12  0  +0.2740  0.0319
  (1, 3, 4)   5.10  48  0  +0.0761  0.0101
  (1, 1, 5)   5.20  12  1  +0.2436  0.0257
  (3, 3, 3)   5.20   8  1  -0.0660  0.0167
  (0, 2, 5)   5.39  12  1  +0.1768  0.0275
  (2, 3, 4)   5.39  48  1  -0.0339  0.0102
  (1, 2, 5)   5.48  24  0  +0.1478  0.0164
  (0, 4, 4)   5.66  12  0  +0.0321  0.0272
  (1, 4, 4)   5.74  24  1  -0.0150  0.0170
  (2, 2, 5)   5.74  12  1  +0.0509  0.0094
  (0, 3, 5)   5.83  12  0  +0.0726  0.0232
  (3, 3, 4)   5.83  24  0  -0.1690  0.0208
  (1, 3, 5)   5.92  24  1  +0.0338  0.0108
  (2, 4, 4)   6.00  24  0  -0.1453  0.0135
  (2, 3, 5)   6.16  24  0  -0.0740  0.0081
  (0, 4, 5)   6.40  12  1  -0.0051  0.0326
  (3, 4, 4)   6.40  24  1  -0.2844  0.0274
  (1, 4, 5)   6.48  24  0  -0.0523  0.0226
  (3, 3, 5)   6.56  12  1  -0.2074  0.0206
  (2, 4, 5)   6.71  24  1  -0.1813  0.0168
  (4, 4, 4)   6.93   8  0  -0.3971  0.0363
  (0, 5, 5)   7.07   3  0  -0.0352  0.0415
  (3, 4, 5)   7.07  24  0  -0.3304  0.0279
  (1, 5, 5)   7.14   6  1  -0.0833  0.0343
  (2, 5, 5)   7.35   6  0  -0.2008  0.0366
  (4, 4, 5)   7.55  12  1  -0.4491  0.0380
  (3, 5, 5)   7.68   6  1  -0.3706  0.0296
  (4, 5, 5)   8.12   6  0  -0.5022  0.0401
  (5, 5, 5)   8.66   1  1  -0.5712  0.0456
  four-spin (A49 normalized units, same scale): T0:+0.165(0.031) T2:+0.116(0.034) C0:+0.231(0.032) Dm0:+0.024(0.014) Dm1:+0.011(0.020) Y0:+0.015(0.026) Y1:+0.062(0.024) Y2:+0.066(0.028)
  power-law fit |J| = A/|d|^alpha over 50 significant classes beyond NN: alpha = 0.85, A = 1.082
  parity |d|_1 even: 25 significant, signs + 17 / - 8
  parity |d|_1 odd : 25 significant, signs + 16 / - 9
  insignificant classes (|J| < 2 err): 4 of 55

[q-orbits] relative variance of P_Q (Casimir-removed metric) vs Gaussian estimate Sbar(Q)^2; lowest 6:
  Q = 2pi/L (0, 0, 1): lam 0.0009771, Sbar 0.0345, Sbar^2 0.001187
  Q = 2pi/L (0, 1, 1): lam 0.003404, Sbar 0.0695, Sbar^2 0.004826
  Q = 2pi/L (1, 1, 1): lam 0.01038, Sbar 0.1072, Sbar^2 0.01148
  Q = 2pi/L (0, 0, 2): lam 0.0132, Sbar 0.1206, Sbar^2 0.01456
  Q = 2pi/L (0, 1, 2): lam 0.01788, Sbar 0.1591, Sbar^2 0.02531
  Q = 2pi/L (1, 1, 2): lam 0.02822, Sbar 0.1994, Sbar^2 0.03975
  Sbar(Q) at the smallest Q (0, 0, 1): 0.0345; maximum Sbar 20.907 at (5, 5, 5)

[HS ansatz] J(d) = s(d)/D^alpha: lam (Casimir-removed) bilinear-only | + 8 star four-spin optimized
  s=af    a=1: 0.00487 | 0.00394;  a=2: 0.0228 | 0.0114;  a=3: 0.0721 | 0.024;  a=4: 0.153 | 0.0373;  a=6: 0.344 | 0.0556
  s=stag  a=1: 197 | 0.16;  a=2: 96.2 | 0.16;  a=3: 25.9 | 0.159;  a=4: 7.56 | 0.154;  a=6: 1.91 | 0.0697
  s=fit   a=1: 1.07 | 0.16;  a=2: 0.254 | 0.16;  a=3: 0.0596 | 0.0381;  a=4: 0.14 | 0.0371;  a=6: 0.343 | 0.0555

[cluster Casimirs] lam (Casimir-removed) bilinear-only | + 8 star four-spin optimized
  star: 1.973 | 0.004746
  cube: 0.02616 | 0.02291

[ref neez:0.05] 1410 samples: parton-best-rule lam  B 0.001155, B4 0.001119
[B_r4] 4 classes: lam 0.02361 +- 0.0014 (bias-corr 0.02375); J: (0, 0, 1):+1.000 (0, 1, 1):+0.456 (1, 1, 1):+0.237 (0, 0, 2):+0.065
[B4_r4] 4 classes: lam 0.002864 +- 0.0002 (bias-corr 0.002924); J: (0, 0, 1):+1.000 (0, 1, 1):+0.782 (1, 1, 1):+0.023 (0, 0, 2):+0.356
[B_r9] 9 classes: lam 0.007363 +- 0.00062 (bias-corr 0.007466); J: (0, 0, 1):+1.000 (0, 1, 1):+0.707 (1, 1, 1):+0.536 (0, 0, 2):+0.359 (0, 1, 2):+0.295 (1, 1, 2):+0.231 (0, 2, 2):+0.136 (0, 0, 3):+0.003 ...
[B4_r9] 9 classes: lam 0.002418 +- 0.00017 (bias-corr 0.002496); J: (0, 0, 1):+1.000 (0, 1, 1):+0.798 (1, 1, 1):+0.135 (0, 0, 2):+0.372 (0, 1, 2):+0.067 (1, 1, 2):+0.057 (0, 2, 2):+0.033 (0, 0, 3):-0.004 ...
[B_inner] 34 classes: lam 0.001783 +- 0.00012 (bias-corr 0.001883); J: (0, 0, 1):+1.000 (0, 1, 1):+0.853 (1, 1, 1):+0.755 (0, 0, 2):+0.661 (0, 1, 2):+0.612 (1, 1, 2):+0.560 (0, 2, 2):+0.457 (0, 0, 3):+0.378 ...
[B4_inner] 34 classes: lam 0.001393 +- 7.2e-05 (bias-corr 0.00148); J: (0, 0, 1):+1.000 (0, 1, 1):+0.839 (1, 1, 1):+0.425 (0, 0, 2):+0.533 (0, 1, 2):+0.337 (1, 1, 2):+0.309 (0, 2, 2):+0.250 (0, 0, 3):+0.205 ...

[B4_inner profile] lam 0.001393; class |d| J/J_NN +- err:
  (0, 0, 1) 1.00 +1.000(0.000); (0, 1, 1) 1.41 +0.839(0.021); (1, 1, 1) 1.73 +0.425(0.036); (0, 0, 2) 2.00 +0.533(0.020); (0, 1, 2) 2.24 +0.337(0.030); (1, 1, 2) 2.45 +0.309(0.029); (0, 2, 2) 2.83 +0.250(0.024); (0, 0, 3) 3.00 +0.205(0.021); (1, 2, 2) 3.00 +0.229(0.023); (0, 1, 3) 3.16 +0.186(0.020); (1, 1, 3) 3.32 +0.166(0.019); (2, 2, 2) 3.46 +0.166(0.019); (0, 2, 3) 3.61 +0.136(0.017); (1, 2, 3) 3.74 +0.124(0.016); (0, 0, 4) 4.00 +0.062(0.009); (0, 1, 4) 4.12 +0.058(0.008); (2, 2, 3) 4.12 +0.089(0.012); (0, 3, 3) 4.24 +0.061(0.014); (1, 1, 4) 4.24 +0.051(0.007); (1, 3, 3) 4.36 +0.059(0.011); (0, 2, 4) 4.47 +0.041(0.007); (1, 2, 4) 4.58 +0.039(0.006); (2, 3, 3) 4.69 +0.045(0.008); (2, 2, 4) 4.90 +0.030(0.005); (0, 3, 4) 5.00 +0.013(0.006); (1, 3, 4) 5.10 +0.018(0.004); (3, 3, 3) 5.20 +0.023(0.008); (2, 3, 4) 5.39 +0.017(0.003); (0, 4, 4) 5.66 -0.001(0.004); (1, 4, 4) 5.74 +0.004(0.004); (3, 3, 4) 5.83 +0.009(0.005); (2, 4, 4) 6.00 +0.006(0.003); (3, 4, 4) 6.40 +0.001(0.002); (4, 4, 4) 6.93 +0.000(0.003)
  four-spin: T0:+0.443(0.036) T2:+0.295(0.032) C0:+0.543(0.042) Dm0:+0.044(0.014) Dm1:+0.102(0.015) Y0:+0.091(0.023) Y1:+0.133(0.019) Y2:+0.129(0.016)
  power law |J| = A/|d|^alpha over 27 significant classes beyond NN: alpha = 2.29; signs of significant: +27 / -0
  exponential |J| = B exp(-|d|/xi): xi = 1.09; weighted chi2 power 223.4 vs exponential 66.7
0.17 real         0.15 user         0.01 sys
68976640  maximum resident set size
=== fwd51.py 10 B4_inner lp:0,neez:0.05 (1-min load 3.08, free mem 35%) ===
rule rules51_10.npz[B4_inner]
[LT] lowest q-orbits of J(k) (two-spin part; Q in units of 2pi/L; span max-min = 83.711):
  Q (np.int64(0), np.int64(5), np.int64(5)): J(Q) = -2.1991  (J - Jmin)/span = 0.0000  orbit size 3
  Q (np.int64(0), np.int64(4), np.int64(5)): J(Q) = -2.1258  (J - Jmin)/span = 0.0009  orbit size 12
  Q (np.int64(0), np.int64(4), np.int64(4)): J(Q) = -2.1191  (J - Jmin)/span = 0.0010  orbit size 12
  Q (np.int64(1), np.int64(4), np.int64(4)): J(Q) = -2.0306  (J - Jmin)/span = 0.0020  orbit size 24
  Q (np.int64(0), np.int64(3), np.int64(5)): J(Q) = -1.9601  (J - Jmin)/span = 0.0029  orbit size 12
  Q (np.int64(1), np.int64(4), np.int64(5)): J(Q) = -1.9529  (J - Jmin)/span = 0.0029  orbit size 24
  k-points within 2% of span above the minimum: 647 of 1000
[LT fine grid 40^3, infinite lattice] J_min -2.1991 at q/pi = [0. 1. 1.]; BZ fraction within 1%: 0.4737, within 5%: 0.9239
[LSWT] collinear candidates, four-spin terms in Hartree form (E per site, sigma units):
  ferro (0,0,0)   : E_cl +42.91470  E_LSWT +223.20905  UNSTABLE (min w^2 0.00e+00)
  layer (pi,0,0)  : E_cl -0.23773  E_LSWT -1.29755  UNSTABLE (min w^2 -9.59e+01)
  col (pi,pi,0)   : E_cl -0.77320  E_LSWT -1.14355  UNSTABLE (min w^2 -7.00e+00)
  Neel (pi,pi,pi) : E_cl -0.13039  E_LSWT -2.35425  UNSTABLE (min w^2 -5.15e+01)
[VMC] <H>/site (binning error), same rule (J_NN = 1; per-site HS norm mod Casimir = 5.789; divide energies by it for unit-norm units):
  lp:0           -1.66264 +- 0.00014 (3259 samples)
  neez:0.05      -1.65890 +- 0.00042 (1410 samples)   ref - parton = +0.00374 +- 0.00045 (+8.4 sigma)
0.38 real         0.35 user         0.02 sys
143409152  maximum resident set size
=== vmc51.py 8 lp:0.1 30000 28 (1-min load 3.08, free mem 34%) ===
L=8 N=512 lp:0.1: 34 classes, 10 four-spin (19456 four-sets); MF gap 1.958; mode singlet; setup 2.2s
measured 3126 in 266s; acc flip 0/0 pair 344304/2368512; drift 2.6e-12
Casimir estimator: mean -768.000049, max |dev from -3N/2| 2.98e+00 (zero iff exact singlet)
<O_c>/site (first 8 classes): (0, 0, 1):-3.0075 (0, 1, 1):+2.3569 (1, 1, 1):-0.8959 (0, 0, 2):+0.7641 (0, 1, 2):-2.0215 (1, 1, 2):+1.4919 (0, 2, 2):+0.6147 (0, 0, 3):-0.3823
NN s.s per bond -1.0025; four-spin: T0:-0.4393 T2:-0.1981 C0:-0.3901 Dm0:+0.0390 Dm1:+0.1074 Y0:+0.1103 Y1:+0.1656 Y2:+0.1663 P0:+1.3526 P1:+0.2019
268.21 real       264.90 user         1.29 sys
191856640  maximum resident set size
=== anal51.py 8 lp:0,lp:0.1,neez:0.05,colz:0.1,fs0,vbs quick (1-min load 3.81, free mem 37%) ===
L=8: long-wavelength metric removes q-orbits [(0, 0, 0), (0, 0, 1), (0, 1, 1), (1, 1, 1), (0, 0, 2)] (|q| <= pi/2) and the Casimir

== L=8 lp:0: 9448 samples (3 files); <s.s>_NN/bond -1.0042 ==
  A49 sets, plain metric: S1b-inv(3) 0.04104(0.005); S1inv(11) 0.002812(0.0002); S1uS2inv(14) 0.002691(0.0002)
 R^2 ncls |  B mod           B4 mod          |  B LW            B4 LW           | B4 mod bias-corr
   1   1 | 0.8061(0.07)    0.07137(0.007)  | 1.068(0.09)     0.08959(0.01)   | 0.07593
   2   2 | 0.05119(0.005)  0.008333(0.0009) | 0.09227(0.008)  0.01433(0.001)  | 0.00885
   3   3 | 0.03331(0.006)  0.008143(0.0008) | 0.07743(0.009)  0.01432(0.001)  | 0.008734
   4   4 | 0.03013(0.005)  0.002918(0.0002) | 0.06802(0.008)  0.005909(0.0004) | 0.002998
   6   6 | 0.01026(0.0004) 0.002506(0.0001) | 0.06(0.005)     0.005625(0.0003) | 0.002555
   9   9 | 0.007271(0.0003) 0.002358(0.0001) | 0.05849(0.007)  0.005615(0.0003) | 0.002407
  12  12 | 0.005514(0.0002) 0.002191(0.0001) | 0.05518(0.006)  0.005575(0.0003) | 0.00224
  16  15 | 0.004663(0.0003) 0.002104(0.0002) | 0.0521(0.006)   0.005523(0.0003) | 0.002171
  27  27 | 0.00239(0.0002) 0.001701(0.0001) | 0.0434(0.003)   0.005454(0.0003) | 0.001797
  48  34 | 0.00189(0.0002) 0.001543(0.0001) | 0.03151(0.001)  0.005394(0.0003) | 0.001651

== L=8 lp:0.1: 3126 samples (1 files); <s.s>_NN/bond -1.0025 ==
  A49 sets, plain metric: S1b-inv(3) 0.03304(0.002); S1inv(11) 0.002705(0.0002); S1uS2inv(14) 0.002579(0.0002)
 R^2 ncls |  B mod           B4 mod          |  B LW            B4 LW           | B4 mod bias-corr
   1   1 | 0.679(0.07)     0.05392(0.002)  | 0.8999(0.09)    0.06731(0.003)  | 0.05488
   2   2 | 0.0407(0.001)   0.007359(0.0004) | 0.07375(0.002)  0.01309(0.0008) | 0.007533
   3   3 | 0.02837(0.004)  0.007332(0.0005) | 0.0651(0.006)   0.013(0.0007)   | 0.007595
   4   4 | 0.02646(0.005)  0.002805(0.0002) | 0.05815(0.007)  0.00572(0.0004) | 0.002866
   6   6 | 0.01043(0.0007) 0.002592(0.0002) | 0.05073(0.004)  0.00547(0.0004) | 0.002656
   9   9 | 0.0071(0.0006)  0.002363(0.0002) | 0.04819(0.004)  0.005427(0.0004) | 0.002431
  12  12 | 0.005426(0.0004) 0.002124(0.0002) | 0.0451(0.005)   0.005225(0.0004) | 0.002188
  16  15 | 0.004684(0.0005) 0.002038(0.0001) | 0.04436(0.005)  0.005205(0.0004) | 0.002117
  27  27 | 0.002225(0.0002) 0.001594(9e-05) | 0.04128(0.004)  0.00513(0.0004) | 0.001712
  48  34 | 0.001664(0.0001) 0.001365(8e-05) | 0.03126(0.003)  0.004965(0.0004) | 0.001468

== L=8 neez:0.05: 3248 samples (1 files); <s.s>_NN/bond -1.0343 ==
  A49 sets, plain metric: S1b-inv(3) 0.05263(0.02); S1inv(11) 0.005099(0.0008); S1uS2inv(14) 0.004595(0.0007)
 R^2 ncls |  B mod           B4 mod          |  B LW            B4 LW           | B4 mod bias-corr
   1   1 | 0.8498(0.07)    0.06172(0.004)  | 1.126(0.09)     0.07659(0.005)  | 0.06494
   2   2 | 0.06177(0.02)   0.01136(0.002)  | 0.1094(0.03)    0.02005(0.004)  | 0.01319
   3   3 | 0.0373(0.009)   0.01089(0.003)  | 0.08769(0.02)   0.02004(0.005)  | 0.01295
   4   4 | 0.03727(0.01)   0.005203(0.0009) | 0.08599(0.02)   0.01096(0.002)  | 0.005896
   6   6 | 0.01285(0.002)  0.004366(0.0004) | 0.07063(0.02)   0.01046(0.001)  | 0.004717
   9   9 | 0.01015(0.002)  0.003907(0.0003) | 0.06244(0.01)   0.009955(0.001) | 0.00415
  12  12 | 0.007939(0.001) 0.003514(0.0003) | 0.05316(0.01)   0.009342(0.0009) | 0.003774
  16  15 | 0.005514(0.001) 0.003279(0.0004) | 0.0475(0.007)   0.008935(0.0007) | 0.00364
  27  27 | 0.003178(0.0006) 0.002588(0.0003) | 0.04499(0.008)  0.008811(0.0007) | 0.003066
  48  34 | 0.002299(0.0004) 0.002077(0.0003) | 0.03184(0.003)  0.00842(0.0006) | 0.002646

== L=8 colz:0.1: 3165 samples (1 files); <s.s>_NN/bond -1.0023 ==
  A49 sets, plain metric: S1b-inv(3) 0.03991(0.002); S1inv(11) 0.00471(0.0003); S1uS2inv(14) 0.004522(0.0002)
 R^2 ncls |  B mod           B4 mod          |  B LW            B4 LW           | B4 mod bias-corr
   1   1 | 0.6823(0.06)    0.06317(0.005)  | 0.9043(0.08)    0.07846(0.007)  | 0.06534
   2   2 | 0.04749(0.002)  0.009129(0.0006) | 0.08598(0.003)  0.01635(0.001)  | 0.009423
   3   3 | 0.02706(0.001)  0.00873(0.0005) | 0.06415(0.002)  0.01628(0.001)  | 0.008981
   4   4 | 0.02563(0.001)  0.004884(0.0003) | 0.05995(0.002)  0.01006(0.0007) | 0.005033
   6   6 | 0.01119(0.0006) 0.004298(0.0002) | 0.05546(0.002)  0.01003(0.0007) | 0.004421
   9   9 | 0.008057(0.0004) 0.004126(0.0002) | 0.05381(0.003)  0.009567(0.0006) | 0.004316
  12  12 | 0.006712(0.0007) 0.003857(0.0003) | 0.04648(0.002)  0.009164(0.0006) | 0.004103
  16  15 | 0.005021(0.0003) 0.003504(0.0002) | 0.04217(0.002)  0.008938(0.0006) | 0.003694
  27  27 | 0.002708(0.0002) 0.002504(0.0002) | 0.03695(0.001)  0.00844(0.0006) | 0.002631
  48  34 | 0.001929(0.0001) 0.001815(0.0001) | 0.02999(0.001)  0.007197(0.0005) | 0.001944

== L=8 fs0: 3261 samples (1 files); <s.s>_NN/bond -0.8758 ==
  A49 sets, plain metric: S1b-inv(3) 0.2203(0.02); S1inv(11) 0.165(0.01); S1uS2inv(14) 0.06235(0.005)
 R^2 ncls |  B mod           B4 mod          |  B LW            B4 LW           | B4 mod bias-corr
   1   1 | 7.082(1)        0.1869(0.01)    | 9.386(1)        0.187(0.01)     | 0.2029
   2   2 | 0.2391(0.03)    0.1705(0.01)    | 0.4678(0.05)    0.1869(0.01)    | 0.1842
   3   3 | 0.1125(0.01)    0.08739(0.006)  | 0.3352(0.04)    0.1794(0.009)   | 0.09224
   4   4 | 0.1121(0.01)    0.08627(0.006)  | 0.3062(0.03)    0.1709(0.006)   | 0.09086
   6   6 | 0.05193(0.004)  0.04648(0.003)  | 0.2949(0.03)    0.1697(0.007)   | 0.0479
   9   9 | 0.03855(0.003)  0.03636(0.003)  | 0.2357(0.02)    0.1631(0.009)   | 0.03774
  12  12 | 0.03172(0.002)  0.0304(0.002)   | 0.2012(0.01)    0.1545(0.006)   | 0.03138
  16  15 | 0.02886(0.002)  0.02805(0.002)  | 0.196(0.02)     0.1494(0.007)   | 0.02901
  27  27 | 0.02289(0.002)  0.02232(0.002)  | 0.1443(0.005)   0.1314(0.004)   | 0.02425
  48  34 | 0.01995(0.001)  0.01969(0.001)  | 0.1268(0.007)   0.1138(0.005)   | 0.02134

== L=8 vbs: 1500 samples (1 files); <s.s>_NN/bond -0.4992 ==
  A49 sets, plain metric: S1b-inv(3) 0.1941(0.007); S1inv(11) -1.321e-16(2e-15); S1uS2inv(14) -1.913e-16(1e-15)
 R^2 ncls |  B mod           B4 mod          |  B LW            B4 LW           | B4 mod bias-corr
   1   1 | 0.5111(0.03)    -6.384e-16(1e-15) | 0.6774(0.03)    -7.217e-16(1e-15) | 2.788e-14
   2   2 | 0.2167(0.01)    -7.772e-16(1e-15) | 0.4684(0.02)    -1.082e-15(1e-15) | 2.774e-14
   3   3 | 0.1133(0.006)   -6.662e-16(1e-15) | 0.3257(0.02)    -5.551e-16(1e-15) | 2.642e-14
   4   4 | 0.1052(0.005)   -3.872e-15(2e-15) | 0.3257(0.02)    -2.79e-15(1e-15) | -2.304e-14
   6   6 | 0.02407(0.001)  -7.764e-17(1e-15) | 0.2417(0.01)    -2.81e-17(9e-16) | 3.672e-14
   9   9 | 0.002206(9e-05) -1.218e-15(2e-15) | 0.04697(0.002)  -5.49e-16(7e-16) | 1.931e-14
  12  12 | 2.334e-15(8e-15) -2.887e-15(2e-15) | 5.61e-14(2e-13) -3.179e-15(1e-13) | -7.181e-15
  16  15 | 2.331e-15(8e-15) -1.222e-15(3e-15) | 5.618e-14(2e-13) -4.38e-16(1e-13) | 2.056e-14
  27  27 | 8.749e-16(4e-15) -6.224e-16(2e-15) | 6.833e-15(1e-13) -1.221e-15(1e-13) | 2.968e-14
  48  34 | -1.151e-17(4e-15) -6.533e-16(9e-16) | 1.655e-16(8e-14) -9.935e-16(8e-14) | 2.816e-14
1.33 real         1.20 user         0.04 sys
132825088  maximum resident set size
=== fwd51.py 8 B4_inner lp:0,lp:0.1,neez:0.05,colz:0.1,fs0,vbs (1-min load 3.90, free mem 35%) ===
rule rules51_8.npz[B4_inner]
[LT] lowest q-orbits of J(k) (two-spin part; Q in units of 2pi/L; span max-min = 36.951):
  Q (np.int64(0), np.int64(3), np.int64(4)): J(Q) = -2.5871  (J - Jmin)/span = 0.0000  orbit size 12
  Q (np.int64(0), np.int64(4), np.int64(4)): J(Q) = -2.5081  (J - Jmin)/span = 0.0021  orbit size 3
  Q (np.int64(0), np.int64(3), np.int64(3)): J(Q) = -2.4393  (J - Jmin)/span = 0.0040  orbit size 12
  Q (np.int64(1), np.int64(3), np.int64(3)): J(Q) = -2.4039  (J - Jmin)/span = 0.0050  orbit size 24
  Q (np.int64(1), np.int64(3), np.int64(4)): J(Q) = -2.3556  (J - Jmin)/span = 0.0063  orbit size 24
  Q (np.int64(1), np.int64(2), np.int64(4)): J(Q) = -2.3268  (J - Jmin)/span = 0.0070  orbit size 24
  k-points within 2% of span above the minimum: 201 of 512
[LT fine grid 40^3, infinite lattice] J_min -2.5871 at q/pi = [1.   0.   1.25]; BZ fraction within 1%: 0.2342, within 5%: 0.6076
[LSWT] collinear candidates, four-spin terms in Hartree form (E per site, sigma units):
  ferro (0,0,0)   : E_cl +20.29364  E_LSWT +113.91487  UNSTABLE (min w^2 0.00e+00)
  layer (pi,0,0)  : E_cl -0.53286  E_LSWT -2.07051  UNSTABLE (min w^2 -3.93e+01)
  col (pi,pi,0)   : E_cl -0.75626  E_LSWT -0.53884  UNSTABLE (min w^2 -1.97e+01)
  Neel (pi,pi,pi) : E_cl +0.08563  E_LSWT -2.66132  UNSTABLE (min w^2 -6.44e+01)
[VMC] <H>/site (binning error), same rule (J_NN = 1; per-site HS norm mod Casimir = 4.794; divide energies by it for unit-norm units):
  lp:0           -1.69469 +- 0.00011 (9448 samples)
  lp:0.1         -1.69476 +- 0.00020 (3126 samples)   ref - parton = -0.00008 +- 0.00022 (-0.3 sigma)
  neez:0.05      -1.69109 +- 0.00046 (3248 samples)   ref - parton = +0.00360 +- 0.00047 (+7.6 sigma)
  colz:0.1       -1.68998 +- 0.00037 (3165 samples)   ref - parton = +0.00471 +- 0.00039 (+12.2 sigma)
  fs0            -1.42343 +- 0.00184 (3261 samples)   ref - parton = +0.27126 +- 0.00184 (+147.4 sigma)
  vbs            -1.50000 +- 0.00118 (1500 samples)   ref - parton = +0.19469 +- 0.00118 (+164.6 sigma)
0.24 real         0.21 user         0.02 sys
142000128  maximum resident set size
=== anal51b.py 8 lp:0 lp:0.1,neez:0.05,colz:0.1,fs0,vbs (1-min load 3.90, free mem 35%) ===
L=8 lp:0: 9448 samples

[B] full reach, Casimir-removed metric: lam = 0.00189 +- 0.00018 (bias-corr 0.00204); lam2 = 0.007408
  class      |d|   m  par   J(d)/J_NN  +- err
  (0, 0, 1)   1.00   6  1  +1.0000  0.0000
  (0, 1, 1)   1.41  12  0  +0.8237  0.0247
  (1, 1, 1)   1.73   8  1  +0.7051  0.0408
  (0, 0, 2)   2.00   6  0  +0.6471  0.0278
  (0, 1, 2)   2.24  24  1  +0.5661  0.0378
  (1, 1, 2)   2.45  24  0  +0.4933  0.0398
  (0, 2, 2)   2.83  12  0  +0.3809  0.0247
  (0, 0, 3)   3.00   6  1  +0.4501  0.0353
  (1, 2, 2)   3.00  24  1  +0.3363  0.0161
  (0, 1, 3)   3.16  24  0  +0.3845  0.0326
  (1, 1, 3)   3.32  24  1  +0.3242  0.0254
  (2, 2, 2)   3.46   8  0  +0.1918  0.0222
  (0, 2, 3)   3.61  24  1  +0.2093  0.0174
  (1, 2, 3)   3.74  48  0  +0.1567  0.0127
  (0, 0, 4)   4.00   3  0  +0.3957  0.0443
  (0, 1, 4)   4.12  12  1  +0.3171  0.0339
  (2, 2, 3)   4.12  24  1  -0.0053  0.0142
  (0, 3, 3)   4.24  12  0  +0.0355  0.0153
  (1, 1, 4)   4.24  12  0  +0.2594  0.0248
  (1, 3, 3)   4.36  24  1  -0.0219  0.0106
  (0, 2, 4)   4.47  12  0  +0.1391  0.0183
  (1, 2, 4)   4.58  24  1  +0.0830  0.0122
  (2, 3, 3)   4.69  24  0  -0.1834  0.0203
  (2, 2, 4)   4.90  12  0  -0.0835  0.0098
  (0, 3, 4)   5.00  12  1  -0.0348  0.0152
  (1, 3, 4)   5.10  24  0  -0.0964  0.0077
  (3, 3, 3)   5.20   8  1  -0.3507  0.0367
  (2, 3, 4)   5.39  24  1  -0.2617  0.0216
  (0, 4, 4)   5.66   3  0  -0.0985  0.0204
  (1, 4, 4)   5.74   6  1  -0.1729  0.0106
  (3, 3, 4)   5.83  12  0  -0.4360  0.0431
  (2, 4, 4)   6.00   6  0  -0.3496  0.0246
  (3, 4, 4)   6.40   6  1  -0.5325  0.0465
  (4, 4, 4)   6.93   1  0  -0.6368  0.0587
  power-law fit |J| = A/|d|^alpha over 32 significant classes beyond NN: alpha = 0.91, A = 1.057
  parity |d|_1 even: 18 significant, signs + 11 / - 7
  parity |d|_1 odd : 14 significant, signs + 8 / - 6
  insignificant classes (|J| < 2 err): 1 of 34

[B4] full reach, Casimir-removed metric: lam = 0.001543 +- 0.00011 (bias-corr 0.001651); lam2 = 0.003406
  class      |d|   m  par   J(d)/J_NN  +- err
  (0, 0, 1)   1.00   6  1  +1.0000  0.0000
  (0, 1, 1)   1.41  12  0  +0.8147  0.0165
  (1, 1, 1)   1.73   8  1  +0.3730  0.0445
  (0, 0, 2)   2.00   6  0  +0.5044  0.0259
  (0, 1, 2)   2.24  24  1  +0.2885  0.0378
  (1, 1, 2)   2.45  24  0  +0.2518  0.0367
  (0, 2, 2)   2.83  12  0  +0.1876  0.0263
  (0, 0, 3)   3.00   6  1  +0.2183  0.0327
  (1, 2, 2)   3.00  24  1  +0.1641  0.0206
  (0, 1, 3)   3.16  24  0  +0.1818  0.0316
  (1, 1, 3)   3.32  24  1  +0.1515  0.0265
  (2, 2, 2)   3.46   8  0  +0.0905  0.0143
  (0, 2, 3)   3.61  24  1  +0.0943  0.0177
  (1, 2, 3)   3.74  48  0  +0.0693  0.0126
  (0, 0, 4)   4.00   3  0  +0.1820  0.0348
  (0, 1, 4)   4.12  12  1  +0.1412  0.0303
  (2, 2, 3)   4.12  24  1  -0.0073  0.0075
  (0, 3, 3)   4.24  12  0  +0.0104  0.0097
  (1, 1, 4)   4.24  12  0  +0.1171  0.0242
  (1, 3, 3)   4.36  24  1  -0.0166  0.0058
  (0, 2, 4)   4.47  12  0  +0.0560  0.0153
  (1, 2, 4)   4.58  24  1  +0.0323  0.0103
  (2, 3, 3)   4.69  24  0  -0.0909  0.0175
  (2, 2, 4)   4.90  12  0  -0.0426  0.0080
  (0, 3, 4)   5.00  12  1  -0.0252  0.0083
  (1, 3, 4)   5.10  24  0  -0.0531  0.0058
  (3, 3, 3)   5.20   8  1  -0.1639  0.0317
  (2, 3, 4)   5.39  24  1  -0.1251  0.0228
  (0, 4, 4)   5.66   3  0  -0.0563  0.0114
  (1, 4, 4)   5.74   6  1  -0.0919  0.0125
  (3, 3, 4)   5.83  12  0  -0.1992  0.0383
  (2, 4, 4)   6.00   6  0  -0.1627  0.0282
  (3, 4, 4)   6.40   6  1  -0.2378  0.0436
  (4, 4, 4)   6.93   1  0  -0.2777  0.0516
  four-spin (A49 normalized units, same scale): T0:+0.453(0.034) T2:+0.303(0.021) C0:+0.555(0.044) Dm0:+0.026(0.012) Dm1:+0.132(0.016) Y0:+0.125(0.011) Y1:+0.099(0.023) Y2:+0.115(0.021)
  power-law fit |J| = A/|d|^alpha over 31 significant classes beyond NN: alpha = 1.67, A = 1.410
  parity |d|_1 even: 17 significant, signs + 10 / - 7
  parity |d|_1 odd : 14 significant, signs + 8 / - 6
  insignificant classes (|J| < 2 err): 2 of 34

[q-orbits] relative variance of P_Q (Casimir-removed metric) vs Gaussian estimate Sbar(Q)^2; lowest 6:
  Q = 2pi/L (0, 0, 1): lam 0.002515, Sbar 0.0518, Sbar^2 0.002686
  Q = 2pi/L (0, 1, 1): lam 0.008501, Sbar 0.1064, Sbar^2 0.01132
  Q = 2pi/L (1, 1, 1): lam 0.02092, Sbar 0.1648, Sbar^2 0.02718
  Q = 2pi/L (0, 0, 2): lam 0.02252, Sbar 0.1717, Sbar^2 0.0295
  Q = 2pi/L (0, 1, 2): lam 0.04477, Sbar 0.2379, Sbar^2 0.05659
  Q = 2pi/L (0, 0, 3): lam 0.06383, Sbar 0.2988, Sbar^2 0.08927
  Sbar(Q) at the smallest Q (0, 0, 1): 0.0518; maximum Sbar 17.284 at (4, 4, 4)

[HS ansatz] J(d) = s(d)/D^alpha: lam (Casimir-removed) bilinear-only | + 8 star four-spin optimized
  s=af    a=1: 0.00718 | 0.00565;  a=2: 0.0277 | 0.0137;  a=3: 0.0803 | 0.026;  a=4: 0.166 | 0.0387;  a=6: 0.377 | 0.0567
  s=stag  a=1: 145 | 0.183;  a=2: 79.5 | 0.183;  a=3: 27.4 | 0.182;  a=4: 9.24 | 0.179;  a=6: 2.33 | 0.0831
  s=fit   a=1: 1.24 | 0.183;  a=2: 0.386 | 0.182;  a=3: 0.0668 | 0.0568;  a=4: 0.135 | 0.0397;  a=6: 0.372 | 0.0565

[cluster Casimirs] lam (Casimir-removed) bilinear-only | + 8 star four-spin optimized
  star: 2.459 | 0.004888
  cube: 0.03482 | 0.03036

[ref lp:0.1] 3126 samples: parton-best-rule lam  B 0.00193, B4 0.001629

[ref neez:0.05] 3248 samples: parton-best-rule lam  B 0.03065, B4 0.0161

[ref colz:0.1] 3165 samples: parton-best-rule lam  B 0.002649, B4 0.002785

[ref fs0] 3261 samples: parton-best-rule lam  B 0.03145, B4 0.06592

[ref vbs] 1500 samples: parton-best-rule lam  B 0.009608, B4 0.01354
[B_r4] 4 classes: lam 0.03013 +- 0.0047 (bias-corr 0.03146); J: (0, 0, 1):+1.000 (0, 1, 1):+0.394 (1, 1, 1):+0.169 (0, 0, 2):+0.070
[B4_r4] 4 classes: lam 0.002918 +- 0.00022 (bias-corr 0.002998); J: (0, 0, 1):+1.000 (0, 1, 1):+0.785 (1, 1, 1):-0.004 (0, 0, 2):+0.364
[B_r9] 9 classes: lam 0.007271 +- 0.0003 (bias-corr 0.007397); J: (0, 0, 1):+1.000 (0, 1, 1):+0.699 (1, 1, 1):+0.519 (0, 0, 2):+0.343 (0, 1, 2):+0.272 (1, 1, 2):+0.200 (0, 2, 2):+0.104 (0, 0, 3):+0.002 ...
[B4_r9] 9 classes: lam 0.002358 +- 0.00012 (bias-corr 0.002407); J: (0, 0, 1):+1.000 (0, 1, 1):+0.795 (1, 1, 1):+0.131 (0, 0, 2):+0.363 (0, 1, 2):+0.066 (1, 1, 2):+0.053 (0, 2, 2):+0.027 (0, 0, 3):+0.000 ...
[B_inner] 19 classes: lam 0.004172 +- 0.00023 (bias-corr 0.004308); J: (0, 0, 1):+1.000 (0, 1, 1):+0.785 (1, 1, 1):+0.646 (0, 0, 2):+0.505 (0, 1, 2):+0.439 (1, 1, 2):+0.375 (0, 2, 2):+0.252 (0, 0, 3):+0.178 ...
[B4_inner] 19 classes: lam 0.002056 +- 0.00014 (bias-corr 0.002117); J: (0, 0, 1):+1.000 (0, 1, 1):+0.807 (1, 1, 1):+0.225 (0, 0, 2):+0.412 (0, 1, 2):+0.149 (1, 1, 2):+0.128 (0, 2, 2):+0.084 (0, 0, 3):+0.062 ...

[B4_inner profile] lam 0.002056; class |d| J/J_NN +- err:
  (0, 0, 1) 1.00 +1.000(0.000); (0, 1, 1) 1.41 +0.807(0.014); (1, 1, 1) 1.73 +0.225(0.012); (0, 0, 2) 2.00 +0.412(0.008); (0, 1, 2) 2.24 +0.149(0.005); (1, 1, 2) 2.45 +0.128(0.005); (0, 2, 2) 2.83 +0.084(0.005); (0, 0, 3) 3.00 +0.062(0.005); (1, 2, 2) 3.00 +0.073(0.004); (0, 1, 3) 3.16 +0.050(0.003); (1, 1, 3) 3.32 +0.040(0.002); (2, 2, 2) 3.46 +0.043(0.006); (0, 2, 3) 3.61 +0.026(0.003); (1, 2, 3) 3.74 +0.022(0.002); (2, 2, 3) 4.12 +0.009(0.004); (0, 3, 3) 4.24 +0.008(0.001); (1, 3, 3) 4.36 +0.006(0.002); (2, 3, 3) 4.69 +0.000(0.003); (3, 3, 3) 5.20 -0.001(0.003)
  four-spin: T0:+0.643(0.020) T2:+0.423(0.024) C0:+0.790(0.030) Dm0:+0.046(0.011) Dm1:+0.178(0.025) Y0:+0.182(0.016) Y1:+0.144(0.022) Y2:+0.162(0.015)
  power law |J| = A/|d|^alpha over 16 significant classes beyond NN: alpha = 3.41; signs of significant: +16 / -0
  exponential |J| = B exp(-|d|/xi): xi = 0.63; weighted chi2 power 837.4 vs exponential 564.8
0.22 real         0.20 user         0.02 sys
105512960  maximum resident set size
=== fwd51.py 8 B4 lp:0,lp:0.1,neez:0.05,colz:0.1,fs0,vbs (1-min load 3.90, free mem 36%) ===
rule rules51_8.npz[B4]
[LT] lowest q-orbits of J(k) (two-spin part; Q in units of 2pi/L; span max-min = 48.992):
  Q (np.int64(0), np.int64(3), np.int64(4)): J(Q) = -2.1559  (J - Jmin)/span = 0.0000  orbit size 12
  Q (np.int64(1), np.int64(3), np.int64(3)): J(Q) = -2.0608  (J - Jmin)/span = 0.0019  orbit size 24
  Q (np.int64(0), np.int64(3), np.int64(3)): J(Q) = -2.0413  (J - Jmin)/span = 0.0023  orbit size 12
  Q (np.int64(1), np.int64(3), np.int64(4)): J(Q) = -2.0198  (J - Jmin)/span = 0.0028  orbit size 24
  Q (np.int64(0), np.int64(4), np.int64(4)): J(Q) = -2.0189  (J - Jmin)/span = 0.0028  orbit size 3
  Q (np.int64(1), np.int64(2), np.int64(4)): J(Q) = -2.0166  (J - Jmin)/span = 0.0028  orbit size 24
  k-points within 2% of span above the minimum: 293 of 512
[LSWT] collinear candidates, four-spin terms in Hartree form (E per site, sigma units):
  ferro (0,0,0)   : E_cl +25.60973  E_LSWT +136.81444  UNSTABLE (min w^2 0.00e+00)
  layer (pi,0,0)  : E_cl -0.49596  E_LSWT -1.82369  UNSTABLE (min w^2 -2.11e+01)
  col (pi,pi,0)   : E_cl -0.65992  E_LSWT -0.73272  UNSTABLE (min w^2 -3.87e+01)
  Neel (pi,pi,pi) : E_cl -0.13199  E_LSWT -2.43698  UNSTABLE (min w^2 -6.33e+01)
[VMC] <H>/site (binning error), same rule (J_NN = 1; per-site HS norm mod Casimir = 5.764; divide energies by it for unit-norm units):
  lp:0           -1.68276 +- 0.00012 (9448 samples)
  lp:0.1         -1.68298 +- 0.00020 (3126 samples)   ref - parton = -0.00023 +- 0.00023 (-1.0 sigma)
  neez:0.05      -1.67820 +- 0.00077 (3248 samples)   ref - parton = +0.00456 +- 0.00078 (+5.9 sigma)
  colz:0.1       -1.67825 +- 0.00034 (3165 samples)   ref - parton = +0.00451 +- 0.00036 (+12.5 sigma)
  fs0            -1.43828 +- 0.00179 (3261 samples)   ref - parton = +0.24447 +- 0.00180 (+136.1 sigma)
  vbs            -1.50064 +- 0.00113 (1500 samples)   ref - parton = +0.18211 +- 0.00114 (+159.8 sigma)
0.10 real         0.08 user         0.01 sys
63373312  maximum resident set size
=== fwd51.py 8 rules51_6.npz:B4_inner lp:0,lp:0.1,neez:0.05,colz:0.1,fs0,vbs (1-min load 3.90, free mem 36%) ===
rule rules51_6.npz:B4_inner mapped onto L=8 by class key (19 of 34 classes present)
[LT] lowest q-orbits of J(k) (two-spin part; Q in units of 2pi/L; span max-min = 22.103):
  Q (np.int64(0), np.int64(3), np.int64(4)): J(Q) = -2.8491  (J - Jmin)/span = 0.0000  orbit size 12
  Q (np.int64(1), np.int64(3), np.int64(3)): J(Q) = -2.8026  (J - Jmin)/span = 0.0021  orbit size 24
  Q (np.int64(0), np.int64(4), np.int64(4)): J(Q) = -2.7640  (J - Jmin)/span = 0.0038  orbit size 3
  Q (np.int64(0), np.int64(3), np.int64(3)): J(Q) = -2.7519  (J - Jmin)/span = 0.0044  orbit size 12
  Q (np.int64(2), np.int64(2), np.int64(3)): J(Q) = -2.7318  (J - Jmin)/span = 0.0053  orbit size 24
  Q (np.int64(1), np.int64(3), np.int64(4)): J(Q) = -2.6738  (J - Jmin)/span = 0.0079  orbit size 24
  k-points within 2% of span above the minimum: 135 of 512
[LT fine grid 40^3, infinite lattice] J_min -2.8564 at q/pi = [0.8  0.   1.15]; BZ fraction within 1%: 0.1885, within 5%: 0.4501
[LSWT] collinear candidates, four-spin terms in Hartree form (E per site, sigma units):
  ferro (0,0,0)   : E_cl +13.66368  E_LSWT +84.46468  UNSTABLE (min w^2 0.00e+00)
  layer (pi,0,0)  : E_cl -0.31213  E_LSWT -1.73715  UNSTABLE (min w^2 -6.02e+01)
  col (pi,pi,0)   : E_cl -0.79665  E_LSWT -0.30594  UNSTABLE (min w^2 -2.52e+01)
  Neel (pi,pi,pi) : E_cl +0.29311  E_LSWT -2.95100  UNSTABLE (min w^2 -9.09e+01)
[VMC] <H>/site (binning error), same rule (J_NN = 1; per-site HS norm mod Casimir = 4.771; divide energies by it for unit-norm units):
  lp:0           -1.72385 +- 0.00011 (9448 samples)
  lp:0.1         -1.72397 +- 0.00021 (3126 samples)   ref - parton = -0.00013 +- 0.00024 (-0.5 sigma)
  neez:0.05      -1.72082 +- 0.00044 (3248 samples)   ref - parton = +0.00303 +- 0.00046 (+6.6 sigma)
  colz:0.1       -1.71851 +- 0.00042 (3165 samples)   ref - parton = +0.00534 +- 0.00043 (+12.3 sigma)
  fs0            -1.41094 +- 0.00214 (3261 samples)   ref - parton = +0.31291 +- 0.00214 (+146.1 sigma)
  vbs            -1.49968 +- 0.00130 (1500 samples)   ref - parton = +0.22417 +- 0.00131 (+171.5 sigma)
0.16 real         0.13 user         0.02 sys
92782592  maximum resident set size
